visitor_id,visit_date,channel,campaign,acquisition_cost,stage_reached,deal_value_usd
109106,2026-03-15,Email,Product Drip Campaign,8,SQL,0
108871,2026-05-24,Email,Newsletter,8,Customer,1837
100033,2026-04-15,Organic Search,SEO - Blog,0,Visitor,0
110427,2026-04-13,Direct,Direct/None,0,Visitor,0
108645,2026-04-11,Email,Newsletter,0,Visitor,0
104504,2026-05-16,Paid Search,Google Ads - Generic,0,Visitor,0
100632,2026-02-28,Organic Search,SEO - Blog,0,Visitor,0
111131,2026-04-07,Direct,Direct/None,0,Lead,0
102386,2026-04-28,Organic Search,SEO - Product Pages,0,Visitor,0
106806,2026-02-07,Social Media,Facebook Ads,0,Visitor,0
105563,2026-05-11,Social Media,Facebook Ads,0,Visitor,0
100537,2026-05-05,Organic Search,SEO - Blog,0,Visitor,0
102555,2026-03-31,Organic Search,SEO - Product Pages,0,Visitor,0
102532,2026-04-14,Organic Search,SEO - Product Pages,0,Visitor,0
102479,2026-03-04,Organic Search,SEO - Blog,0,Visitor,0
103347,2026-05-14,Paid Search,Google Ads - Generic,48,Lead,0
111175,2026-05-21,Direct,Unknown / Untagged,0,Visitor,0
111710,2026-05-26,Direct,Direct/None,0,MQL,0
104612,2026-04-16,Paid Search,Google Ads - Generic,0,Visitor,0
100589,2026-06-06,Organic Search,SEO - Blog,0,Visitor,0
102370,2026-05-25,Organic Search,SEO - Product Pages,0,Visitor,0
110221,2026-04-20,Direct,Direct/None,0,Visitor,0
106156,2026-04-27,Social Media,Instagram Ads,0,Visitor,0
102018,2026-02-21,Organic Search,SEO - Blog,0,Visitor,0
100695,2026-03-25,Organic Search,SEO - Blog,0,Visitor,0
105377,2026-06-05,Social Media,LinkedIn Ads,0,Visitor,0
110377,2026-02-23,Direct,Direct/None,0,Visitor,0
106101,2026-03-03,Social Media,LinkedIn Ads,35,SQL,0
108383,2026-05-18,Email,Product Drip Campaign,8,SQL,0
110206,2026-04-07,Direct,Direct/None,0,Visitor,0
109859,2026-03-19,Referral,Customer Referral Program,0,Visitor,0
102588,2026-05-25,Organic Search,SEO - Blog,0,Visitor,0
106891,2026-05-08,Social Media,Facebook Ads,0,Visitor,0
103040,2026-05-19,Paid Search,Google Ads - Brand,0,Visitor,0
100800,2026-05-15,Organic Search,SEO - Blog,0,Visitor,0
107060,2026-06-14,Social Media,Facebook Ads,0,Visitor,0
110009,2026-05-05,Referral,Customer Referral Program,0,Visitor,0
106239,2026-04-09,Social Media,Facebook Ads,0,Visitor,0
100624,2026-02-08,Organic Search,SEO - Product Pages,0,Visitor,0
109046,2026-05-14,Email,Newsletter,8,SQL,0
109772,2026-03-20,Referral,Customer Referral Program,0,Visitor,0
100176,2026-03-17,Organic Search,SEO - Blog,0,Visitor,0
107621,2026-05-03,Social Media,Facebook Ads,0,Visitor,0
107464,2026-03-29,Social Media,Instagram Ads,0,Visitor,0
109462,2026-04-16,Referral,Customer Referral Program,5,Lead,0
102173,2026-05-11,Organic Search,SEO - Blog,0,Visitor,0
106452,2026-02-16,Social Media,Instagram Ads,0,Visitor,0
110440,2026-04-02,Direct,Direct/None,0,Visitor,0
108260,2026-06-09,Email,Newsletter,0,Visitor,0
109371,2026-05-19,Referral,Customer Referral Program,0,Visitor,0
107267,2026-04-25,Social Media,Instagram Ads,0,Visitor,0
105331,2026-03-09,Social Media,Instagram Ads,0,Visitor,0
109646,2026-02-11,Referral,Customer Referral Program,0,Visitor,0
102823,2026-03-23,Organic Search,SEO - Blog,0,Visitor,0
107665,2026-04-12,Social Media,Facebook Ads,0,Visitor,0
105937,2026-01-26,Social Media,Instagram Ads,0,Visitor,0
111979,2026-04-09,Direct,Direct/None,0,Visitor,0
106095,2026-06-08,Social Media,Facebook Ads,0,Visitor,0
106702,2026-04-28,Social Media,Facebook Ads,0,Visitor,0
108140,2026-02-09,Email,Newsletter,8,Lead,0
104835,2026-03-31,Paid Search,Google Ads - Generic,0,Visitor,0
102428,2026-04-19,Organic Search,SEO - Product Pages,0,Visitor,0
101390,2026-04-03,Organic Search,SEO - Blog,0,Visitor,0
103325,2026-05-20,Paid Search,Google Ads - Generic,0,Visitor,0
103985,2026-04-12,Paid Search,Google Ads - Brand,0,Visitor,0
111165,2026-03-24,Direct,Direct/None,0,Visitor,0
108025,2026-03-21,Email,Newsletter,8,SQL,0
103617,2026-02-12,Paid Search,Google Ads - Generic,48,Lead,0
107269,2026-03-20,Social Media,Facebook Ads,35,Lead,0
110129,2026-02-27,Referral,Partner Referral,0,Visitor,0
106758,2026-01-07,Social Media,LinkedIn Ads,0,Visitor,0
107003,2026-03-31,Social Media,LinkedIn Ads,0,Visitor,0
104746,2026-05-02,Paid Search,Google Ads - Generic,0,Visitor,0
108860,2026-02-24,Email,Newsletter,8,Customer,727
111196,2026-06-25,Direct,Direct/None,0,Customer,1123
110940,2026-05-10,Direct,Direct/None,0,Visitor,0
104464,2026-05-16,Paid Search,Google Ads - Generic,48,MQL,0
103415,2026-02-17,Paid Search,Google Ads - Brand,0,Visitor,0
107965,2026-06-12,Email,Newsletter,0,Visitor,0
103573,2026-05-24,Paid Search,Google Ads - Generic,0,Visitor,0
107252,2026-03-28,Social Media,LinkedIn Ads,0,Visitor,0
102171,2026-02-25,Organic Search,SEO - Product Pages,0,Visitor,0
102722,2026-04-03,Organic Search,SEO - Blog,0,Visitor,0
101970,2026-02-28,Organic Search,SEO - Blog,0,Visitor,0
106626,2026-02-18,Social Media,Instagram Ads,0,Visitor,0
104668,2026-03-23,Paid Search,Google Ads - Generic,48,MQL,0
105720,2026-03-08,Social Media,Instagram Ads,0,Visitor,0
110194,2026-03-30,Referral,Partner Referral,0,Visitor,0
111422,2026-02-13,Direct,Direct/None,0,Visitor,0
101594,2026-04-27,Organic Search,SEO - Product Pages,0,Visitor,0
110145,2026-04-18,Referral,Customer Referral Program,5,Lead,0
107350,2026-04-16,Social Media,Instagram Ads,0,Visitor,0
106162,2026-03-15,Social Media,Facebook Ads,0,Visitor,0
101449,2026-05-24,Organic Search,SEO - Product Pages,12,MQL,0
109608,2026-02-23,Referral,Partner Referral,5,Lead,0
108891,2026-03-17,Email,Product Drip Campaign,0,Visitor,0
101590,2026-02-01,Organic Search,SEO - Product Pages,0,Visitor,0
108605,2026-04-03,Email,Product Drip Campaign,8,Lead,0
109016,2026-03-21,Email,Newsletter,0,Visitor,0
108033,2026-04-11,Email,Unknown / Untagged,0,Visitor,0
111953,2026-04-19,Direct,Direct/None,0,Visitor,0
106470,2026-04-30,Social Media,Instagram Ads,0,Visitor,0
106242,2026-03-25,Social Media,LinkedIn Ads,0,Visitor,0
103038,2026-01-19,Paid Search,Google Ads - Generic,48,Lead,0
102702,2026-05-14,Organic Search,SEO - Blog,0,Visitor,0
101141,2026-02-25,Organic Search,SEO - Product Pages,0,Visitor,0
106443,2026-04-02,Social Media,Instagram Ads,35,MQL,0
107249,2026-04-11,Social Media,Instagram Ads,0,Visitor,0
104841,2026-04-07,Paid Search,Google Ads - Generic,0,Visitor,0
103434,2026-04-06,Paid Search,Google Ads - Brand,0,Visitor,0
103039,2026-02-21,Paid Search,Google Ads - Generic,0,Visitor,0
103453,2026-01-31,Paid Search,Google Ads - Brand,0,Visitor,0
107329,2026-05-06,Social Media,LinkedIn Ads,0,Visitor,0
110334,2026-04-30,Direct,Direct/None,0,Visitor,0
100998,2026-02-21,Organic Search,SEO - Blog,0,Visitor,0
101179,2026-04-13,Organic Search,SEO - Blog,0,Visitor,0
110366,2026-04-18,Direct,Direct/None,0,Visitor,0
105578,2026-04-10,Social Media,Instagram Ads,0,Visitor,0
111390,2026-02-24,Direct,Direct/None,0,Visitor,0
104040,2026-04-25,Paid Search,Google Ads - Brand,0,Visitor,0
106322,2026-03-22,Social Media,Instagram Ads,0,Visitor,0
109581,2026-03-30,Referral,Partner Referral,0,Visitor,0
105581,2026-05-21,Social Media,LinkedIn Ads,0,Visitor,0
110793,2026-05-28,Direct,Direct/None,0,Visitor,0
105619,2026-04-09,Social Media,Instagram Ads,0,Visitor,0
108540,2026-05-24,Email,Newsletter,8,SQL,0
102269,2026-02-09,Organic Search,SEO - Product Pages,0,Visitor,0
107809,2026-04-04,Social Media,Facebook Ads,0,Visitor,0
102278,2026-02-28,Organic Search,SEO - Blog,12,Lead,0
104641,2026-06-26,Paid Search,Google Ads - Generic,48,MQL,0
104080,2026-04-27,Paid Search,Google Ads - Brand,0,Visitor,0
108732,2026-05-23,Email,Product Drip Campaign,8,Lead,0
104457,2026-04-02,Paid Search,Google Ads - Brand,48,Lead,0
105107,2026-02-05,Paid Search,Google Ads - Generic,48,MQL,0
107936,2026-04-12,Email,Newsletter,0,Visitor,0
102786,2026-06-01,Organic Search,SEO - Blog,0,Visitor,0
105540,2026-04-24,Social Media,Unknown / Untagged,0,Visitor,0
102258,2026-04-25,Organic Search,SEO - Product Pages,0,Visitor,0
110930,2026-04-08,Direct,Direct/None,0,Lead,0
110754,2026-04-03,Direct,Direct/None,0,Visitor,0
106893,2026-04-09,Social Media,Instagram Ads,0,Visitor,0
109059,2026-04-25,Email,Newsletter,0,Visitor,0
109404,2026-03-16,Referral,Partner Referral,0,Visitor,0
104437,2026-01-18,Paid Search,Google Ads - Brand,0,Visitor,0
102929,2026-04-07,Paid Search,Google Ads - Brand,48,MQL,0
102342,2026-04-21,Organic Search,SEO - Blog,0,Visitor,0
109941,2026-03-17,Referral,Partner Referral,0,Visitor,0
102106,2026-05-04,Organic Search,SEO - Product Pages,0,Visitor,0
110121,2026-03-06,Referral,Customer Referral Program,5,SQL,0
105410,2026-01-26,Social Media,LinkedIn Ads,0,Visitor,0
105777,2026-05-08,Social Media,LinkedIn Ads,35,Lead,0
104857,2026-06-15,Paid Search,Google Ads - Brand,0,Visitor,0
104273,2026-02-15,Paid Search,Google Ads - Brand,0,Visitor,0
109514,2026-04-26,Referral,Customer Referral Program,0,Visitor,0
105213,2026-03-14,Paid Search,Google Ads - Brand,0,Visitor,0
103827,2026-03-03,Paid Search,Google Ads - Brand,0,Visitor,0
105768,2026-03-20,Social Media,LinkedIn Ads,0,Visitor,0
102632,2026-03-24,Organic Search,SEO - Blog,0,Visitor,0
105936,2026-05-29,Social Media,Instagram Ads,0,Visitor,0
108582,2026-02-21,Email,Newsletter,0,Visitor,0
106249,2026-04-01,Social Media,Instagram Ads,0,Visitor,0
107132,2026-04-15,Social Media,LinkedIn Ads,0,Visitor,0
109152,2026-05-20,Referral,Partner Referral,0,Visitor,0
104285,2026-02-07,Paid Search,Google Ads - Brand,0,Visitor,0
108754,2026-02-14,Email,Newsletter,0,Visitor,0
106585,2026-04-08,Social Media,Facebook Ads,0,Visitor,0
104025,2026-02-17,Paid Search,Google Ads - Brand,0,Visitor,0
108256,2026-04-10,Email,Newsletter,8,Lead,0
111920,2026-05-06,Direct,Direct/None,0,Lead,0
108982,2026-03-19,Email,Product Drip Campaign,0,Visitor,0
101997,2026-02-16,Organic Search,SEO - Blog,0,Visitor,0
106047,2026-04-30,Social Media,Instagram Ads,0,Visitor,0
103472,2026-02-07,Paid Search,Google Ads - Brand,0,Visitor,0
104935,2026-05-16,Paid Search,Google Ads - Generic,48,SQL,0
107042,2026-05-17,Social Media,LinkedIn Ads,0,Visitor,0
102642,2026-04-11,Organic Search,SEO - Product Pages,12,Lead,0
109469,2026-03-29,Referral,Customer Referral Program,0,Visitor,0
106810,2026-05-25,Social Media,LinkedIn Ads,0,Visitor,0
109420,2026-05-03,Referral,Partner Referral,0,Visitor,0
103178,2026-04-14,Paid Search,Google Ads - Generic,0,Visitor,0
101885,2026-05-26,Organic Search,SEO - Product Pages,0,Visitor,0
108542,2026-05-09,Email,Newsletter,8,MQL,0
111782,2026-03-01,Direct,Direct/None,0,Lead,0
104796,2026-03-04,Paid Search,Google Ads - Generic,0,Visitor,0
110096,2026-04-02,Referral,Customer Referral Program,0,Visitor,0
103680,2026-04-13,Paid Search,Google Ads - Generic,48,Lead,0
110402,2026-03-25,Direct,Direct/None,0,Visitor,0
109662,2026-06-09,Referral,Partner Referral,5,MQL,0
103169,2026-04-21,Paid Search,Google Ads - Brand,0,Visitor,0
111148,2026-06-02,Direct,Direct/None,0,Visitor,0
111825,2026-04-24,Direct,Direct/None,0,SQL,0
110551,2026-04-20,Direct,Direct/None,0,Lead,0
109006,2026-04-12,Email,Newsletter,8,MQL,0
108172,2026-03-08,Email,Product Drip Campaign,8,MQL,0
104284,2026-03-08,Paid Search,Google Ads - Generic,48,Lead,0
111029,2026-01-10,Direct,Direct/None,0,Visitor,0
102409,2026-04-13,Organic Search,SEO - Product Pages,0,Visitor,0
102706,2026-02-15,Organic Search,SEO - Product Pages,0,Visitor,0
100022,2026-04-16,Organic Search,SEO - Product Pages,12,Customer,1192
107934,2026-02-12,Email,Newsletter,0,Visitor,0
102864,2026-04-04,Organic Search,SEO - Product Pages,0,Visitor,0
110012,2026-05-27,Referral,Partner Referral,0,Visitor,0
110500,2026-04-18,Direct,Direct/None,0,Visitor,0
105434,2026-01-21,Social Media,Instagram Ads,0,Visitor,0
105437,2026-06-14,Social Media,Facebook Ads,0,Visitor,0
101874,2026-04-23,Organic Search,SEO - Product Pages,0,Visitor,0
100192,2026-02-05,Organic Search,SEO - Blog,0,Visitor,0
104950,2026-05-03,Paid Search,Google Ads - Brand,0,Visitor,0
108966,2026-05-03,Email,Newsletter,0,Visitor,0
109475,2026-02-09,Referral,Customer Referral Program,5,Lead,0
100411,2026-02-08,Organic Search,SEO - Blog,12,Lead,0
106487,2026-02-03,Social Media,LinkedIn Ads,0,Visitor,0
108648,2026-03-06,Email,Product Drip Campaign,8,MQL,0
107520,2026-05-11,Social Media,Facebook Ads,0,Visitor,0
111784,2026-05-16,Direct,Direct/None,0,Visitor,0
110291,2026-02-28,Direct,Direct/None,0,Visitor,0
101290,2026-02-18,Organic Search,SEO - Blog,0,Visitor,0
101731,2026-02-08,Organic Search,SEO - Blog,0,Visitor,0
101277,2026-03-18,Organic Search,SEO - Product Pages,0,Visitor,0
102025,2026-03-02,Organic Search,SEO - Product Pages,0,Visitor,0
100673,2026-06-15,Organic Search,SEO - Product Pages,0,Visitor,0
108525,2026-02-07,Email,Product Drip Campaign,0,Visitor,0
107045,2026-02-25,Social Media,Facebook Ads,0,Visitor,0
102515,2026-05-10,Organic Search,SEO - Blog,0,Visitor,0
105923,2026-04-13,Social Media,Instagram Ads,0,Visitor,0
111074,2026-04-05,Direct,Direct/None,0,Lead,0
101243,2026-04-23,Organic Search,SEO - Blog,0,Visitor,0
105526,2026-04-24,Social Media,Instagram Ads,0,Visitor,0
108156,2026-01-10,Email,Newsletter,0,Visitor,0
111955,2026-02-27,Direct,Direct/None,0,Lead,0
100940,2026-05-26,Organic Search,SEO - Blog,0,Visitor,0
106173,2026-04-21,Social Media,LinkedIn Ads,0,Visitor,0
107406,2026-02-14,Social Media,Instagram Ads,0,Visitor,0
101897,2026-05-07,Organic Search,SEO - Blog,0,Visitor,0
102757,2026-04-12,Organic Search,SEO - Blog,0,Visitor,0
110311,2026-05-11,Direct,Direct/None,0,Visitor,0
101236,2026-03-31,Organic Search,SEO - Blog,0,Visitor,0
108200,2026-03-21,Email,Newsletter,8,SQL,0
100718,2026-04-21,Organic Search,SEO - Product Pages,0,Visitor,0
111794,2026-06-01,Direct,Direct/None,0,Visitor,0
107046,2026-04-16,Social Media,Instagram Ads,0,Visitor,0
108403,2026-01-26,Email,Newsletter,0,Visitor,0
111934,2026-04-26,Direct,Direct/None,0,SQL,0
100676,2026-02-24,Organic Search,SEO - Product Pages,0,Visitor,0
106595,2026-03-20,Social Media,LinkedIn Ads,0,Visitor,0
109167,2026-02-08,Referral,Partner Referral,0,Visitor,0
109102,2026-06-14,Email,Product Drip Campaign,0,Visitor,0
101396,2026-04-11,Organic Search,SEO - Product Pages,0,Visitor,0
110103,2026-04-25,Referral,Customer Referral Program,0,Visitor,0
100414,2026-05-19,Organic Search,SEO - Blog,0,Visitor,0
104596,2026-03-30,Paid Search,Google Ads - Brand,0,Visitor,0
107683,2026-04-30,Social Media,LinkedIn Ads,0,Visitor,0
106527,2026-04-13,Social Media,LinkedIn Ads,0,Visitor,0
111447,2026-03-27,Direct,Direct/None,0,Visitor,0
104033,2026-02-20,Paid Search,Google Ads - Brand,0,Visitor,0
105894,2026-03-31,Social Media,LinkedIn Ads,0,Visitor,0
110768,2026-05-07,Direct,Direct/None,0,Visitor,0
101761,2026-03-23,Organic Search,SEO - Blog,0,Visitor,0
106704,2026-04-25,Social Media,LinkedIn Ads,35,MQL,0
101441,2026-03-29,Organic Search,SEO - Product Pages,0,Visitor,0
100092,2026-04-08,Organic Search,SEO - Product Pages,0,Visitor,0
101764,2026-02-11,Organic Search,SEO - Blog,12,Customer,452
103507,2026-04-12,Paid Search,Google Ads - Generic,0,Visitor,0
105905,2026-02-13,Social Media,Unknown / Untagged,0,Visitor,0
103649,2026-06-12,Paid Search,Google Ads - Generic,0,Visitor,0
104949,2026-05-08,Paid Search,Google Ads - Brand,48,Lead,0
102193,2026-03-04,Organic Search,SEO - Product Pages,0,Visitor,0
105845,2026-04-25,Social Media,Instagram Ads,0,Visitor,0
109994,2026-02-02,Referral,Partner Referral,5,Lead,0
102560,2026-03-03,Organic Search,SEO - Blog,0,Visitor,0
109880,2026-03-16,Referral,Partner Referral,0,Visitor,0
106995,2026-04-25,Social Media,LinkedIn Ads,0,Visitor,0
100390,2026-05-09,Organic Search,SEO - Blog,12,MQL,0
104071,2026-04-01,Paid Search,Google Ads - Generic,0,Visitor,0
107027,2026-02-17,Social Media,LinkedIn Ads,0,Visitor,0
110736,2026-04-23,Direct,Direct/None,0,Visitor,0
105435,2026-03-31,Social Media,Facebook Ads,0,Visitor,0
109245,2026-01-24,Referral,Partner Referral,0,Visitor,0
106194,2026-04-01,Social Media,LinkedIn Ads,0,Visitor,0
109062,2026-03-19,Email,Newsletter,8,Lead,0
100095,2026-06-18,Organic Search,SEO - Product Pages,0,Visitor,0
109207,2026-02-09,Referral,Customer Referral Program,0,Visitor,0
102044,2026-01-31,Organic Search,SEO - Blog,0,Visitor,0
104155,2026-04-30,Paid Search,Google Ads - Brand,0,Visitor,0
108450,2026-05-28,Email,Newsletter,0,Visitor,0
100066,2026-04-28,Organic Search,SEO - Blog,0,Visitor,0
103319,2026-06-02,Paid Search,Google Ads - Generic,0,Visitor,0
100248,2026-05-01,Organic Search,SEO - Product Pages,0,Visitor,0
101987,2026-02-09,Organic Search,SEO - Product Pages,0,Visitor,0
109082,2026-04-19,Email,Newsletter,8,Customer,1308
104095,2026-01-25,Paid Search,Google Ads - Brand,0,Visitor,0
109834,2026-05-07,Referral,Customer Referral Program,5,Lead,0
100276,2026-04-16,Organic Search,SEO - Blog,12,SQL,0
111162,2026-03-25,Direct,Direct/None,0,Visitor,0
100602,2026-06-02,Organic Search,SEO - Product Pages,0,Visitor,0
104402,2026-02-18,Paid Search,Google Ads - Brand,48,MQL,0
111135,2026-05-05,Direct,Direct/None,0,Lead,0
102347,2026-01-14,Organic Search,SEO - Blog,0,Visitor,0
105570,2026-02-10,Social Media,Facebook Ads,0,Visitor,0
106568,2026-03-09,Social Media,Instagram Ads,0,Visitor,0
107694,2026-04-13,Social Media,Instagram Ads,0,Visitor,0
107586,2026-03-13,Social Media,LinkedIn Ads,0,Visitor,0
110983,2026-05-13,Direct,Direct/None,0,Visitor,0
101832,2026-06-14,Organic Search,SEO - Blog,12,SQL,0
102035,2026-06-08,Organic Search,SEO - Product Pages,0,Visitor,0
111805,2026-04-26,Direct,Direct/None,0,Visitor,0
100972,2026-04-03,Organic Search,SEO - Product Pages,0,Visitor,0
105523,2026-03-09,Social Media,Facebook Ads,0,Visitor,0
111245,2026-03-23,Direct,Direct/None,0,Visitor,0
102468,2026-01-10,Organic Search,SEO - Product Pages,0,Visitor,0
109817,2026-04-22,Referral,Partner Referral,0,Visitor,0
110411,2026-05-11,Direct,Direct/None,0,Visitor,0
104913,2026-04-12,Paid Search,Google Ads - Brand,0,Visitor,0
102739,2026-06-15,Organic Search,SEO - Product Pages,0,Visitor,0
109927,2026-04-25,Referral,Customer Referral Program,5,Lead,0
106490,2026-05-29,Social Media,Instagram Ads,0,Visitor,0
105423,2026-04-04,Social Media,LinkedIn Ads,35,Lead,0
101904,2026-06-01,Organic Search,SEO - Blog,12,Lead,0
101770,2026-02-09,Organic Search,SEO - Blog,0,Visitor,0
101024,2026-01-24,Organic Search,SEO - Blog,0,Visitor,0
106014,2026-04-07,Social Media,Instagram Ads,0,Visitor,0
102806,2026-06-05,Organic Search,SEO - Product Pages,0,Visitor,0
109651,2026-02-20,Referral,Partner Referral,5,Customer,1329
101623,2026-05-24,Organic Search,SEO - Product Pages,0,Visitor,0
104933,2026-03-27,Paid Search,Google Ads - Generic,0,Visitor,0
102255,2026-05-13,Organic Search,SEO - Blog,0,Visitor,0
110849,2026-05-15,Direct,Direct/None,0,Visitor,0
105046,2026-05-05,Paid Search,Google Ads - Generic,0,Visitor,0
108929,2026-04-04,Email,Product Drip Campaign,0,Visitor,0
105487,2026-05-26,Social Media,Instagram Ads,0,Visitor,0
102125,2026-04-11,Organic Search,SEO - Blog,12,Lead,0
109278,2026-05-16,Referral,Partner Referral,5,Lead,0
100663,2026-02-19,Organic Search,SEO - Blog,12,Lead,0
100864,2026-04-18,Organic Search,SEO - Blog,0,Visitor,0
106039,2026-03-17,Social Media,Unknown / Untagged,0,Visitor,0
100308,2026-03-29,Organic Search,SEO - Blog,0,Visitor,0
102601,2026-05-18,Organic Search,SEO - Product Pages,0,Visitor,0
106274,2026-02-10,Social Media,LinkedIn Ads,0,Visitor,0
100510,2026-04-19,Organic Search,SEO - Blog,0,Visitor,0
106288,2026-04-02,Social Media,Facebook Ads,0,Visitor,0
100907,2026-05-10,Organic Search,SEO - Product Pages,0,Visitor,0
108612,2026-02-08,Email,Product Drip Campaign,8,Lead,0
101945,2026-05-02,Organic Search,SEO - Product Pages,12,Lead,0
106853,2026-05-08,Social Media,Facebook Ads,0,Visitor,0
100068,2026-03-13,Organic Search,SEO - Blog,12,Lead,0
103160,2026-04-17,Paid Search,Google Ads - Brand,0,Visitor,0
104151,2026-02-22,Paid Search,Google Ads - Generic,0,Visitor,0
110650,2026-01-25,Direct,Direct/None,0,Visitor,0
108276,2026-04-24,Email,Product Drip Campaign,0,Visitor,0
103078,2026-05-04,Paid Search,Google Ads - Generic,48,Lead,0
100923,2026-06-13,Organic Search,SEO - Blog,0,Visitor,0
110840,2026-06-12,Direct,Direct/None,0,Visitor,0
111178,2026-04-23,Direct,Direct/None,0,SQL,0
108771,2026-05-16,Email,Product Drip Campaign,0,Visitor,0
107794,2026-04-05,Social Media,Instagram Ads,0,Visitor,0
111698,2026-03-04,Direct,Direct/None,0,Visitor,0
100707,2026-04-01,Organic Search,SEO - Product Pages,0,Visitor,0
101193,2026-05-01,Organic Search,SEO - Product Pages,0,Visitor,0
110483,2026-03-06,Direct,Direct/None,0,Visitor,0
111320,2026-05-17,Direct,Direct/None,0,Visitor,0
101782,2026-05-09,Organic Search,SEO - Product Pages,0,Visitor,0
106976,2026-03-31,Social Media,LinkedIn Ads,0,Visitor,0
103074,2026-02-23,Paid Search,Google Ads - Generic,0,Visitor,0
111828,2026-03-22,Direct,Direct/None,0,Lead,0
103978,2026-02-25,Paid Search,Google Ads - Brand,0,Visitor,0
107690,2026-04-26,Social Media,LinkedIn Ads,0,Visitor,0
102505,2026-05-31,Organic Search,SEO - Product Pages,0,Visitor,0
108830,2026-05-27,Email,Newsletter,0,Visitor,0
103682,2026-03-26,Paid Search,Google Ads - Generic,0,Visitor,0
100753,2026-04-13,Organic Search,SEO - Product Pages,0,Visitor,0
104975,2026-05-12,Paid Search,Google Ads - Generic,48,MQL,0
102908,2026-03-03,Paid Search,Google Ads - Generic,0,Visitor,0
104237,2026-05-13,Paid Search,Google Ads - Generic,48,Lead,0
111013,2026-06-08,Direct,Direct/None,0,Visitor,0
106509,2026-05-11,Social Media,Instagram Ads,0,Visitor,0
101151,2026-05-20,Organic Search,SEO - Blog,0,Visitor,0
108622,2026-01-22,Email,Product Drip Campaign,0,Visitor,0
107330,2026-05-11,Social Media,LinkedIn Ads,0,Visitor,0
102261,2026-03-28,Organic Search,SEO - Product Pages,0,Visitor,0
102314,2026-02-22,Organic Search,SEO - Product Pages,0,Visitor,0
102787,2026-04-21,Organic Search,SEO - Product Pages,0,Visitor,0
101593,2026-05-07,Organic Search,SEO - Blog,0,Visitor,0
102456,2026-04-10,Organic Search,SEO - Product Pages,12,MQL,0
109928,2026-02-20,Referral,Customer Referral Program,5,Customer,1611
104027,2026-05-12,Paid Search,Google Ads - Generic,48,MQL,0
103878,2026-03-31,Paid Search,Google Ads - Generic,0,Visitor,0
111155,2026-02-09,Direct,Direct/None,0,Visitor,0
103326,2026-02-11,Paid Search,Google Ads - Brand,0,Visitor,0
101560,2026-05-26,Organic Search,SEO - Product Pages,12,Lead,0
103377,2026-01-30,Paid Search,Google Ads - Brand,0,Visitor,0
106153,2026-05-25,Social Media,Facebook Ads,0,Visitor,0
105841,2026-02-26,Social Media,Facebook Ads,0,Visitor,0
101819,2026-04-11,Organic Search,SEO - Product Pages,0,Visitor,0
102238,2026-02-25,Organic Search,SEO - Product Pages,0,Visitor,0
104896,2026-02-19,Paid Search,Google Ads - Brand,0,Visitor,0
104351,2026-04-17,Paid Search,Google Ads - Generic,0,Visitor,0
103899,2026-02-08,Paid Search,Google Ads - Generic,48,MQL,0
106233,2026-04-22,Social Media,Instagram Ads,0,Visitor,0
105220,2026-04-28,Paid Search,Google Ads - Brand,0,Visitor,0
101858,2026-03-12,Organic Search,SEO - Blog,0,Visitor,0
102678,2026-03-19,Organic Search,Unknown / Untagged,0,Visitor,0
104105,2026-03-31,Paid Search,Google Ads - Generic,48,MQL,0
105305,2026-04-25,Social Media,LinkedIn Ads,0,Visitor,0
104560,2026-05-04,Paid Search,Google Ads - Brand,0,Visitor,0
106148,2026-03-28,Social Media,Facebook Ads,0,Visitor,0
106343,2026-03-15,Social Media,LinkedIn Ads,35,MQL,0
108974,2026-04-09,Email,Product Drip Campaign,0,Visitor,0
103369,2026-04-17,Paid Search,Google Ads - Brand,0,Visitor,0
101443,2026-05-05,Organic Search,SEO - Product Pages,0,Visitor,0
103627,2026-03-29,Paid Search,Google Ads - Generic,48,Lead,0
105452,2026-04-04,Social Media,LinkedIn Ads,0,Visitor,0
101902,2026-02-09,Organic Search,SEO - Blog,0,Visitor,0
108707,2026-04-18,Email,Product Drip Campaign,0,Visitor,0
101685,2026-04-26,Organic Search,SEO - Product Pages,0,Visitor,0
106091,2026-04-22,Social Media,Facebook Ads,0,Visitor,0
102657,2026-03-18,Organic Search,SEO - Blog,0,Visitor,0
103997,2026-03-21,Paid Search,Google Ads - Generic,0,Visitor,0
100922,2026-05-15,Organic Search,SEO - Blog,0,Visitor,0
109939,2026-04-26,Referral,Partner Referral,0,Visitor,0
102122,2026-03-01,Organic Search,SEO - Blog,0,Visitor,0
107509,2026-04-28,Social Media,Instagram Ads,35,SQL,0
111564,2026-05-22,Direct,Direct/None,0,Lead,0
106809,2026-06-04,Social Media,Instagram Ads,0,Visitor,0
109683,2026-03-05,Referral,Partner Referral,0,Visitor,0
106546,2026-04-04,Social Media,LinkedIn Ads,35,Lead,0
105032,2026-04-05,Paid Search,Google Ads - Generic,48,SQL,0
111114,2026-05-07,Direct,Direct/None,0,Visitor,0
101530,2026-02-15,Organic Search,SEO - Product Pages,0,Visitor,0
102884,2026-06-02,Paid Search,Google Ads - Generic,0,Visitor,0
102610,2026-04-02,Organic Search,SEO - Blog,0,Visitor,0
100038,2026-04-13,Organic Search,SEO - Blog,0,Visitor,0
104936,2026-05-05,Paid Search,Google Ads - Brand,0,Visitor,0
100090,2026-06-14,Organic Search,SEO - Product Pages,0,Visitor,0
102953,2026-04-21,Paid Search,Google Ads - Generic,48,MQL,0
110200,2026-02-20,Referral,Partner Referral,0,Visitor,0
106593,2026-04-28,Social Media,Instagram Ads,0,Visitor,0
105513,2026-04-12,Social Media,LinkedIn Ads,0,Visitor,0
104505,2026-01-13,Paid Search,Google Ads - Generic,0,Visitor,0
105210,2026-02-27,Paid Search,Google Ads - Generic,48,Lead,0
105875,2026-04-12,Social Media,LinkedIn Ads,35,Lead,0
102710,2026-05-12,Organic Search,SEO - Product Pages,0,Visitor,0
110861,2026-03-23,Direct,Direct/None,0,Customer,711
110102,2026-06-09,Referral,Customer Referral Program,0,Visitor,0
100843,2026-02-07,Organic Search,SEO - Product Pages,0,Visitor,0
111681,2026-03-30,Direct,Direct/None,0,Visitor,0
104001,2026-03-08,Paid Search,Google Ads - Brand,0,Visitor,0
103273,2026-05-02,Paid Search,Google Ads - Brand,0,Visitor,0
109381,2026-03-08,Referral,Customer Referral Program,0,Visitor,0
102289,2026-05-23,Organic Search,SEO - Blog,0,Visitor,0
110414,2026-04-02,Direct,Direct/None,0,Visitor,0
105740,2026-03-14,Social Media,LinkedIn Ads,0,Visitor,0
106345,2026-03-17,Social Media,LinkedIn Ads,0,Visitor,0
110962,2026-04-27,Direct,Direct/None,0,Visitor,0
101197,2026-04-14,Organic Search,SEO - Blog,0,Visitor,0
104918,2026-03-12,Paid Search,Google Ads - Generic,0,Visitor,0
109078,2026-06-12,Email,Newsletter,0,Visitor,0
101471,2026-01-30,Organic Search,SEO - Blog,0,Visitor,0
109631,2026-04-11,Referral,Partner Referral,5,SQL,0
105824,2026-04-04,Social Media,Facebook Ads,0,Visitor,0
101429,2026-03-19,Organic Search,SEO - Product Pages,0,Visitor,0
100067,2026-05-12,Organic Search,SEO - Blog,0,Visitor,0
106050,2026-04-16,Social Media,LinkedIn Ads,0,Visitor,0
105057,2026-03-05,Paid Search,Google Ads - Brand,0,Visitor,0
105794,2026-04-18,Social Media,LinkedIn Ads,0,Visitor,0
104775,2026-05-14,Paid Search,Google Ads - Brand,0,Visitor,0
102843,2026-04-29,Organic Search,SEO - Product Pages,12,SQL,0
110656,2026-02-22,Direct,Direct/None,0,Visitor,0
102432,2026-02-21,Organic Search,SEO - Blog,0,Visitor,0
109623,2026-05-18,Referral,Customer Referral Program,0,Visitor,0
109769,2026-03-24,Referral,Customer Referral Program,5,Lead,0
106350,2026-04-26,Social Media,LinkedIn Ads,0,Visitor,0
110108,2026-04-28,Referral,Partner Referral,5,Customer,1467
111557,2026-06-02,Direct,Direct/None,0,Visitor,0
111112,2026-03-20,Direct,Direct/None,0,Visitor,0
105225,2026-03-25,Paid Search,Google Ads - Brand,0,Visitor,0
105771,2026-05-03,Social Media,Facebook Ads,0,Visitor,0
103156,2026-03-09,Paid Search,Google Ads - Generic,0,Visitor,0
101830,2026-05-16,Organic Search,SEO - Product Pages,0,Visitor,0
111111,2026-04-11,Direct,Direct/None,0,Visitor,0
102802,2026-04-25,Organic Search,SEO - Blog,12,MQL,0
105461,2026-04-11,Social Media,Instagram Ads,0,Visitor,0
110356,2026-02-04,Direct,Direct/None,0,Visitor,0
110327,2026-05-03,Direct,Direct/None,0,SQL,0
107954,2026-03-16,Email,Newsletter,0,Visitor,0
107723,2026-04-09,Social Media,LinkedIn Ads,0,Visitor,0
108268,2026-04-24,Email,Newsletter,0,Visitor,0
101873,2026-03-01,Organic Search,SEO - Blog,0,Visitor,0
103222,2026-04-27,Paid Search,Google Ads - Brand,0,Visitor,0
101932,2026-05-09,Organic Search,SEO - Blog,0,Visitor,0
106199,2026-04-01,Social Media,LinkedIn Ads,0,Visitor,0
108915,2026-04-29,Email,Product Drip Campaign,0,Visitor,0
108788,2026-04-04,Email,Newsletter,0,Visitor,0
110583,2026-02-05,Direct,Direct/None,0,Visitor,0
110299,2026-05-23,Direct,Direct/None,0,Visitor,0
107541,2026-04-16,Social Media,Instagram Ads,0,Visitor,0
103712,2026-02-22,Paid Search,Google Ads - Brand,0,Visitor,0
108250,2026-06-10,Email,Product Drip Campaign,0,Visitor,0
103332,2026-04-08,Paid Search,Google Ads - Brand,0,Visitor,0
108755,2026-05-04,Email,Newsletter,0,Visitor,0
107631,2026-03-19,Social Media,Instagram Ads,0,Visitor,0
107108,2026-03-21,Social Media,LinkedIn Ads,0,Visitor,0
110844,2026-05-08,Direct,Direct/None,0,Visitor,0
100836,2026-03-12,Organic Search,SEO - Blog,0,Visitor,0
111056,2026-03-18,Direct,Direct/None,0,Visitor,0
106420,2026-02-19,Social Media,Instagram Ads,0,Visitor,0
105118,2026-04-21,Paid Search,Google Ads - Brand,0,Visitor,0
111212,2026-01-28,Direct,Direct/None,0,Visitor,0
109979,2026-04-22,Referral,Partner Referral,5,Customer,1605
104574,2026-04-13,Paid Search,Google Ads - Generic,0,Visitor,0
103709,2026-05-07,Paid Search,Google Ads - Brand,0,Visitor,0
105834,2026-04-03,Social Media,Instagram Ads,0,Visitor,0
106369,2026-04-30,Social Media,Facebook Ads,0,Visitor,0
111189,2026-05-25,Direct,Direct/None,0,Visitor,0
109615,2026-03-16,Referral,Partner Referral,0,Visitor,0
108937,2026-04-18,Email,Newsletter,8,Customer,1921
108777,2026-02-01,Email,Newsletter,0,Visitor,0
110023,2026-03-12,Referral,Partner Referral,5,Lead,0
109206,2026-04-17,Referral,Partner Referral,5,MQL,0
101303,2026-02-28,Organic Search,SEO - Blog,12,MQL,0
108637,2026-05-24,Email,Newsletter,0,Visitor,0
104571,2026-05-17,Paid Search,Google Ads - Brand,0,Visitor,0
111020,2026-03-27,Direct,Direct/None,0,Visitor,0
106523,2026-02-13,Social Media,Facebook Ads,0,Visitor,0
106002,2026-01-28,Social Media,Facebook Ads,35,Lead,0
101399,2026-05-22,Organic Search,SEO - Product Pages,0,Visitor,0
101930,2026-01-24,Organic Search,SEO - Blog,0,Visitor,0
105446,2026-04-21,Social Media,Instagram Ads,35,Lead,0
100886,2026-05-01,Organic Search,SEO - Product Pages,12,MQL,0
110626,2026-04-14,Direct,Direct/None,0,Visitor,0
106510,2026-04-10,Social Media,Instagram Ads,35,MQL,0
110100,2026-04-08,Referral,Customer Referral Program,0,Visitor,0
103193,2026-02-25,Paid Search,Google Ads - Brand,48,Lead,0
100698,2026-02-02,Organic Search,SEO - Product Pages,0,Visitor,0
105341,2026-05-03,Social Media,Facebook Ads,0,Visitor,0
108694,2026-04-05,Email,Product Drip Campaign,0,Visitor,0
110109,2026-03-31,Referral,Partner Referral,0,Visitor,0
111276,2026-03-07,Direct,Direct/None,0,SQL,0
103624,2026-03-16,Paid Search,Google Ads - Generic,0,Visitor,0
103353,2026-02-08,Paid Search,Google Ads - Generic,0,Visitor,0
110142,2026-04-13,Referral,Partner Referral,0,Visitor,0
105733,2026-03-02,Social Media,Instagram Ads,0,Visitor,0
108803,2026-05-04,Email,Newsletter,0,Visitor,0
103846,2026-02-17,Paid Search,Google Ads - Generic,0,Visitor,0
100554,2026-04-17,Organic Search,SEO - Product Pages,0,Visitor,0
104712,2026-04-19,Paid Search,Google Ads - Generic,0,Visitor,0
101176,2026-05-17,Organic Search,SEO - Blog,0,Visitor,0
103568,2026-04-25,Paid Search,Google Ads - Generic,0,Visitor,0
106729,2026-05-29,Social Media,Instagram Ads,35,Lead,0
105008,2026-03-06,Paid Search,Google Ads - Brand,0,Visitor,0
109780,2026-05-01,Referral,Customer Referral Program,5,MQL,0
111804,2026-06-07,Direct,Direct/None,0,Visitor,0
103884,2026-03-11,Paid Search,Google Ads - Brand,0,Visitor,0
103951,2026-04-10,Paid Search,Google Ads - Brand,0,Visitor,0
105522,2026-03-02,Social Media,Instagram Ads,0,Visitor,0
108016,2026-04-27,Email,Product Drip Campaign,0,Visitor,0
106499,2026-04-01,Social Media,Instagram Ads,35,Lead,0
106699,2026-05-03,Social Media,LinkedIn Ads,0,Visitor,0
104808,2026-04-24,Paid Search,Google Ads - Generic,0,Visitor,0
106431,2026-01-05,Social Media,Facebook Ads,0,Visitor,0
104884,2026-02-22,Paid Search,Google Ads - Brand,0,Visitor,0
110013,2026-03-27,Referral,Partner Referral,5,Customer,1350
107551,2026-05-26,Social Media,LinkedIn Ads,0,Visitor,0
104581,2026-04-25,Paid Search,Google Ads - Generic,48,Lead,0
111205,2026-04-26,Direct,Direct/None,0,Visitor,0
100379,2026-01-21,Organic Search,SEO - Blog,0,Visitor,0
108018,2026-02-08,Email,Newsletter,0,Visitor,0
104850,2026-04-13,Paid Search,Google Ads - Generic,0,Visitor,0
102585,2026-02-16,Organic Search,SEO - Blog,0,Visitor,0
109815,2026-06-08,Referral,Customer Referral Program,5,Customer,1044
109068,2026-03-27,Email,Product Drip Campaign,0,Visitor,0
105641,2026-04-18,Social Media,Facebook Ads,0,Visitor,0
106154,2026-01-12,Social Media,Instagram Ads,0,Visitor,0
109267,2026-03-17,Referral,Partner Referral,0,Visitor,0
101544,2026-05-21,Organic Search,SEO - Blog,12,MQL,0
103406,2026-06-13,Paid Search,Google Ads - Generic,0,Visitor,0
103853,2026-03-23,Paid Search,Google Ads - Brand,0,Visitor,0
105622,2026-05-23,Social Media,LinkedIn Ads,0,Visitor,0
111035,2026-05-28,Direct,Direct/None,0,MQL,0
102716,2026-03-31,Organic Search,SEO - Product Pages,0,Visitor,0
108580,2026-02-15,Email,Newsletter,8,Lead,0
106215,2026-05-25,Social Media,Instagram Ads,35,Lead,0
109566,2026-04-02,Referral,Partner Referral,0,Visitor,0
102684,2026-06-06,Organic Search,SEO - Blog,0,Visitor,0
103499,2026-01-20,Paid Search,Google Ads - Brand,0,Visitor,0
105938,2026-04-10,Social Media,Instagram Ads,0,Visitor,0
103386,2026-03-16,Paid Search,Google Ads - Brand,0,Visitor,0
102978,2026-05-30,Paid Search,Google Ads - Brand,0,Visitor,0
111360,2026-06-15,Direct,Direct/None,0,Visitor,0
107840,2026-05-29,Social Media,Facebook Ads,0,Visitor,0
110872,2026-04-10,Direct,Direct/None,0,Visitor,0
102968,2026-05-09,Paid Search,Google Ads - Brand,0,Visitor,0
103677,2026-02-13,Paid Search,Google Ads - Generic,0,Visitor,0
108222,2026-05-25,Email,Newsletter,8,Lead,0
103753,2026-03-20,Paid Search,Google Ads - Generic,0,Visitor,0
100763,2026-06-15,Organic Search,SEO - Blog,0,Visitor,0
110632,2026-03-07,Direct,Direct/None,0,Visitor,0
100159,2026-04-29,Organic Search,SEO - Blog,0,Visitor,0
110233,2026-04-29,Direct,Direct/None,0,Visitor,0
106614,2026-03-21,Social Media,LinkedIn Ads,0,Visitor,0
105707,2026-03-13,Social Media,LinkedIn Ads,0,Visitor,0
106531,2026-05-15,Social Media,Facebook Ads,0,Visitor,0
107679,2026-05-21,Social Media,LinkedIn Ads,0,Visitor,0
110722,2026-04-24,Direct,Direct/None,0,Visitor,0
106115,2026-05-09,Social Media,Facebook Ads,0,Visitor,0
110823,2026-01-23,Direct,Direct/None,0,Visitor,0
107110,2026-01-21,Social Media,Instagram Ads,0,Visitor,0
107456,2026-04-14,Social Media,Instagram Ads,0,Visitor,0
107467,2026-05-07,Social Media,Unknown / Untagged,0,Visitor,0
111033,2026-03-04,Direct,Direct/None,0,Visitor,0
103002,2026-04-28,Paid Search,Google Ads - Brand,0,Visitor,0
107421,2026-03-01,Social Media,Facebook Ads,0,Visitor,0
107668,2026-05-11,Social Media,Instagram Ads,0,Visitor,0
109500,2026-06-24,Referral,Customer Referral Program,5,MQL,0
100578,2026-05-12,Organic Search,SEO - Product Pages,0,Visitor,0
108094,2026-03-23,Email,Product Drip Campaign,8,MQL,0
108004,2026-05-01,Email,Newsletter,0,Visitor,0
111120,2026-04-07,Direct,Direct/None,0,Visitor,0
101707,2026-04-30,Organic Search,SEO - Blog,0,Visitor,0
106018,2026-04-11,Social Media,Facebook Ads,0,Visitor,0
103847,2026-04-18,Paid Search,Google Ads - Brand,0,Visitor,0
110279,2026-01-13,Direct,Direct/None,0,Visitor,0
105588,2026-04-29,Social Media,Facebook Ads,0,Visitor,0
104348,2026-05-27,Paid Search,Google Ads - Brand,48,MQL,0
102416,2026-04-07,Organic Search,SEO - Product Pages,0,Visitor,0
106544,2026-04-30,Social Media,Facebook Ads,0,Visitor,0
105303,2026-04-01,Social Media,LinkedIn Ads,0,Visitor,0
105171,2026-02-11,Paid Search,Google Ads - Generic,0,Visitor,0
101527,2026-06-10,Organic Search,SEO - Product Pages,0,Visitor,0
100784,2026-03-12,Organic Search,SEO - Blog,12,Lead,0
108576,2026-02-23,Email,Product Drip Campaign,0,Visitor,0
111510,2026-03-10,Direct,Direct/None,0,Visitor,0
105538,2026-05-08,Social Media,Facebook Ads,0,Visitor,0
110245,2026-05-24,Direct,Direct/None,0,Visitor,0
101876,2026-03-08,Organic Search,SEO - Product Pages,0,Visitor,0
104489,2026-05-23,Paid Search,Google Ads - Brand,48,MQL,0
101971,2026-03-18,Organic Search,SEO - Blog,0,Visitor,0
101646,2026-05-10,Organic Search,SEO - Blog,0,Visitor,0
102800,2026-04-26,Organic Search,SEO - Blog,0,Visitor,0
103863,2026-04-28,Paid Search,Google Ads - Generic,0,Visitor,0
104509,2026-05-05,Paid Search,Google Ads - Generic,0,Visitor,0
111249,2026-01-21,Direct,Direct/None,0,Visitor,0
109665,2026-05-04,Referral,Customer Referral Program,5,MQL,0
101809,2026-05-18,Organic Search,SEO - Product Pages,0,Visitor,0
106082,2026-02-01,Social Media,LinkedIn Ads,0,Visitor,0
100152,2026-03-06,Organic Search,SEO - Blog,0,Visitor,0
101138,2026-05-08,Organic Search,SEO - Product Pages,12,MQL,0
108735,2026-04-16,Email,Newsletter,8,Lead,0
111401,2026-04-12,Direct,Direct/None,0,Visitor,0
107673,2026-04-16,Social Media,Instagram Ads,0,Visitor,0
111243,2026-03-13,Direct,Direct/None,0,Lead,0
110704,2026-05-18,Direct,Direct/None,0,Visitor,0
101739,2026-02-27,Organic Search,SEO - Blog,0,Visitor,0
103558,2026-05-09,Paid Search,Google Ads - Generic,0,Visitor,0
110193,2026-03-14,Referral,Customer Referral Program,0,Visitor,0
105998,2026-05-18,Social Media,Instagram Ads,0,Visitor,0
108721,2026-02-14,Email,Newsletter,0,Visitor,0
110939,2026-04-09,Direct,Direct/None,0,Visitor,0
107209,2026-03-15,Social Media,Instagram Ads,0,Visitor,0
107124,2026-04-18,Social Media,LinkedIn Ads,0,Visitor,0
107693,2026-02-09,Social Media,Instagram Ads,0,Visitor,0
109692,2026-03-09,Referral,Customer Referral Program,0,Visitor,0
104576,2026-04-15,Paid Search,Google Ads - Brand,0,Visitor,0
111899,2026-04-02,Direct,Direct/None,0,MQL,0
105686,2026-03-09,Social Media,Instagram Ads,0,Visitor,0
110682,2026-05-17,Direct,Direct/None,0,Visitor,0
109454,2026-04-02,Referral,Customer Referral Program,5,SQL,0
105972,2026-02-09,Social Media,LinkedIn Ads,0,Visitor,0
102807,2026-05-01,Organic Search,SEO - Blog,0,Visitor,0
103085,2026-03-01,Paid Search,Google Ads - Brand,0,Visitor,0
106009,2026-02-26,Social Media,Instagram Ads,0,Visitor,0
106713,2026-05-29,Social Media,Instagram Ads,0,Visitor,0
108697,2026-03-18,Email,Newsletter,0,Visitor,0
108473,2026-03-25,Email,Product Drip Campaign,0,Visitor,0
106395,2026-03-14,Social Media,Instagram Ads,0,Visitor,0
100124,2026-05-22,Organic Search,SEO - Product Pages,0,Visitor,0
103823,2026-04-21,Paid Search,Google Ads - Generic,0,Visitor,0
106500,2026-04-28,Social Media,LinkedIn Ads,0,Visitor,0
106793,2026-02-24,Social Media,Facebook Ads,0,Visitor,0
109132,2026-04-15,Referral,Customer Referral Program,0,Visitor,0
102769,2026-03-07,Organic Search,SEO - Product Pages,12,Lead,0
109555,2026-03-13,Referral,Partner Referral,5,SQL,0
110899,2026-02-17,Direct,Direct/None,0,Visitor,0
106731,2026-04-05,Social Media,Facebook Ads,0,Visitor,0
103733,2026-04-30,Paid Search,Google Ads - Brand,0,Visitor,0
103044,2026-05-08,Paid Search,Google Ads - Brand,0,Visitor,0
102905,2026-05-12,Paid Search,Google Ads - Generic,0,Visitor,0
102837,2026-05-10,Organic Search,SEO - Product Pages,12,SQL,0
109208,2026-04-30,Referral,Customer Referral Program,5,MQL,0
108914,2026-05-30,Email,Product Drip Campaign,8,Lead,0
101718,2026-06-05,Organic Search,SEO - Product Pages,0,Visitor,0
103886,2026-04-14,Paid Search,Google Ads - Generic,0,Visitor,0
101921,2026-01-17,Organic Search,SEO - Blog,0,Visitor,0
110049,2026-04-26,Referral,Customer Referral Program,5,Lead,0
105592,2026-06-08,Social Media,Instagram Ads,0,Visitor,0
105609,2026-04-02,Social Media,LinkedIn Ads,0,Visitor,0
106260,2026-04-08,Social Media,LinkedIn Ads,0,Visitor,0
101925,2026-02-27,Organic Search,SEO - Product Pages,12,MQL,0
100895,2026-03-04,Organic Search,SEO - Product Pages,0,Visitor,0
109812,2026-03-03,Referral,Customer Referral Program,5,SQL,0
102406,2026-03-25,Organic Search,SEO - Blog,0,Visitor,0
102394,2026-03-19,Organic Search,SEO - Product Pages,0,Visitor,0
100029,2026-04-21,Organic Search,SEO - Product Pages,12,MQL,0
102472,2026-04-07,Organic Search,SEO - Blog,0,Visitor,0
104307,2026-04-15,Paid Search,Google Ads - Generic,0,Visitor,0
108894,2026-05-06,Email,Newsletter,0,Visitor,0
109323,2026-03-24,Referral,Partner Referral,0,Visitor,0
105676,2026-03-07,Social Media,Instagram Ads,0,Visitor,0
109831,2026-03-16,Referral,Customer Referral Program,5,MQL,0
106293,2026-03-31,Social Media,Instagram Ads,0,Visitor,0
100403,2026-04-18,Organic Search,SEO - Product Pages,0,Visitor,0
107893,2026-05-23,Social Media,Instagram Ads,0,Visitor,0
103509,2026-06-06,Paid Search,Google Ads - Brand,0,Visitor,0
106139,2026-01-27,Social Media,LinkedIn Ads,0,Visitor,0
108122,2026-03-30,Email,Newsletter,0,Visitor,0
104851,2026-05-24,Paid Search,Google Ads - Generic,0,Visitor,0
102398,2026-04-16,Organic Search,SEO - Product Pages,0,Visitor,0
108257,2026-04-17,Email,Newsletter,0,Visitor,0
104747,2026-04-07,Paid Search,Google Ads - Brand,0,Visitor,0
105151,2026-06-14,Paid Search,Google Ads - Generic,0,Visitor,0
101011,2026-04-15,Organic Search,SEO - Product Pages,0,Visitor,0
102450,2026-05-17,Organic Search,SEO - Blog,0,Visitor,0
105891,2026-04-22,Social Media,Instagram Ads,0,Visitor,0
110744,2026-05-01,Direct,Direct/None,0,Visitor,0
110977,2026-04-22,Direct,Direct/None,0,Visitor,0
105070,2026-04-02,Paid Search,Google Ads - Brand,0,Visitor,0
110904,2026-03-18,Direct,Direct/None,0,Visitor,0
106071,2026-05-01,Social Media,Facebook Ads,35,MQL,0
103034,2026-04-26,Paid Search,Google Ads - Generic,0,Visitor,0
107764,2026-02-23,Social Media,Instagram Ads,0,Visitor,0
103226,2026-04-24,Paid Search,Google Ads - Brand,0,Visitor,0
109344,2026-04-03,Referral,Partner Referral,5,MQL,0
102539,2026-04-16,Organic Search,SEO - Product Pages,0,Visitor,0
106552,2026-03-10,Social Media,LinkedIn Ads,0,Visitor,0
103275,2026-04-13,Paid Search,Google Ads - Brand,48,Lead,0
106987,2026-03-13,Social Media,Facebook Ads,0,Visitor,0
108436,2026-05-17,Email,Product Drip Campaign,8,MQL,0
105145,2026-02-27,Paid Search,Google Ads - Brand,48,Lead,0
108731,2026-05-25,Email,Product Drip Campaign,0,Visitor,0
109669,2026-06-17,Referral,Partner Referral,5,SQL,0
108203,2026-02-25,Email,Product Drip Campaign,0,Visitor,0
100356,2026-03-31,Organic Search,SEO - Blog,0,Visitor,0
111236,2026-04-08,Direct,Direct/None,0,Visitor,0
105662,2026-04-26,Social Media,Instagram Ads,0,Visitor,0
103132,2026-05-14,Paid Search,Google Ads - Generic,0,Visitor,0
105368,2026-03-05,Social Media,Instagram Ads,0,Visitor,0
100470,2026-01-29,Organic Search,SEO - Product Pages,12,Lead,0
104246,2026-04-12,Paid Search,Google Ads - Brand,0,Visitor,0
111819,2026-04-14,Direct,Direct/None,0,SQL,0
106124,2026-03-04,Social Media,Instagram Ads,0,Visitor,0
102241,2026-05-03,Organic Search,SEO - Product Pages,0,Visitor,0
111226,2026-04-30,Direct,Direct/None,0,Visitor,0
100686,2026-04-27,Organic Search,SEO - Product Pages,0,Visitor,0
109532,2026-03-20,Referral,Customer Referral Program,0,Visitor,0
110220,2026-05-12,Direct,Direct/None,0,Visitor,0
102556,2026-02-06,Organic Search,SEO - Blog,0,Visitor,0
109559,2026-03-23,Referral,Partner Referral,5,MQL,0
106001,2026-05-21,Social Media,Instagram Ads,0,Visitor,0
103905,2026-03-05,Paid Search,Google Ads - Brand,0,Visitor,0
106975,2026-04-27,Social Media,Instagram Ads,0,Visitor,0
104721,2026-05-14,Paid Search,Google Ads - Brand,0,Visitor,0
107156,2026-03-18,Social Media,LinkedIn Ads,0,Visitor,0
105217,2026-03-02,Paid Search,Google Ads - Brand,0,Visitor,0
107170,2026-04-08,Social Media,Facebook Ads,0,Visitor,0
103048,2026-04-07,Paid Search,Google Ads - Brand,0,Visitor,0
109635,2026-04-19,Referral,Customer Referral Program,0,Visitor,0
111774,2026-04-14,Direct,Direct/None,0,Visitor,0
110548,2026-04-29,Direct,Direct/None,0,Visitor,0
108006,2026-04-08,Email,Product Drip Campaign,8,SQL,0
108587,2026-03-13,Email,Product Drip Campaign,0,Visitor,0
102999,2026-04-01,Paid Search,Google Ads - Generic,0,Visitor,0
105056,2026-04-13,Paid Search,Google Ads - Brand,0,Visitor,0
100901,2026-04-03,Organic Search,SEO - Blog,0,Visitor,0
101412,2026-05-17,Organic Search,SEO - Product Pages,0,Visitor,0
103923,2026-04-27,Paid Search,Google Ads - Brand,0,Visitor,0
104232,2026-04-21,Paid Search,Google Ads - Brand,48,Lead,0
109139,2026-03-10,Referral,Customer Referral Program,0,Visitor,0
110412,2026-04-30,Direct,Direct/None,0,Visitor,0
102573,2026-05-22,Organic Search,SEO - Blog,0,Visitor,0
104244,2026-04-07,Paid Search,Google Ads - Brand,0,Visitor,0
106221,2026-05-25,Social Media,Instagram Ads,0,Visitor,0
105741,2026-06-24,Social Media,LinkedIn Ads,0,Visitor,0
111008,2026-05-09,Direct,Direct/None,0,Visitor,0
100006,2026-04-20,Organic Search,SEO - Product Pages,0,Visitor,0
100757,2026-03-16,Organic Search,SEO - Product Pages,0,Visitor,0
109340,2026-06-12,Referral,Customer Referral Program,0,Visitor,0
109345,2026-03-15,Referral,Customer Referral Program,0,Visitor,0
104964,2026-04-18,Paid Search,Google Ads - Generic,0,Visitor,0
105829,2026-04-23,Social Media,Facebook Ads,0,Visitor,0
108119,2026-02-27,Email,Newsletter,0,Visitor,0
111081,2026-05-11,Direct,Direct/None,0,MQL,0
108534,2026-02-10,Email,Product Drip Campaign,0,Visitor,0
104817,2026-06-05,Paid Search,Google Ads - Brand,0,Visitor,0
106627,2026-06-24,Social Media,Facebook Ads,0,Visitor,0
104627,2026-04-22,Paid Search,Google Ads - Generic,0,Visitor,0
101769,2026-04-14,Organic Search,SEO - Blog,0,Visitor,0
104198,2026-05-19,Paid Search,Google Ads - Generic,0,Visitor,0
111129,2026-03-04,Direct,Direct/None,0,Visitor,0
103203,2026-05-13,Paid Search,Google Ads - Generic,0,Visitor,0
111498,2026-04-10,Direct,Direct/None,0,Visitor,0
102475,2026-01-28,Organic Search,SEO - Blog,0,Visitor,0
102126,2026-03-25,Organic Search,SEO - Product Pages,0,Visitor,0
104143,2026-02-20,Paid Search,Google Ads - Brand,0,Visitor,0
110859,2026-04-02,Direct,Direct/None,0,Visitor,0
110243,2026-05-26,Direct,Direct/None,0,Visitor,0
101518,2026-02-08,Organic Search,SEO - Blog,0,Visitor,0
102259,2026-03-19,Organic Search,SEO - Blog,0,Visitor,0
104009,2026-06-02,Paid Search,Google Ads - Brand,0,Visitor,0
100653,2026-05-05,Organic Search,SEO - Product Pages,0,Visitor,0
100110,2026-04-30,Organic Search,SEO - Blog,0,Visitor,0
110699,2026-03-15,Direct,Direct/None,0,Visitor,0
102946,2026-06-13,Paid Search,Google Ads - Brand,0,Visitor,0
102407,2026-03-17,Organic Search,SEO - Product Pages,12,SQL,0
103960,2026-04-06,Paid Search,Google Ads - Brand,0,Visitor,0
108176,2026-04-05,Email,Product Drip Campaign,0,Visitor,0
109196,2026-03-29,Referral,Customer Referral Program,0,Visitor,0
102248,2026-04-06,Organic Search,SEO - Product Pages,12,Lead,0
104214,2026-04-15,Paid Search,Google Ads - Brand,0,Visitor,0
100992,2026-05-05,Organic Search,SEO - Product Pages,0,Visitor,0
108077,2026-03-16,Email,Newsletter,0,Visitor,0
100715,2026-04-02,Organic Search,SEO - Blog,0,Visitor,0
107325,2026-05-19,Social Media,Instagram Ads,0,Visitor,0
108206,2026-05-12,Email,Product Drip Campaign,0,Visitor,0
108661,2026-02-16,Email,Product Drip Campaign,8,MQL,0
109629,2026-03-25,Referral,Partner Referral,0,Visitor,0
108681,2026-05-17,Email,Product Drip Campaign,0,Visitor,0
105353,2026-04-16,Social Media,LinkedIn Ads,0,Visitor,0
109814,2026-04-13,Referral,Customer Referral Program,0,Visitor,0
108170,2026-05-29,Email,Product Drip Campaign,0,Visitor,0
111694,2026-02-19,Direct,Direct/None,0,Visitor,0
111700,2026-01-22,Direct,Direct/None,0,Visitor,0
101232,2026-03-20,Organic Search,SEO - Blog,12,MQL,0
104011,2026-02-16,Paid Search,Google Ads - Brand,0,Visitor,0
105378,2026-04-08,Social Media,LinkedIn Ads,0,Visitor,0
103484,2026-04-23,Paid Search,Google Ads - Generic,0,Visitor,0
100164,2026-03-27,Organic Search,SEO - Blog,0,Visitor,0
103917,2026-03-24,Paid Search,Google Ads - Generic,0,Visitor,0
110522,2026-04-03,Direct,Direct/None,0,Visitor,0
102520,2026-03-30,Organic Search,SEO - Blog,12,Lead,0
102611,2026-04-19,Organic Search,SEO - Product Pages,12,MQL,0
110452,2026-03-27,Direct,Direct/None,0,Visitor,0
104160,2026-01-22,Paid Search,Google Ads - Brand,0,Visitor,0
111354,2026-04-04,Direct,Direct/None,0,Visitor,0
105809,2026-03-13,Social Media,Instagram Ads,0,Visitor,0
100514,2026-02-18,Organic Search,SEO - Blog,0,Visitor,0
101152,2026-02-08,Organic Search,SEO - Blog,0,Visitor,0
103937,2026-01-29,Paid Search,Google Ads - Generic,48,Lead,0
105192,2026-06-04,Paid Search,Google Ads - Brand,0,Visitor,0
104497,2026-01-24,Paid Search,Google Ads - Brand,0,Visitor,0
110272,2026-03-21,Direct,Direct/None,0,SQL,0
101663,2026-05-05,Organic Search,SEO - Blog,0,Visitor,0
104175,2026-03-21,Paid Search,Google Ads - Generic,0,Visitor,0
105934,2026-03-31,Social Media,Facebook Ads,0,Visitor,0
103640,2026-03-22,Paid Search,Google Ads - Brand,0,Visitor,0
108338,2026-02-28,Email,Newsletter,0,Visitor,0
104310,2026-05-18,Paid Search,Google Ads - Brand,48,Lead,0
111298,2026-04-09,Direct,Direct/None,0,MQL,0
108459,2026-04-06,Email,Product Drip Campaign,0,Visitor,0
106393,2026-06-17,Social Media,LinkedIn Ads,0,Visitor,0
111733,2026-03-03,Direct,Direct/None,0,Visitor,0
106906,2026-05-22,Social Media,Instagram Ads,0,Visitor,0
108955,2026-01-21,Email,Product Drip Campaign,0,Visitor,0
108460,2026-04-16,Email,Product Drip Campaign,0,Visitor,0
104233,2026-06-01,Paid Search,Google Ads - Generic,0,Visitor,0
108642,2026-04-01,Email,Newsletter,8,Lead,0
101507,2026-04-20,Organic Search,SEO - Blog,0,Visitor,0
106268,2026-04-08,Social Media,LinkedIn Ads,0,Visitor,0
101724,2026-05-11,Organic Search,SEO - Blog,0,Visitor,0
104016,2026-03-08,Paid Search,Google Ads - Generic,0,Visitor,0
104989,2026-03-01,Paid Search,Google Ads - Generic,0,Visitor,0
105769,2026-03-31,Social Media,LinkedIn Ads,0,Visitor,0
106329,2026-04-02,Social Media,LinkedIn Ads,0,Visitor,0
106294,2026-04-07,Social Media,LinkedIn Ads,0,Visitor,0
103322,2026-04-21,Paid Search,Google Ads - Generic,0,Visitor,0
106803,2026-03-14,Social Media,Facebook Ads,0,Visitor,0
109729,2026-03-14,Referral,Customer Referral Program,0,Visitor,0
106402,2026-06-06,Social Media,Instagram Ads,0,Visitor,0
101407,2026-04-08,Organic Search,SEO - Product Pages,0,Visitor,0
106547,2026-05-09,Social Media,LinkedIn Ads,35,Lead,0
111286,2026-03-29,Direct,Direct/None,0,Visitor,0
109645,2026-05-10,Referral,Customer Referral Program,5,MQL,0
107701,2026-05-27,Social Media,Instagram Ads,35,Lead,0
106486,2026-06-05,Social Media,Instagram Ads,0,Visitor,0
109544,2026-03-17,Referral,Partner Referral,5,SQL,0
107642,2026-04-20,Social Media,Instagram Ads,0,Visitor,0
106954,2026-03-22,Social Media,Facebook Ads,0,Visitor,0
111811,2026-02-24,Direct,Direct/None,0,Visitor,0
104197,2026-04-28,Paid Search,Google Ads - Generic,0,Visitor,0
111371,2026-04-23,Direct,Direct/None,0,Visitor,0
107094,2026-04-01,Social Media,Facebook Ads,0,Visitor,0
105785,2026-02-13,Social Media,Instagram Ads,0,Visitor,0
107308,2026-04-08,Social Media,LinkedIn Ads,0,Visitor,0
110302,2026-06-02,Direct,Direct/None,0,Visitor,0
101196,2026-04-21,Organic Search,SEO - Product Pages,0,Visitor,0
106295,2026-04-10,Social Media,LinkedIn Ads,0,Visitor,0
106178,2026-06-12,Social Media,LinkedIn Ads,35,Lead,0
101415,2026-01-23,Organic Search,SEO - Product Pages,0,Visitor,0
104582,2026-02-27,Paid Search,Google Ads - Generic,0,Visitor,0
104568,2026-02-08,Paid Search,Google Ads - Brand,0,Visitor,0
102983,2026-04-20,Paid Search,Google Ads - Generic,48,Lead,0
104299,2026-06-05,Paid Search,Google Ads - Brand,48,Customer,975
106819,2026-04-26,Social Media,Facebook Ads,0,Visitor,0
103232,2026-02-19,Paid Search,Google Ads - Brand,0,Visitor,0
108405,2026-06-13,Email,Product Drip Campaign,0,Visitor,0
103180,2026-03-30,Paid Search,Google Ads - Generic,0,Visitor,0
106988,2026-04-08,Social Media,LinkedIn Ads,0,Visitor,0
108178,2026-03-06,Email,Newsletter,0,Visitor,0
101993,2026-04-21,Organic Search,SEO - Blog,0,Visitor,0
104415,2026-04-05,Paid Search,Google Ads - Brand,48,Lead,0
107253,2026-03-28,Social Media,Instagram Ads,0,Visitor,0
107199,2026-02-13,Social Media,Instagram Ads,0,Visitor,0
109309,2026-06-01,Referral,Customer Referral Program,0,Visitor,0
104997,2026-04-28,Paid Search,Google Ads - Brand,0,Visitor,0
101292,2026-05-23,Organic Search,SEO - Blog,0,Visitor,0
109721,2026-02-16,Referral,Customer Referral Program,0,Visitor,0
103675,2026-03-27,Paid Search,Google Ads - Brand,0,Visitor,0
104283,2026-06-07,Paid Search,Google Ads - Generic,0,Visitor,0
106736,2026-03-20,Social Media,Facebook Ads,0,Visitor,0
103335,2026-04-02,Paid Search,Google Ads - Brand,48,Lead,0
101230,2026-04-26,Organic Search,SEO - Blog,0,Visitor,0
108162,2026-01-24,Email,Newsletter,8,SQL,0
111007,2026-04-20,Direct,Direct/None,0,Visitor,0
108126,2026-03-11,Email,Product Drip Campaign,0,Visitor,0
103468,2026-06-08,Paid Search,Google Ads - Generic,0,Visitor,0
110057,2026-05-03,Referral,Customer Referral Program,5,SQL,0
105222,2026-02-15,Paid Search,Google Ads - Brand,48,Lead,0
110730,2026-04-24,Direct,Direct/None,0,Visitor,0
101787,2026-04-04,Organic Search,SEO - Blog,0,Visitor,0
106037,2026-04-30,Social Media,Instagram Ads,0,Visitor,0
102574,2026-03-25,Organic Search,SEO - Product Pages,0,Visitor,0
111048,2026-06-08,Direct,Direct/None,0,Visitor,0
107591,2026-05-03,Social Media,LinkedIn Ads,0,Visitor,0
110797,2026-04-02,Direct,Direct/None,0,Visitor,0
105854,2026-05-02,Social Media,LinkedIn Ads,0,Visitor,0
103271,2026-04-20,Paid Search,Google Ads - Generic,0,Visitor,0
104774,2026-04-21,Paid Search,Google Ads - Generic,0,Visitor,0
111672,2026-02-11,Direct,Direct/None,0,Visitor,0
105400,2026-05-19,Social Media,LinkedIn Ads,0,Visitor,0
110713,2026-03-05,Direct,Direct/None,0,Visitor,0
107714,2026-03-29,Social Media,Instagram Ads,0,Visitor,0
101101,2026-03-14,Organic Search,SEO - Product Pages,0,Visitor,0
110867,2026-01-31,Direct,Direct/None,0,Visitor,0
103390,2026-04-27,Paid Search,Google Ads - Brand,0,Visitor,0
106328,2026-05-03,Social Media,Instagram Ads,0,Visitor,0
106051,2026-03-16,Social Media,LinkedIn Ads,0,Visitor,0
106097,2026-04-21,Social Media,Facebook Ads,0,Visitor,0
109756,2026-04-22,Referral,Partner Referral,5,Customer,2061
110611,2026-06-16,Direct,Direct/None,0,Visitor,0
101281,2026-02-09,Organic Search,SEO - Blog,0,Visitor,0
102464,2026-03-22,Organic Search,SEO - Product Pages,0,Visitor,0
105088,2026-02-12,Paid Search,Google Ads - Brand,48,Lead,0
100174,2026-03-12,Organic Search,SEO - Blog,0,Visitor,0
107222,2026-03-24,Social Media,LinkedIn Ads,0,Visitor,0
108265,2026-04-10,Email,Product Drip Campaign,0,Visitor,0
109045,2026-05-05,Email,Product Drip Campaign,0,Visitor,0
102141,2026-06-03,Organic Search,SEO - Product Pages,0,Visitor,0
102071,2026-03-19,Organic Search,SEO - Blog,12,MQL,0
103409,2026-04-01,Paid Search,Google Ads - Brand,0,Visitor,0
108734,2026-05-12,Email,Product Drip Campaign,0,Visitor,0
105130,2026-05-29,Paid Search,Google Ads - Generic,48,Lead,0
107643,2026-04-13,Social Media,Facebook Ads,0,Visitor,0
105898,2026-03-22,Social Media,Instagram Ads,0,Visitor,0
104438,2026-04-15,Paid Search,Google Ads - Generic,0,Visitor,0
105722,2026-03-17,Social Media,Instagram Ads,0,Visitor,0
100421,2026-02-20,Organic Search,SEO - Blog,0,Visitor,0
109656,2026-03-11,Referral,Partner Referral,0,Visitor,0
105445,2026-03-29,Social Media,LinkedIn Ads,0,Visitor,0
111229,2026-03-01,Direct,Direct/None,0,SQL,0
106193,2026-04-01,Social Media,Instagram Ads,35,Lead,0
110967,2026-03-12,Direct,Direct/None,0,Visitor,0
104745,2026-03-20,Paid Search,Google Ads - Brand,0,Visitor,0
107750,2026-05-06,Social Media,Instagram Ads,0,Visitor,0
103489,2026-06-03,Paid Search,Google Ads - Generic,0,Visitor,0
109076,2026-03-12,Email,Unknown / Untagged,8,Lead,0
108185,2026-03-01,Email,Newsletter,0,Visitor,0
100359,2026-02-12,Organic Search,SEO - Blog,0,Visitor,0
105550,2026-03-30,Social Media,Facebook Ads,0,Visitor,0
111559,2026-04-02,Direct,Direct/None,0,Visitor,0
101478,2026-04-18,Organic Search,SEO - Product Pages,0,Visitor,0
106825,2026-02-18,Social Media,Instagram Ads,0,Visitor,0
109083,2026-03-23,Email,Newsletter,0,Visitor,0
100789,2026-01-26,Organic Search,SEO - Blog,0,Visitor,0
111293,2026-03-07,Direct,Direct/None,0,Visitor,0
100336,2026-04-23,Organic Search,SEO - Product Pages,0,Visitor,0
104978,2026-04-02,Paid Search,Google Ads - Generic,0,Visitor,0
110388,2026-04-01,Direct,Direct/None,0,Visitor,0
107468,2026-04-10,Social Media,Instagram Ads,0,Visitor,0
106798,2026-06-10,Social Media,Facebook Ads,0,Visitor,0
106726,2026-05-24,Social Media,LinkedIn Ads,0,Visitor,0
106175,2026-01-28,Social Media,Facebook Ads,0,Visitor,0
103416,2026-03-19,Paid Search,Google Ads - Generic,0,Visitor,0
110152,2026-03-27,Referral,Partner Referral,5,SQL,0
107150,2026-02-28,Social Media,LinkedIn Ads,0,Visitor,0
106496,2026-04-09,Social Media,LinkedIn Ads,0,Visitor,0
100721,2026-02-21,Organic Search,SEO - Blog,0,Visitor,0
109937,2026-04-11,Referral,Customer Referral Program,0,Visitor,0
104520,2026-02-22,Paid Search,Google Ads - Generic,0,Visitor,0
102021,2026-05-12,Organic Search,SEO - Product Pages,0,Visitor,0
102105,2026-04-05,Organic Search,SEO - Product Pages,0,Visitor,0
104435,2026-06-25,Paid Search,Google Ads - Brand,0,Visitor,0
102363,2026-04-16,Organic Search,SEO - Blog,0,Visitor,0
100404,2026-04-05,Organic Search,SEO - Product Pages,0,Visitor,0
100691,2026-06-23,Organic Search,SEO - Product Pages,0,Visitor,0
105558,2026-03-17,Social Media,LinkedIn Ads,0,Visitor,0
110026,2026-04-18,Referral,Partner Referral,5,Lead,0
103652,2026-02-26,Paid Search,Google Ads - Brand,48,Lead,0
100622,2026-05-04,Organic Search,SEO - Blog,0,Visitor,0
107264,2026-02-18,Social Media,Instagram Ads,35,Lead,0
103030,2026-04-27,Paid Search,Google Ads - Generic,0,Visitor,0
110816,2026-04-01,Direct,Direct/None,0,Visitor,0
107155,2026-03-26,Social Media,Facebook Ads,0,Visitor,0
100834,2026-01-30,Organic Search,SEO - Blog,12,SQL,0
100070,2026-03-15,Organic Search,SEO - Blog,0,Visitor,0
106061,2026-03-18,Social Media,Instagram Ads,0,Visitor,0
109879,2026-03-27,Referral,Partner Referral,0,Visitor,0
105596,2026-04-20,Social Media,Instagram Ads,0,Visitor,0
103581,2026-03-13,Paid Search,Google Ads - Generic,0,Visitor,0
104921,2026-03-19,Paid Search,Google Ads - Brand,0,Visitor,0
104525,2026-04-14,Paid Search,Google Ads - Generic,0,Visitor,0
106882,2026-03-22,Social Media,Facebook Ads,0,Visitor,0
104445,2026-03-06,Paid Search,Google Ads - Brand,48,Lead,0
108071,2026-05-05,Email,Newsletter,8,Lead,0
102889,2026-03-29,Paid Search,Google Ads - Generic,48,Lead,0
110405,2026-04-05,Direct,Direct/None,0,Lead,0
111051,2026-05-07,Direct,Direct/None,0,Visitor,0
110862,2026-04-21,Direct,Direct/None,0,Lead,0
100562,2026-04-11,Organic Search,SEO - Product Pages,0,Visitor,0
105603,2026-03-23,Social Media,Instagram Ads,0,Visitor,0
105369,2026-03-13,Social Media,LinkedIn Ads,0,Visitor,0
110252,2026-03-01,Direct,Direct/None,0,Visitor,0
107203,2026-05-17,Social Media,Facebook Ads,35,Lead,0
110529,2026-03-21,Direct,Direct/None,0,MQL,0
107038,2026-04-09,Social Media,Facebook Ads,0,Visitor,0
103329,2026-02-26,Paid Search,Google Ads - Brand,0,Visitor,0
103447,2026-04-25,Paid Search,Google Ads - Generic,0,Visitor,0
104703,2026-04-07,Paid Search,Google Ads - Generic,0,Visitor,0
104092,2026-04-06,Paid Search,Google Ads - Brand,0,Visitor,0
100476,2026-04-14,Organic Search,SEO - Product Pages,0,Visitor,0
105981,2026-06-05,Social Media,LinkedIn Ads,0,Visitor,0
102626,2026-05-03,Organic Search,SEO - Blog,0,Visitor,0
104049,2026-02-27,Paid Search,Google Ads - Generic,0,Visitor,0
105433,2026-03-03,Social Media,LinkedIn Ads,35,MQL,0
109012,2026-03-06,Email,Newsletter,8,Lead,0
107452,2026-02-24,Social Media,Instagram Ads,0,Visitor,0
108310,2026-05-30,Email,Product Drip Campaign,0,Visitor,0
107065,2026-02-15,Social Media,LinkedIn Ads,0,Visitor,0
107968,2026-04-28,Email,Newsletter,0,Visitor,0
102477,2026-05-10,Organic Search,SEO - Blog,0,Visitor,0
110684,2026-02-13,Direct,Direct/None,0,Visitor,0
101090,2026-06-18,Organic Search,SEO - Product Pages,0,Visitor,0
104166,2026-03-28,Paid Search,Google Ads - Brand,0,Visitor,0
102701,2026-05-15,Organic Search,SEO - Product Pages,12,MQL,0
103983,2026-03-12,Paid Search,Google Ads - Brand,0,Visitor,0
101967,2026-03-25,Organic Search,SEO - Blog,0,Visitor,0
107274,2026-04-24,Social Media,Instagram Ads,0,Visitor,0
107342,2026-04-21,Social Media,LinkedIn Ads,0,Visitor,0
106007,2026-05-29,Social Media,Facebook Ads,0,Visitor,0
108764,2026-05-09,Email,Newsletter,8,Lead,0
111726,2026-02-13,Direct,Direct/None,0,Visitor,0
101833,2026-02-17,Organic Search,SEO - Product Pages,0,Visitor,0
106410,2026-06-24,Social Media,Instagram Ads,0,Visitor,0
111224,2026-04-19,Direct,Direct/None,0,Visitor,0
109080,2026-02-04,Email,Newsletter,0,Visitor,0
103046,2026-05-22,Paid Search,Google Ads - Brand,0,Visitor,0
104894,2026-05-04,Paid Search,Google Ads - Brand,0,Visitor,0
104916,2026-04-10,Paid Search,Google Ads - Brand,0,Visitor,0
102038,2026-02-07,Organic Search,SEO - Product Pages,0,Visitor,0
100572,2026-03-08,Organic Search,SEO - Blog,0,Visitor,0
107159,2026-05-11,Social Media,Facebook Ads,0,Visitor,0
106120,2026-05-02,Social Media,LinkedIn Ads,35,Lead,0
102951,2026-05-09,Paid Search,Google Ads - Brand,48,Lead,0
109560,2026-03-31,Referral,Partner Referral,5,Lead,0
100995,2026-04-14,Organic Search,SEO - Blog,0,Visitor,0
105439,2026-02-03,Social Media,Instagram Ads,0,Visitor,0
103196,2026-02-15,Paid Search,Google Ads - Generic,0,Visitor,0
103668,2026-04-11,Paid Search,Google Ads - Brand,0,Visitor,0
109511,2026-03-16,Referral,Partner Referral,0,Visitor,0
111097,2026-02-25,Direct,Direct/None,0,Visitor,0
107862,2026-03-15,Social Media,Instagram Ads,0,Visitor,0
108201,2026-05-16,Email,Newsletter,0,Visitor,0
107960,2026-04-28,Email,Product Drip Campaign,0,Visitor,0
106592,2026-04-18,Social Media,Facebook Ads,0,Visitor,0
107549,2026-04-14,Social Media,Facebook Ads,0,Visitor,0
101282,2026-03-29,Organic Search,SEO - Blog,12,MQL,0
108526,2026-04-20,Email,Product Drip Campaign,0,Visitor,0
101075,2026-02-25,Organic Search,SEO - Product Pages,0,Visitor,0
111468,2026-04-18,Direct,Direct/None,0,Lead,0
103351,2026-04-17,Paid Search,Google Ads - Generic,0,Visitor,0
109401,2026-04-26,Referral,Customer Referral Program,5,Lead,0
103739,2026-04-12,Paid Search,Google Ads - Brand,48,Lead,0
108595,2026-04-03,Email,Newsletter,0,Visitor,0
106070,2026-03-12,Social Media,Facebook Ads,0,Visitor,0
102303,2026-03-04,Organic Search,SEO - Product Pages,0,Visitor,0
104642,2026-03-28,Paid Search,Google Ads - Brand,0,Visitor,0
100659,2026-01-29,Organic Search,SEO - Product Pages,0,Visitor,0
107080,2026-02-26,Social Media,Facebook Ads,0,Visitor,0
111410,2026-04-21,Direct,Direct/None,0,Visitor,0
103179,2026-05-01,Paid Search,Google Ads - Generic,0,Visitor,0
108139,2026-03-12,Email,Newsletter,0,Visitor,0
102791,2026-01-23,Organic Search,SEO - Blog,0,Visitor,0
100733,2026-03-12,Organic Search,SEO - Blog,0,Visitor,0
101366,2026-05-18,Organic Search,SEO - Product Pages,12,MQL,0
111482,2026-05-05,Direct,Direct/None,0,Visitor,0
105537,2026-05-10,Social Media,LinkedIn Ads,0,Visitor,0
100378,2026-05-21,Organic Search,SEO - Product Pages,12,Lead,0
100853,2026-04-02,Organic Search,SEO - Blog,12,MQL,0
108816,2026-05-06,Email,Product Drip Campaign,0,Visitor,0
103292,2026-03-30,Paid Search,Google Ads - Generic,0,Visitor,0
107906,2026-04-30,Social Media,LinkedIn Ads,0,Visitor,0
104052,2026-04-18,Paid Search,Google Ads - Brand,0,Visitor,0
100871,2026-04-05,Organic Search,SEO - Product Pages,12,Lead,0
110011,2026-03-25,Referral,Customer Referral Program,0,Visitor,0
105309,2026-05-15,Social Media,Instagram Ads,0,Visitor,0
100918,2026-02-23,Organic Search,SEO - Product Pages,0,Visitor,0
105931,2026-03-03,Social Media,Facebook Ads,0,Visitor,0
102245,2026-01-19,Organic Search,SEO - Blog,0,Visitor,0
104381,2026-03-31,Paid Search,Google Ads - Brand,0,Visitor,0
108952,2026-04-22,Email,Newsletter,0,Visitor,0
103728,2026-04-25,Paid Search,Google Ads - Brand,0,Visitor,0
100082,2026-05-26,Organic Search,SEO - Blog,0,Visitor,0
106409,2026-03-10,Social Media,LinkedIn Ads,0,Visitor,0
105175,2026-05-06,Paid Search,Google Ads - Generic,0,Visitor,0
108730,2026-04-14,Email,Product Drip Campaign,0,Visitor,0
100543,2026-04-05,Organic Search,SEO - Blog,0,Visitor,0
102912,2026-05-13,Paid Search,Google Ads - Generic,0,Visitor,0
111219,2026-03-30,Direct,Direct/None,0,Visitor,0
108332,2026-04-04,Email,Newsletter,0,Visitor,0
104815,2026-04-14,Paid Search,Google Ads - Brand,0,Visitor,0
109916,2026-04-04,Referral,Customer Referral Program,0,Visitor,0
106738,2026-03-28,Social Media,Instagram Ads,0,Visitor,0
108706,2026-02-28,Email,Newsletter,0,Visitor,0
104383,2026-04-08,Paid Search,Google Ads - Generic,0,Visitor,0
101108,2026-03-27,Organic Search,SEO - Blog,0,Visitor,0
100858,2026-01-24,Organic Search,SEO - Product Pages,0,Visitor,0
104508,2026-05-31,Paid Search,Google Ads - Generic,0,Visitor,0
110616,2026-04-22,Direct,Direct/None,0,Lead,0
105398,2026-05-18,Social Media,Instagram Ads,0,Visitor,0
104487,2026-04-06,Paid Search,Google Ads - Generic,48,MQL,0
100346,2026-06-06,Organic Search,SEO - Blog,12,Lead,0
101584,2026-02-02,Organic Search,SEO - Product Pages,0,Visitor,0
105757,2026-05-10,Social Media,Instagram Ads,0,Visitor,0
102421,2026-06-21,Organic Search,SEO - Blog,0,Visitor,0
111950,2026-01-29,Direct,Direct/None,0,Visitor,0
103731,2026-04-27,Paid Search,Google Ads - Generic,0,Visitor,0
105705,2026-04-16,Social Media,LinkedIn Ads,0,Visitor,0
100657,2026-02-18,Organic Search,SEO - Product Pages,0,Visitor,0
108762,2026-05-29,Email,Product Drip Campaign,8,Customer,1407
104216,2026-04-16,Paid Search,Google Ads - Brand,0,Visitor,0
111790,2026-03-27,Direct,Direct/None,0,Visitor,0
106580,2026-05-25,Social Media,Instagram Ads,0,Visitor,0
100271,2026-05-24,Organic Search,SEO - Blog,0,Visitor,0
103303,2026-04-04,Paid Search,Google Ads - Generic,0,Visitor,0
108862,2026-05-23,Email,Product Drip Campaign,0,Visitor,0
110751,2026-06-10,Direct,Direct/None,0,Visitor,0
108324,2026-03-12,Email,Product Drip Campaign,0,Visitor,0
107974,2026-04-27,Email,Newsletter,0,Visitor,0
111299,2026-02-25,Direct,Direct/None,0,Lead,0
109430,2026-06-14,Referral,Partner Referral,0,Visitor,0
100380,2026-03-28,Organic Search,SEO - Product Pages,0,Visitor,0
107235,2026-02-28,Social Media,Facebook Ads,0,Visitor,0
111104,2026-04-12,Direct,Direct/None,0,Visitor,0
107098,2026-06-13,Social Media,LinkedIn Ads,0,Visitor,0
101682,2026-02-22,Organic Search,SEO - Product Pages,0,Visitor,0
106147,2026-02-23,Social Media,LinkedIn Ads,0,Visitor,0
101430,2026-03-26,Organic Search,SEO - Product Pages,0,Visitor,0
104573,2026-03-15,Paid Search,Google Ads - Brand,48,Lead,0
106335,2026-05-03,Social Media,LinkedIn Ads,0,Visitor,0
101166,2026-06-16,Organic Search,SEO - Blog,0,Visitor,0
101906,2026-04-16,Organic Search,SEO - Blog,0,Visitor,0
100126,2026-04-13,Organic Search,SEO - Blog,0,Visitor,0
103880,2026-05-12,Paid Search,Google Ads - Generic,48,Lead,0
105317,2026-04-17,Social Media,Facebook Ads,0,Visitor,0
103522,2026-04-12,Paid Search,Google Ads - Generic,0,Visitor,0
109968,2026-04-23,Referral,Partner Referral,0,Visitor,0
105719,2026-01-31,Social Media,Facebook Ads,0,Visitor,0
110757,2026-04-16,Direct,Direct/None,0,Visitor,0
109747,2026-05-25,Referral,Partner Referral,5,MQL,0
106004,2026-03-22,Social Media,Facebook Ads,0,Visitor,0
101978,2026-01-23,Organic Search,SEO - Blog,0,Visitor,0
104401,2026-04-24,Paid Search,Google Ads - Brand,48,Lead,0
100944,2026-05-16,Organic Search,SEO - Blog,12,MQL,0
101048,2026-03-12,Organic Search,SEO - Blog,0,Visitor,0
108775,2026-04-22,Email,Product Drip Campaign,8,MQL,0
106990,2026-04-21,Social Media,Instagram Ads,0,Visitor,0
107026,2026-05-24,Social Media,Facebook Ads,0,Visitor,0
111651,2026-04-02,Direct,Direct/None,0,Visitor,0
110333,2026-05-24,Direct,Direct/None,0,Visitor,0
101459,2026-05-16,Organic Search,SEO - Product Pages,12,Customer,1497
111568,2026-05-21,Direct,Direct/None,0,Customer,1642
104995,2026-03-15,Paid Search,Google Ads - Brand,48,MQL,0
103117,2026-03-17,Paid Search,Google Ads - Generic,0,Visitor,0
105154,2026-05-28,Paid Search,Google Ads - Brand,0,Visitor,0
102353,2026-02-22,Organic Search,SEO - Product Pages,0,Visitor,0
107485,2026-05-19,Social Media,Facebook Ads,0,Visitor,0
107023,2026-04-21,Social Media,Instagram Ads,0,Visitor,0
109925,2026-04-18,Referral,Partner Referral,0,Visitor,0
111938,2026-02-14,Direct,Direct/None,0,Visitor,0
100340,2026-02-06,Organic Search,SEO - Blog,0,Visitor,0
104386,2026-04-06,Paid Search,Google Ads - Generic,0,Visitor,0
106897,2026-03-26,Social Media,Instagram Ads,35,Lead,0
102712,2026-03-29,Organic Search,SEO - Blog,0,Visitor,0
108249,2026-05-08,Email,Newsletter,8,SQL,0
103867,2026-05-17,Paid Search,Google Ads - Brand,0,Visitor,0
106644,2026-06-06,Social Media,Instagram Ads,0,Visitor,0
106306,2026-04-29,Social Media,Instagram Ads,0,Visitor,0
107265,2026-04-27,Social Media,Instagram Ads,0,Visitor,0
100520,2026-06-11,Organic Search,SEO - Blog,0,Visitor,0
110806,2026-04-04,Direct,Direct/None,0,Visitor,0
102116,2026-04-30,Organic Search,SEO - Product Pages,0,Visitor,0
105648,2026-05-04,Social Media,Instagram Ads,0,Visitor,0
105372,2026-03-14,Social Media,Facebook Ads,0,Visitor,0
108695,2026-01-29,Email,Newsletter,0,Visitor,0
111990,2026-05-08,Direct,Direct/None,0,Visitor,0
105989,2026-04-11,Social Media,Instagram Ads,0,Visitor,0
103153,2026-05-16,Paid Search,Google Ads - Generic,0,Visitor,0
101344,2026-05-27,Organic Search,SEO - Blog,0,Visitor,0
105870,2026-04-21,Social Media,Facebook Ads,0,Visitor,0
106140,2026-05-04,Social Media,LinkedIn Ads,0,Visitor,0
106838,2026-04-10,Social Media,Instagram Ads,0,Visitor,0
105066,2026-01-28,Paid Search,Google Ads - Brand,48,MQL,0
107173,2026-03-07,Social Media,LinkedIn Ads,0,Visitor,0
102254,2026-04-19,Organic Search,SEO - Product Pages,0,Visitor,0
104966,2026-05-01,Paid Search,Google Ads - Generic,0,Visitor,0
104671,2026-01-30,Paid Search,Google Ads - Brand,0,Visitor,0
110649,2026-01-09,Direct,Direct/None,0,Visitor,0
104650,2026-03-12,Paid Search,Google Ads - Brand,0,Visitor,0
111854,2026-03-11,Direct,Direct/None,0,Visitor,0
109864,2026-05-05,Referral,Customer Referral Program,5,Lead,0
105847,2026-05-17,Social Media,Instagram Ads,0,Visitor,0
107169,2026-05-25,Social Media,Facebook Ads,0,Visitor,0
106935,2026-05-05,Social Media,Instagram Ads,0,Visitor,0
109343,2026-01-27,Referral,Customer Referral Program,0,Visitor,0
106911,2026-04-15,Social Media,Facebook Ads,35,MQL,0
100053,2026-04-09,Organic Search,SEO - Product Pages,12,MQL,0
102865,2026-05-07,Organic Search,SEO - Blog,0,Visitor,0
105089,2026-06-15,Paid Search,Google Ads - Generic,0,Visitor,0
103740,2026-04-28,Paid Search,Google Ads - Generic,0,Visitor,0
111789,2026-01-22,Direct,Direct/None,0,Visitor,0
101579,2026-04-13,Organic Search,SEO - Blog,0,Visitor,0
111662,2026-06-16,Direct,Direct/None,0,Customer,2035
102817,2026-05-08,Organic Search,SEO - Product Pages,0,Visitor,0
109833,2026-02-24,Referral,Partner Referral,0,Visitor,0
100999,2026-05-17,Organic Search,SEO - Product Pages,0,Visitor,0
103159,2026-03-21,Paid Search,Google Ads - Generic,0,Visitor,0
101783,2026-05-09,Organic Search,SEO - Blog,0,Visitor,0
101484,2026-03-19,Organic Search,SEO - Blog,0,Visitor,0
106918,2026-03-23,Social Media,Facebook Ads,0,Visitor,0
103967,2026-04-16,Paid Search,Google Ads - Brand,0,Visitor,0
108845,2026-03-21,Email,Product Drip Campaign,0,Visitor,0
110312,2026-04-27,Direct,Direct/None,0,Lead,0
107428,2026-04-21,Social Media,Instagram Ads,0,Visitor,0
100098,2026-04-14,Organic Search,SEO - Product Pages,0,Visitor,0
103058,2026-04-18,Paid Search,Google Ads - Generic,0,Visitor,0
110622,2026-05-16,Direct,Direct/None,0,Visitor,0
100893,2026-04-07,Organic Search,SEO - Product Pages,0,Visitor,0
106427,2026-02-21,Social Media,LinkedIn Ads,0,Visitor,0
107966,2026-03-08,Email,Product Drip Campaign,0,Visitor,0
102291,2026-04-05,Organic Search,SEO - Product Pages,0,Visitor,0
100891,2026-03-15,Organic Search,SEO - Product Pages,12,Lead,0
109188,2026-03-18,Referral,Customer Referral Program,5,MQL,0
111846,2026-05-08,Direct,Direct/None,0,Visitor,0
110093,2026-04-17,Referral,Partner Referral,0,Visitor,0
104511,2026-02-01,Paid Search,Google Ads - Generic,0,Visitor,0
102680,2026-02-22,Organic Search,SEO - Blog,0,Visitor,0
110118,2026-04-15,Referral,Partner Referral,0,Visitor,0
106079,2026-04-15,Social Media,Facebook Ads,0,Visitor,0
108980,2026-04-13,Email,Product Drip Campaign,0,Visitor,0
105293,2026-03-13,Social Media,LinkedIn Ads,0,Visitor,0
103661,2026-03-06,Paid Search,Google Ads - Generic,0,Visitor,0
107878,2026-03-08,Social Media,Facebook Ads,0,Visitor,0
105085,2026-01-30,Paid Search,Google Ads - Generic,0,Visitor,0
107070,2026-02-28,Social Media,Instagram Ads,0,Visitor,0
104513,2026-05-03,Paid Search,Google Ads - Generic,0,Visitor,0
110154,2026-03-14,Referral,Partner Referral,5,Lead,0
102754,2026-06-11,Organic Search,SEO - Product Pages,0,Visitor,0
111556,2026-03-10,Direct,Direct/None,0,Visitor,0
102123,2026-02-26,Organic Search,SEO - Product Pages,0,Visitor,0
101477,2026-06-08,Organic Search,SEO - Blog,0,Visitor,0
107233,2026-04-15,Social Media,Facebook Ads,0,Visitor,0
106433,2026-04-19,Social Media,Instagram Ads,0,Visitor,0
106783,2026-04-24,Social Media,LinkedIn Ads,0,Visitor,0
101299,2026-03-16,Organic Search,SEO - Blog,0,Visitor,0
105545,2026-04-05,Social Media,Instagram Ads,0,Visitor,0
102093,2026-04-22,Organic Search,SEO - Blog,12,Lead,0
104517,2026-04-02,Paid Search,Google Ads - Brand,0,Visitor,0
110818,2026-04-28,Direct,Direct/None,0,Visitor,0
103204,2026-05-06,Paid Search,Google Ads - Brand,0,Visitor,0
107304,2026-04-27,Social Media,Instagram Ads,0,Visitor,0
107025,2026-04-17,Social Media,Instagram Ads,0,Visitor,0
106613,2026-05-01,Social Media,Facebook Ads,0,Visitor,0
107726,2026-04-29,Social Media,LinkedIn Ads,35,Lead,0
108690,2026-05-02,Email,Newsletter,8,SQL,0
102793,2026-04-05,Organic Search,SEO - Product Pages,0,Visitor,0
106826,2026-05-11,Social Media,Facebook Ads,0,Visitor,0
110264,2026-03-10,Direct,Direct/None,0,Visitor,0
108850,2026-03-14,Email,Product Drip Campaign,8,MQL,0
111909,2026-05-24,Direct,Direct/None,0,MQL,0
102982,2026-05-25,Paid Search,Google Ads - Brand,0,Visitor,0
101113,2026-02-14,Organic Search,SEO - Product Pages,0,Visitor,0
100609,2026-04-28,Organic Search,SEO - Product Pages,0,Visitor,0
111429,2026-04-20,Direct,Direct/None,0,Visitor,0
105860,2026-04-05,Social Media,Instagram Ads,0,Visitor,0
102199,2026-04-28,Organic Search,SEO - Product Pages,0,Visitor,0
109271,2026-03-25,Referral,Partner Referral,0,Visitor,0
104422,2026-04-27,Paid Search,Google Ads - Brand,0,Visitor,0
111987,2026-03-26,Direct,Direct/None,0,Visitor,0
107478,2026-04-22,Social Media,Instagram Ads,0,Visitor,0
101153,2026-03-03,Organic Search,SEO - Product Pages,0,Visitor,0
101898,2026-01-14,Organic Search,SEO - Blog,0,Visitor,0
110352,2026-01-23,Direct,Direct/None,0,Visitor,0
100803,2026-02-16,Organic Search,SEO - Product Pages,12,Customer,634
104153,2026-04-08,Paid Search,Google Ads - Generic,0,Visitor,0
104864,2026-03-13,Paid Search,Google Ads - Brand,0,Visitor,0
104948,2026-04-28,Paid Search,Google Ads - Brand,0,Visitor,0
108647,2026-04-11,Email,Newsletter,0,Visitor,0
104556,2026-03-27,Paid Search,Google Ads - Generic,0,Visitor,0
107795,2026-04-26,Social Media,Instagram Ads,0,Visitor,0
111540,2026-05-12,Direct,Direct/None,0,Visitor,0
111916,2026-05-10,Direct,Direct/None,0,Visitor,0
105246,2026-03-02,Paid Search,Google Ads - Brand,0,Visitor,0
110770,2026-03-30,Direct,Direct/None,0,Visitor,0
108301,2026-04-27,Email,Product Drip Campaign,0,Visitor,0
100288,2026-02-22,Organic Search,SEO - Product Pages,0,Visitor,0
102229,2026-03-30,Organic Search,SEO - Product Pages,0,Visitor,0
105813,2026-04-01,Social Media,LinkedIn Ads,0,Visitor,0
105233,2026-05-22,Paid Search,Google Ads - Generic,0,Visitor,0
109044,2026-06-09,Email,Newsletter,0,Visitor,0
103560,2026-05-09,Paid Search,Google Ads - Brand,0,Visitor,0
106681,2026-05-24,Social Media,LinkedIn Ads,0,Visitor,0
107488,2026-01-14,Social Media,Facebook Ads,0,Visitor,0
111202,2026-05-10,Direct,Direct/None,0,Visitor,0
106888,2026-03-20,Social Media,Instagram Ads,0,Visitor,0
111006,2026-05-10,Direct,Direct/None,0,Visitor,0
101181,2026-03-22,Organic Search,SEO - Blog,0,Visitor,0
109627,2026-03-31,Referral,Partner Referral,0,Visitor,0
105466,2026-03-03,Social Media,Facebook Ads,0,Visitor,0
105172,2026-05-31,Paid Search,Google Ads - Brand,0,Visitor,0
106802,2026-03-20,Social Media,LinkedIn Ads,0,Visitor,0
103272,2026-04-18,Paid Search,Google Ads - Generic,0,Visitor,0
106761,2026-05-29,Social Media,Instagram Ads,0,Visitor,0
111673,2026-05-28,Direct,Direct/None,0,Visitor,0
105670,2026-04-17,Social Media,LinkedIn Ads,0,Visitor,0
103266,2026-04-17,Paid Search,Google Ads - Generic,0,Visitor,0
100869,2026-06-08,Organic Search,SEO - Product Pages,12,MQL,0
106757,2026-01-18,Social Media,Instagram Ads,0,Visitor,0
103577,2026-01-25,Paid Search,Google Ads - Brand,0,Visitor,0
110292,2026-03-11,Direct,Direct/None,0,Visitor,0
102311,2026-05-06,Organic Search,SEO - Blog,0,Visitor,0
111292,2026-05-27,Direct,Direct/None,0,Visitor,0
107312,2026-06-08,Social Media,Instagram Ads,0,Visitor,0
102894,2026-02-06,Paid Search,Google Ads - Brand,0,Visitor,0
105873,2026-01-23,Social Media,Facebook Ads,0,Visitor,0
103998,2026-04-10,Paid Search,Google Ads - Generic,0,Visitor,0
107078,2026-06-19,Social Media,Facebook Ads,0,Visitor,0
105218,2026-06-14,Paid Search,Google Ads - Generic,0,Visitor,0
109079,2026-05-16,Email,Product Drip Campaign,0,Visitor,0
111379,2026-05-14,Direct,Direct/None,0,Visitor,0
110888,2026-03-26,Direct,Direct/None,0,Visitor,0
108802,2026-03-05,Email,Product Drip Campaign,0,Visitor,0
109138,2026-03-06,Referral,Partner Referral,0,Visitor,0
101180,2026-05-20,Organic Search,SEO - Blog,0,Visitor,0
106435,2026-03-09,Social Media,Facebook Ads,0,Visitor,0
101025,2026-01-28,Organic Search,SEO - Product Pages,0,Visitor,0
109297,2026-06-09,Referral,Partner Referral,0,Visitor,0
111638,2026-03-18,Direct,Direct/None,0,Visitor,0
102606,2026-05-12,Organic Search,SEO - Product Pages,12,Lead,0
102600,2026-04-28,Organic Search,SEO - Blog,12,Lead,0
104032,2026-03-07,Paid Search,Google Ads - Generic,48,MQL,0
102162,2026-05-02,Organic Search,SEO - Blog,12,MQL,0
106243,2026-03-11,Social Media,Instagram Ads,0,Visitor,0
111462,2026-04-05,Direct,Direct/None,0,Lead,0
108273,2026-05-08,Email,Newsletter,0,Visitor,0
107760,2026-05-13,Social Media,Facebook Ads,0,Visitor,0
106837,2026-06-21,Social Media,LinkedIn Ads,0,Visitor,0
107050,2026-04-30,Social Media,Facebook Ads,0,Visitor,0
111340,2026-02-09,Direct,Direct/None,0,Visitor,0
101244,2026-06-02,Organic Search,SEO - Product Pages,12,MQL,0
104411,2026-03-16,Paid Search,Google Ads - Generic,0,Visitor,0
100439,2026-06-23,Organic Search,SEO - Blog,12,Lead,0
103798,2026-05-16,Paid Search,Google Ads - Brand,0,Visitor,0
100844,2026-05-04,Organic Search,SEO - Product Pages,0,Visitor,0
102140,2026-02-21,Organic Search,SEO - Blog,0,Visitor,0
111583,2026-04-05,Direct,Direct/None,0,Customer,1001
111407,2026-04-11,Direct,Direct/None,0,Visitor,0
104798,2026-02-19,Paid Search,Unknown / Untagged,0,Visitor,0
100976,2026-04-14,Organic Search,SEO - Product Pages,0,Visitor,0
110345,2026-02-23,Direct,Direct/None,0,MQL,0
107849,2026-05-27,Social Media,LinkedIn Ads,0,Visitor,0
105920,2026-05-14,Social Media,Facebook Ads,0,Visitor,0
110437,2026-04-19,Direct,Direct/None,0,Visitor,0
107745,2026-04-26,Social Media,LinkedIn Ads,0,Visitor,0
109936,2026-05-15,Referral,Partner Referral,5,Lead,0
104431,2026-04-07,Paid Search,Google Ads - Generic,0,Visitor,0
105921,2026-04-30,Social Media,Instagram Ads,0,Visitor,0
108287,2026-05-10,Email,Product Drip Campaign,0,Visitor,0
103921,2026-04-04,Paid Search,Google Ads - Generic,0,Visitor,0
102653,2026-03-30,Organic Search,SEO - Blog,0,Visitor,0
100563,2026-03-06,Organic Search,SEO - Product Pages,0,Visitor,0
107828,2026-04-19,Social Media,Instagram Ads,0,Visitor,0
109892,2026-03-12,Referral,Customer Referral Program,5,Customer,1945
104106,2026-04-08,Paid Search,Google Ads - Generic,0,Visitor,0
105496,2026-04-13,Social Media,Facebook Ads,0,Visitor,0
111319,2026-04-29,Direct,Direct/None,0,Visitor,0
109154,2026-03-27,Referral,Partner Referral,5,Lead,0
104523,2026-03-01,Paid Search,Google Ads - Generic,48,Lead,0
111119,2026-04-08,Direct,Direct/None,0,Visitor,0
106498,2026-05-18,Social Media,Instagram Ads,0,Visitor,0
101335,2026-03-15,Organic Search,SEO - Blog,0,Visitor,0
103792,2026-05-31,Paid Search,Google Ads - Brand,0,Visitor,0
101650,2026-06-08,Organic Search,SEO - Product Pages,0,Visitor,0
103270,2026-04-07,Paid Search,Google Ads - Generic,0,Visitor,0
109579,2026-05-02,Referral,Partner Referral,0,Visitor,0
101355,2026-04-12,Organic Search,SEO - Product Pages,0,Visitor,0
105636,2026-04-21,Social Media,Instagram Ads,0,Visitor,0
110351,2026-04-16,Direct,Direct/None,0,Visitor,0
111569,2026-02-16,Direct,Direct/None,0,Visitor,0
110964,2026-04-21,Direct,Direct/None,0,Visitor,0
100016,2026-05-14,Organic Search,SEO - Blog,0,Visitor,0
109116,2026-02-03,Email,Product Drip Campaign,0,Visitor,0
107245,2026-03-05,Social Media,LinkedIn Ads,0,Visitor,0
111689,2026-03-21,Direct,Direct/None,0,Visitor,0
108780,2026-04-14,Email,Newsletter,0,Visitor,0
105472,2026-03-25,Social Media,LinkedIn Ads,0,Visitor,0
103868,2026-03-04,Paid Search,Google Ads - Brand,0,Visitor,0
110494,2026-03-17,Direct,Direct/None,0,Visitor,0
109590,2026-02-12,Referral,Partner Referral,0,Visitor,0
109202,2026-05-02,Referral,Partner Referral,0,Visitor,0
108537,2026-05-05,Email,Product Drip Campaign,8,Lead,0
102182,2026-02-15,Organic Search,SEO - Product Pages,0,Visitor,0
111879,2026-03-05,Direct,Direct/None,0,MQL,0
102388,2026-03-02,Organic Search,SEO - Blog,0,Visitor,0
109164,2026-05-05,Referral,Partner Referral,0,Visitor,0
111141,2026-02-27,Direct,Direct/None,0,Visitor,0
104097,2026-02-03,Paid Search,Google Ads - Brand,48,Lead,0
100522,2026-04-12,Organic Search,SEO - Blog,12,MQL,0
108934,2026-03-28,Email,Newsletter,0,Visitor,0
100716,2026-04-05,Organic Search,SEO - Product Pages,0,Visitor,0
110781,2026-03-18,Direct,Direct/None,0,Visitor,0
107113,2026-05-04,Social Media,LinkedIn Ads,0,Visitor,0
103361,2026-01-13,Paid Search,Google Ads - Brand,0,Visitor,0
104218,2026-03-02,Paid Search,Google Ads - Brand,0,Visitor,0
109070,2026-03-13,Email,Product Drip Campaign,0,Visitor,0
107711,2026-04-06,Social Media,LinkedIn Ads,35,MQL,0
101638,2026-05-22,Organic Search,SEO - Blog,0,Visitor,0
104570,2026-06-07,Paid Search,Google Ads - Brand,0,Visitor,0
101509,2026-04-20,Organic Search,SEO - Product Pages,0,Visitor,0
105052,2026-05-23,Paid Search,Google Ads - Generic,0,Visitor,0
108842,2026-05-28,Email,Newsletter,0,Visitor,0
111949,2026-04-01,Direct,Direct/None,0,Visitor,0
101445,2026-03-31,Organic Search,SEO - Product Pages,0,Visitor,0
105949,2026-04-11,Social Media,Instagram Ads,0,Visitor,0
101032,2026-04-13,Organic Search,SEO - Blog,0,Visitor,0
101018,2026-06-05,Organic Search,SEO - Blog,12,Lead,0
106463,2026-04-27,Social Media,Instagram Ads,35,SQL,0
105979,2026-04-24,Social Media,LinkedIn Ads,0,Visitor,0
111800,2026-04-12,Direct,Direct/None,0,Visitor,0
104871,2026-06-05,Paid Search,Google Ads - Brand,48,Lead,0
108522,2026-02-23,Email,Newsletter,8,Lead,0
104473,2026-05-25,Paid Search,Google Ads - Generic,0,Visitor,0
106339,2026-02-24,Social Media,Facebook Ads,0,Visitor,0
109099,2026-03-31,Email,Product Drip Campaign,0,Visitor,0
109582,2026-03-19,Referral,Customer Referral Program,0,Visitor,0
106579,2026-03-17,Social Media,LinkedIn Ads,0,Visitor,0
101208,2026-04-17,Organic Search,SEO - Blog,0,Visitor,0
108341,2026-06-04,Email,Newsletter,8,Lead,0
110609,2026-01-24,Direct,Direct/None,0,Visitor,0
109187,2026-04-06,Referral,Customer Referral Program,5,MQL,0
102024,2026-04-26,Organic Search,SEO - Product Pages,0,Visitor,0
104822,2026-05-22,Paid Search,Google Ads - Generic,48,Lead,0
101986,2026-05-10,Organic Search,SEO - Blog,12,Lead,0
111364,2026-05-18,Direct,Direct/None,0,Visitor,0
106081,2026-06-17,Social Media,Instagram Ads,0,Visitor,0
111039,2026-05-01,Direct,Direct/None,0,Visitor,0
111772,2026-05-18,Direct,Direct/None,0,Lead,0
104565,2026-05-31,Paid Search,Google Ads - Generic,0,Visitor,0
110703,2026-03-21,Direct,Direct/None,0,Lead,0
100617,2026-04-10,Organic Search,SEO - Product Pages,0,Visitor,0
107834,2026-01-09,Social Media,LinkedIn Ads,35,Lead,0
104418,2026-02-19,Paid Search,Google Ads - Generic,0,Visitor,0
107351,2026-04-11,Social Media,Instagram Ads,0,Visitor,0
102527,2026-03-28,Organic Search,SEO - Product Pages,0,Visitor,0
103645,2026-03-04,Paid Search,Google Ads - Brand,0,Visitor,0
106922,2026-04-02,Social Media,LinkedIn Ads,0,Visitor,0
100525,2026-04-03,Organic Search,SEO - Blog,0,Visitor,0
106357,2026-05-28,Social Media,LinkedIn Ads,0,Visitor,0
101754,2026-04-27,Organic Search,SEO - Blog,0,Visitor,0
103726,2026-05-03,Paid Search,Google Ads - Brand,48,Lead,0
107889,2026-05-12,Social Media,Instagram Ads,0,Visitor,0
104656,2026-02-01,Paid Search,Google Ads - Brand,48,SQL,0
109569,2026-05-16,Referral,Customer Referral Program,5,Lead,0
109474,2026-05-01,Referral,Partner Referral,0,Visitor,0
104749,2026-04-05,Paid Search,Google Ads - Brand,0,Visitor,0
104729,2026-04-24,Paid Search,Google Ads - Brand,0,Visitor,0
111821,2026-05-16,Direct,Direct/None,0,Visitor,0
105238,2026-04-26,Paid Search,Google Ads - Brand,0,Visitor,0
111736,2026-04-05,Direct,Direct/None,0,Visitor,0
106980,2026-05-19,Social Media,Instagram Ads,35,MQL,0
101676,2026-05-12,Organic Search,SEO - Product Pages,0,Visitor,0
101040,2026-03-29,Organic Search,SEO - Blog,0,Visitor,0
102558,2026-04-14,Organic Search,SEO - Product Pages,0,Visitor,0
103813,2026-05-20,Paid Search,Google Ads - Generic,0,Visitor,0
103946,2026-05-06,Paid Search,Google Ads - Generic,48,SQL,0
101170,2026-04-16,Organic Search,SEO - Blog,0,Visitor,0
108751,2026-06-15,Email,Product Drip Campaign,8,Lead,0
100921,2026-03-30,Organic Search,SEO - Blog,12,Lead,0
105744,2026-04-04,Social Media,LinkedIn Ads,0,Visitor,0
108335,2026-05-27,Email,Newsletter,8,MQL,0
103023,2026-03-31,Paid Search,Google Ads - Brand,0,Visitor,0
100209,2026-03-29,Organic Search,SEO - Blog,0,Visitor,0
100806,2026-02-05,Organic Search,SEO - Product Pages,0,Visitor,0
104003,2026-04-24,Paid Search,Google Ads - Brand,0,Visitor,0
109165,2026-05-16,Referral,Partner Referral,0,Visitor,0
104598,2026-04-12,Paid Search,Google Ads - Generic,0,Visitor,0
110417,2026-05-16,Direct,Direct/None,0,Lead,0
107882,2026-04-24,Social Media,LinkedIn Ads,0,Visitor,0
108792,2026-03-15,Email,Newsletter,8,Lead,0
103842,2026-01-25,Paid Search,Google Ads - Brand,0,Visitor,0
102273,2026-03-10,Organic Search,SEO - Blog,12,MQL,0
102709,2026-04-10,Organic Search,SEO - Product Pages,0,Visitor,0
108345,2026-03-01,Email,Product Drip Campaign,0,Visitor,0
110284,2026-04-06,Direct,Direct/None,0,Visitor,0
104278,2026-04-14,Paid Search,Google Ads - Generic,0,Visitor,0
102012,2026-05-12,Organic Search,SEO - Blog,0,Visitor,0
101649,2026-03-29,Organic Search,SEO - Blog,0,Visitor,0
105281,2026-05-28,Social Media,Instagram Ads,0,Visitor,0
108523,2026-05-02,Email,Product Drip Campaign,0,Visitor,0
110610,2026-03-11,Direct,Direct/None,0,Visitor,0
111171,2026-02-14,Direct,Unknown / Untagged,0,Visitor,0
104472,2026-03-28,Paid Search,Google Ads - Brand,0,Visitor,0
111666,2026-06-10,Direct,Direct/None,0,Visitor,0
102873,2026-04-04,Organic Search,SEO - Blog,0,Visitor,0
101734,2026-02-17,Organic Search,SEO - Product Pages,0,Visitor,0
100856,2026-05-05,Organic Search,SEO - Blog,0,Visitor,0
111421,2026-05-30,Direct,Direct/None,0,Visitor,0
102085,2026-03-18,Organic Search,SEO - Product Pages,0,Visitor,0
106628,2026-05-18,Social Media,Instagram Ads,0,Visitor,0
106276,2026-04-29,Social Media,Facebook Ads,0,Visitor,0
107841,2026-04-01,Social Media,Instagram Ads,0,Visitor,0
109020,2026-04-30,Email,Newsletter,0,Visitor,0
107100,2026-05-15,Social Media,Facebook Ads,0,Visitor,0
105515,2026-05-03,Social Media,Instagram Ads,0,Visitor,0
105063,2026-04-25,Paid Search,Google Ads - Generic,0,Visitor,0
110683,2026-03-31,Direct,Direct/None,0,Visitor,0
105680,2026-05-03,Social Media,Facebook Ads,0,Visitor,0
108693,2026-03-16,Email,Product Drip Campaign,8,Lead,0
107497,2026-03-19,Social Media,LinkedIn Ads,0,Visitor,0
104516,2026-05-16,Paid Search,Google Ads - Brand,48,Lead,0
106812,2026-04-11,Social Media,Instagram Ads,0,Visitor,0
110639,2026-03-19,Direct,Direct/None,0,Visitor,0
108359,2026-03-27,Email,Product Drip Campaign,0,Visitor,0
110528,2026-04-13,Direct,Direct/None,0,Visitor,0
110685,2026-02-16,Direct,Direct/None,0,Visitor,0
106165,2026-06-09,Social Media,LinkedIn Ads,0,Visitor,0
102272,2026-03-28,Organic Search,SEO - Product Pages,0,Visitor,0
103686,2026-06-02,Paid Search,Google Ads - Generic,0,Visitor,0
102987,2026-03-01,Paid Search,Google Ads - Brand,48,Lead,0
108090,2026-03-05,Email,Product Drip Campaign,0,Visitor,0
100897,2026-04-16,Organic Search,SEO - Blog,0,Visitor,0
101393,2026-02-06,Organic Search,SEO - Blog,0,Visitor,0
100433,2026-01-30,Organic Search,SEO - Product Pages,0,Visitor,0
108294,2026-06-10,Email,Newsletter,8,Customer,1235
110005,2026-03-01,Referral,Customer Referral Program,5,SQL,0
108400,2026-03-18,Email,Newsletter,0,Visitor,0
108901,2026-05-24,Email,Newsletter,0,Visitor,0
111937,2026-01-20,Direct,Direct/None,0,Lead,0
109914,2026-05-04,Referral,Customer Referral Program,0,Visitor,0
109085,2026-05-22,Email,Newsletter,0,Visitor,0
108111,2026-02-16,Email,Newsletter,0,Visitor,0
105248,2026-05-26,Paid Search,Google Ads - Brand,0,Visitor,0
104735,2026-03-25,Paid Search,Google Ads - Brand,0,Visitor,0
105524,2026-02-24,Social Media,Instagram Ads,0,Visitor,0
100043,2026-04-13,Organic Search,SEO - Product Pages,12,MQL,0
105365,2026-04-16,Social Media,LinkedIn Ads,0,Visitor,0
109235,2026-03-17,Referral,Customer Referral Program,5,Customer,1239
107332,2026-05-02,Social Media,LinkedIn Ads,0,Visitor,0
103895,2026-03-31,Paid Search,Google Ads - Generic,0,Visitor,0
104345,2026-04-10,Paid Search,Google Ads - Brand,0,Visitor,0
107037,2026-03-11,Social Media,LinkedIn Ads,0,Visitor,0
109634,2026-04-28,Referral,Customer Referral Program,0,Visitor,0
107273,2026-05-01,Social Media,LinkedIn Ads,0,Visitor,0
110069,2026-03-18,Referral,Customer Referral Program,0,Visitor,0
109042,2026-03-04,Email,Newsletter,0,Visitor,0
106226,2026-04-11,Social Media,Instagram Ads,0,Visitor,0
106649,2026-01-25,Social Media,Facebook Ads,0,Visitor,0
109014,2026-03-09,Email,Product Drip Campaign,0,Visitor,0
104255,2026-03-10,Paid Search,Google Ads - Brand,0,Visitor,0
103211,2026-02-09,Paid Search,Google Ads - Generic,48,Lead,0
108046,2026-04-27,Email,Product Drip Campaign,0,Visitor,0
101807,2026-04-29,Organic Search,SEO - Blog,12,SQL,0
106062,2026-04-22,Social Media,Instagram Ads,0,Visitor,0
104172,2026-03-26,Paid Search,Google Ads - Brand,48,MQL,0
105159,2026-05-17,Paid Search,Google Ads - Generic,0,Visitor,0
107298,2026-04-18,Social Media,Facebook Ads,0,Visitor,0
108927,2026-03-06,Email,Newsletter,8,Lead,0
104353,2026-06-19,Paid Search,Google Ads - Brand,0,Visitor,0
100781,2026-04-04,Organic Search,SEO - Product Pages,0,Visitor,0
105787,2026-04-28,Social Media,Instagram Ads,0,Visitor,0
103362,2026-02-20,Paid Search,Google Ads - Brand,48,Lead,0
100113,2026-05-14,Organic Search,SEO - Blog,0,Visitor,0
100134,2026-01-28,Organic Search,SEO - Product Pages,0,Visitor,0
111015,2026-04-29,Direct,Direct/None,0,Visitor,0
103548,2026-04-22,Paid Search,Google Ads - Brand,48,Lead,0
104805,2026-03-27,Paid Search,Google Ads - Brand,0,Visitor,0
102536,2026-05-29,Organic Search,SEO - Blog,0,Visitor,0
101359,2026-03-23,Organic Search,SEO - Blog,12,Lead,0
104094,2026-03-29,Paid Search,Google Ads - Generic,0,Visitor,0
102339,2026-05-16,Organic Search,SEO - Blog,12,Lead,0
107569,2026-03-30,Social Media,LinkedIn Ads,0,Visitor,0
106474,2026-02-13,Social Media,Facebook Ads,35,MQL,0
104495,2026-03-25,Paid Search,Google Ads - Brand,0,Visitor,0
110727,2026-04-08,Direct,Direct/None,0,Lead,0
104318,2026-03-23,Paid Search,Google Ads - Generic,0,Visitor,0
102805,2026-06-02,Organic Search,SEO - Blog,12,Lead,0
108922,2026-04-22,Email,Newsletter,0,Visitor,0
105833,2026-03-11,Social Media,Instagram Ads,0,Visitor,0
105908,2026-04-07,Social Media,Instagram Ads,0,Visitor,0
111991,2026-04-12,Direct,Direct/None,0,Lead,0
109257,2026-05-14,Referral,Partner Referral,5,SQL,0
105589,2026-04-06,Social Media,Instagram Ads,0,Visitor,0
104988,2026-03-10,Paid Search,Google Ads - Generic,0,Visitor,0
109471,2026-02-09,Referral,Customer Referral Program,0,Visitor,0
111190,2026-04-15,Direct,Direct/None,0,Visitor,0
104763,2026-05-28,Paid Search,Google Ads - Generic,0,Visitor,0
104247,2026-04-28,Paid Search,Google Ads - Brand,0,Visitor,0
108125,2026-03-18,Email,Product Drip Campaign,0,Visitor,0
109628,2026-04-19,Referral,Partner Referral,0,Visitor,0
102368,2026-04-20,Organic Search,SEO - Blog,0,Visitor,0
104886,2026-01-23,Paid Search,Google Ads - Generic,48,Lead,0
101667,2026-05-18,Organic Search,SEO - Product Pages,0,Visitor,0
106849,2026-03-31,Social Media,LinkedIn Ads,0,Visitor,0
109552,2026-02-20,Referral,Customer Referral Program,0,Visitor,0
105627,2026-03-30,Social Media,LinkedIn Ads,0,Visitor,0
104382,2026-03-05,Paid Search,Google Ads - Generic,0,Visitor,0
100175,2026-04-11,Organic Search,SEO - Blog,0,Visitor,0
102281,2026-04-25,Organic Search,SEO - Product Pages,0,Visitor,0
101916,2026-04-06,Organic Search,SEO - Product Pages,0,Visitor,0
102736,2026-04-26,Organic Search,SEO - Product Pages,0,Visitor,0
108851,2026-04-09,Email,Product Drip Campaign,8,Lead,0
100057,2026-05-01,Organic Search,SEO - Product Pages,0,Visitor,0
109983,2026-05-12,Referral,Customer Referral Program,0,Visitor,0
105189,2026-04-20,Paid Search,Google Ads - Generic,0,Visitor,0
103437,2026-05-01,Paid Search,Unknown / Untagged,0,Visitor,0
106755,2026-02-18,Social Media,Instagram Ads,0,Visitor,0
103839,2026-04-04,Paid Search,Google Ads - Brand,0,Visitor,0
109917,2026-05-08,Referral,Partner Referral,0,Visitor,0
107270,2026-04-07,Social Media,LinkedIn Ads,0,Visitor,0
103742,2026-04-21,Paid Search,Google Ads - Generic,0,Visitor,0
100109,2026-04-22,Organic Search,SEO - Product Pages,12,Lead,0
105827,2026-03-11,Social Media,LinkedIn Ads,0,Visitor,0
102587,2026-03-28,Organic Search,SEO - Product Pages,0,Visitor,0
108833,2026-05-21,Email,Newsletter,8,SQL,0
103845,2026-05-09,Paid Search,Google Ads - Brand,0,Visitor,0
104276,2026-05-15,Paid Search,Google Ads - Generic,48,Lead,0
102186,2026-04-25,Organic Search,SEO - Blog,0,Visitor,0
102209,2026-02-15,Organic Search,SEO - Blog,12,Lead,0
105942,2026-05-09,Social Media,LinkedIn Ads,0,Visitor,0
105716,2026-05-17,Social Media,Instagram Ads,35,Lead,0
100611,2026-02-20,Organic Search,SEO - Product Pages,0,Visitor,0
105243,2026-05-02,Paid Search,Google Ads - Generic,0,Visitor,0
100155,2026-04-03,Organic Search,SEO - Blog,0,Visitor,0
110715,2026-02-23,Direct,Direct/None,0,Visitor,0
109313,2026-06-03,Referral,Customer Referral Program,0,Visitor,0
111722,2026-04-13,Direct,Direct/None,0,Visitor,0
105532,2026-02-05,Social Media,LinkedIn Ads,0,Visitor,0
102979,2026-05-03,Paid Search,Google Ads - Generic,48,SQL,0
111869,2026-03-15,Direct,Direct/None,0,Visitor,0
104426,2026-04-28,Paid Search,Google Ads - Brand,48,Lead,0
108074,2026-03-04,Email,Product Drip Campaign,0,Visitor,0
109422,2026-02-20,Referral,Partner Referral,0,Visitor,0
109417,2026-04-05,Referral,Customer Referral Program,0,Visitor,0
109818,2026-03-19,Referral,Partner Referral,0,Visitor,0
110066,2026-05-15,Referral,Partner Referral,0,Visitor,0
111192,2026-02-03,Direct,Direct/None,0,Visitor,0
100012,2026-04-04,Organic Search,SEO - Product Pages,0,Visitor,0
102169,2026-02-19,Organic Search,SEO - Blog,0,Visitor,0
108073,2026-06-05,Email,Newsletter,0,Visitor,0
111845,2026-06-19,Direct,Direct/None,0,Visitor,0
111168,2026-05-11,Direct,Direct/None,0,Visitor,0
110504,2026-03-08,Direct,Direct/None,0,Visitor,0
104215,2026-04-16,Paid Search,Google Ads - Brand,0,Visitor,0
108457,2026-04-02,Email,Newsletter,0,Visitor,0
103751,2026-02-26,Paid Search,Google Ads - Generic,0,Visitor,0
103284,2026-04-25,Paid Search,Google Ads - Brand,0,Visitor,0
102903,2026-05-25,Paid Search,Google Ads - Generic,0,Visitor,0
108407,2026-03-19,Email,Newsletter,0,Visitor,0
110038,2026-03-26,Referral,Customer Referral Program,0,Visitor,0
105684,2026-03-21,Social Media,LinkedIn Ads,35,MQL,0
105123,2026-05-23,Paid Search,Google Ads - Generic,0,Visitor,0
111967,2026-04-13,Direct,Direct/None,0,Visitor,0
105567,2026-05-08,Social Media,Facebook Ads,0,Visitor,0
105417,2026-03-09,Social Media,Facebook Ads,0,Visitor,0
110077,2026-06-20,Referral,Partner Referral,5,Customer,1820
104502,2026-02-10,Paid Search,Google Ads - Brand,0,Visitor,0
100935,2026-04-29,Organic Search,SEO - Blog,0,Visitor,0
106925,2026-04-01,Social Media,Facebook Ads,0,Visitor,0
102969,2026-01-19,Paid Search,Google Ads - Brand,0,Visitor,0
101814,2026-04-29,Organic Search,SEO - Blog,0,Visitor,0
110855,2026-03-23,Direct,Direct/None,0,MQL,0
101629,2026-03-11,Organic Search,SEO - Product Pages,0,Visitor,0
101843,2026-03-16,Organic Search,SEO - Blog,12,Customer,843
105205,2026-02-27,Paid Search,Google Ads - Brand,48,Lead,0
106248,2026-01-20,Social Media,Instagram Ads,35,Lead,0
105778,2026-05-22,Social Media,LinkedIn Ads,0,Visitor,0
110337,2026-04-03,Direct,Direct/None,0,Visitor,0
110392,2026-03-12,Direct,Direct/None,0,Visitor,0
107728,2026-03-12,Social Media,Instagram Ads,0,Visitor,0
108957,2026-06-25,Email,Product Drip Campaign,0,Visitor,0
110561,2026-04-05,Direct,Direct/None,0,Visitor,0
100717,2026-04-05,Organic Search,SEO - Blog,0,Visitor,0
101285,2026-03-20,Organic Search,SEO - Blog,12,Lead,0
100645,2026-04-24,Organic Search,SEO - Blog,0,Visitor,0
106955,2026-05-25,Social Media,Facebook Ads,0,Visitor,0
107593,2026-02-24,Social Media,Facebook Ads,0,Visitor,0
110780,2026-03-16,Direct,Direct/None,0,Lead,0
110008,2026-05-02,Referral,Customer Referral Program,0,Visitor,0
101437,2026-02-13,Organic Search,SEO - Product Pages,12,Lead,0
103364,2026-04-18,Paid Search,Google Ads - Generic,48,Lead,0
103480,2026-05-06,Paid Search,Google Ads - Generic,48,Lead,0
106377,2026-02-05,Social Media,Facebook Ads,0,Visitor,0
105383,2026-05-08,Social Media,Instagram Ads,0,Visitor,0
108351,2026-04-11,Email,Product Drip Campaign,0,Visitor,0
107810,2026-04-15,Social Media,Facebook Ads,0,Visitor,0
111024,2026-04-19,Direct,Direct/None,0,Visitor,0
105614,2026-02-05,Social Media,Facebook Ads,0,Visitor,0
101792,2026-03-29,Organic Search,SEO - Product Pages,0,Visitor,0
106518,2026-03-20,Social Media,LinkedIn Ads,0,Visitor,0
100141,2026-05-10,Organic Search,SEO - Blog,0,Visitor,0
103711,2026-05-23,Paid Search,Google Ads - Brand,0,Visitor,0
102920,2026-04-27,Paid Search,Google Ads - Brand,0,Visitor,0
103216,2026-05-14,Paid Search,Google Ads - Generic,0,Visitor,0
102645,2026-02-11,Organic Search,SEO - Blog,0,Visitor,0
105203,2026-04-11,Paid Search,Google Ads - Generic,0,Visitor,0
105961,2026-04-17,Social Media,Instagram Ads,0,Visitor,0
105950,2026-05-03,Social Media,LinkedIn Ads,0,Visitor,0
109991,2026-04-22,Referral,Customer Referral Program,0,Visitor,0
104463,2026-02-23,Paid Search,Google Ads - Brand,48,Lead,0
106920,2026-02-24,Social Media,Instagram Ads,0,Visitor,0
107012,2026-04-29,Social Media,Instagram Ads,35,Lead,0
101264,2026-05-07,Organic Search,SEO - Product Pages,0,Visitor,0
100101,2026-05-09,Organic Search,SEO - Blog,12,SQL,0
105106,2026-04-23,Paid Search,Google Ads - Brand,0,Visitor,0
109172,2026-04-21,Referral,Partner Referral,0,Visitor,0
100450,2026-02-25,Organic Search,SEO - Blog,0,Visitor,0
111351,2026-04-07,Direct,Direct/None,0,Visitor,0
105618,2026-02-07,Social Media,Instagram Ads,0,Visitor,0
101686,2026-04-28,Organic Search,SEO - Product Pages,0,Visitor,0
104280,2026-04-30,Paid Search,Google Ads - Generic,0,Visitor,0
107774,2026-03-12,Social Media,Instagram Ads,0,Visitor,0
108909,2026-02-21,Email,Newsletter,0,Visitor,0
104077,2026-04-29,Paid Search,Google Ads - Generic,0,Visitor,0
101637,2026-04-05,Organic Search,SEO - Product Pages,0,Visitor,0
108057,2026-05-02,Email,Product Drip Campaign,0,Visitor,0
109385,2026-04-04,Referral,Customer Referral Program,0,Visitor,0
108585,2026-05-09,Email,Newsletter,0,Visitor,0
102022,2026-04-10,Organic Search,SEO - Product Pages,0,Visitor,0
107373,2026-03-21,Social Media,LinkedIn Ads,0,Visitor,0
104370,2026-03-10,Paid Search,Google Ads - Brand,48,Lead,0
110819,2026-03-29,Direct,Direct/None,0,Visitor,0
107185,2026-04-12,Social Media,Facebook Ads,0,Visitor,0
100190,2026-03-27,Organic Search,SEO - Product Pages,0,Visitor,0
105797,2026-01-12,Social Media,LinkedIn Ads,0,Visitor,0
106852,2026-04-22,Social Media,Facebook Ads,0,Visitor,0
110116,2026-05-15,Referral,Customer Referral Program,5,MQL,0
102655,2026-02-28,Organic Search,SEO - Blog,12,SQL,0
111108,2026-02-14,Direct,Direct/None,0,Visitor,0
111693,2026-04-15,Direct,Direct/None,0,Visitor,0
111370,2026-05-20,Direct,Direct/None,0,Visitor,0
109453,2026-06-25,Referral,Customer Referral Program,0,Visitor,0
104254,2026-04-04,Paid Search,Google Ads - Generic,48,Lead,0
100297,2026-04-18,Organic Search,SEO - Blog,0,Visitor,0
111674,2026-02-15,Direct,Direct/None,0,Visitor,0
108611,2026-01-12,Email,Product Drip Campaign,8,Lead,0
100555,2026-04-30,Organic Search,SEO - Blog,0,Visitor,0
107838,2026-02-26,Social Media,Instagram Ads,0,Visitor,0
107896,2026-03-22,Social Media,Instagram Ads,35,Lead,0
101838,2026-05-22,Organic Search,SEO - Blog,12,Lead,0
111630,2026-04-03,Direct,Direct/None,0,Visitor,0
105533,2026-04-24,Social Media,LinkedIn Ads,0,Visitor,0
105345,2026-05-04,Social Media,Instagram Ads,0,Visitor,0
102659,2026-04-27,Organic Search,SEO - Product Pages,0,Visitor,0
111657,2026-02-20,Direct,Direct/None,0,Lead,0
109640,2026-05-30,Referral,Partner Referral,5,Lead,0
103410,2026-04-25,Paid Search,Google Ads - Brand,48,Lead,0
104593,2026-04-18,Paid Search,Google Ads - Generic,0,Visitor,0
105276,2026-03-04,Paid Search,Google Ads - Brand,48,Lead,0
108082,2026-04-19,Email,Unknown / Untagged,0,Visitor,0
107469,2026-04-07,Social Media,Instagram Ads,0,Visitor,0
110085,2026-04-11,Referral,Partner Referral,0,Visitor,0
110247,2026-04-25,Direct,Direct/None,0,Visitor,0
102194,2026-05-12,Organic Search,SEO - Blog,0,Visitor,0
102755,2026-04-16,Organic Search,SEO - Blog,0,Visitor,0
102746,2026-01-20,Organic Search,SEO - Blog,12,Lead,0
109144,2026-02-06,Referral,Partner Referral,0,Visitor,0
109314,2026-03-02,Referral,Unknown / Untagged,0,Visitor,0
103993,2026-02-11,Paid Search,Google Ads - Generic,0,Visitor,0
100731,2026-02-01,Organic Search,SEO - Product Pages,0,Visitor,0
110258,2026-04-26,Direct,Direct/None,0,Visitor,0
101562,2026-04-09,Organic Search,SEO - Product Pages,0,Visitor,0
108089,2026-02-12,Email,Newsletter,8,Customer,1309
107578,2026-05-02,Social Media,Instagram Ads,0,Visitor,0
109129,2026-04-09,Referral,Customer Referral Program,5,MQL,0
102931,2026-05-10,Paid Search,Google Ads - Generic,0,Visitor,0
110378,2026-03-29,Direct,Direct/None,0,SQL,0
105292,2026-05-29,Social Media,Facebook Ads,0,Visitor,0
102268,2026-03-25,Organic Search,SEO - Product Pages,0,Visitor,0
101214,2026-05-03,Organic Search,SEO - Blog,0,Visitor,0
106983,2026-05-17,Social Media,Facebook Ads,0,Visitor,0
108311,2026-03-09,Email,Unknown / Untagged,8,MQL,0
109762,2026-01-16,Referral,Customer Referral Program,5,Lead,0
104550,2026-01-02,Paid Search,Google Ads - Brand,0,Visitor,0
111187,2026-04-15,Direct,Direct/None,0,Visitor,0
107980,2026-05-04,Email,Newsletter,0,Visitor,0
104184,2026-05-05,Paid Search,Google Ads - Generic,0,Visitor,0
108603,2026-04-27,Email,Newsletter,0,Visitor,0
104917,2026-03-17,Paid Search,Google Ads - Generic,0,Visitor,0
106021,2026-05-05,Social Media,Facebook Ads,0,Visitor,0
102329,2026-04-21,Organic Search,SEO - Blog,0,Visitor,0
100501,2026-02-26,Organic Search,SEO - Blog,0,Visitor,0
104475,2026-02-20,Paid Search,Google Ads - Brand,0,Visitor,0
109565,2026-04-30,Referral,Partner Referral,5,Customer,1151
110316,2026-02-14,Direct,Direct/None,0,Visitor,0
102552,2026-02-25,Organic Search,SEO - Blog,0,Visitor,0
102318,2026-04-19,Organic Search,SEO - Product Pages,0,Visitor,0
109860,2026-05-25,Referral,Partner Referral,0,Visitor,0
111160,2026-05-16,Direct,Direct/None,0,Visitor,0
102795,2026-04-08,Organic Search,SEO - Blog,0,Visitor,0
106978,2026-06-19,Social Media,Instagram Ads,0,Visitor,0
105668,2026-04-03,Social Media,Facebook Ads,0,Visitor,0
110030,2026-05-27,Referral,Partner Referral,0,Visitor,0
104907,2026-03-30,Paid Search,Google Ads - Brand,0,Visitor,0
108239,2026-04-26,Email,Product Drip Campaign,8,MQL,0
111263,2026-04-21,Direct,Direct/None,0,Visitor,0
102117,2026-04-05,Organic Search,SEO - Blog,0,Visitor,0
101924,2026-03-09,Organic Search,SEO - Blog,0,Visitor,0
102847,2026-03-13,Organic Search,SEO - Blog,12,MQL,0
105874,2026-03-21,Social Media,LinkedIn Ads,0,Visitor,0
106939,2026-03-03,Social Media,LinkedIn Ads,0,Visitor,0
101220,2026-05-03,Organic Search,SEO - Blog,0,Visitor,0
101376,2026-02-25,Organic Search,SEO - Product Pages,0,Visitor,0
103340,2026-02-28,Paid Search,Google Ads - Generic,0,Visitor,0
107719,2026-03-01,Social Media,Instagram Ads,0,Visitor,0
108474,2026-03-16,Email,Product Drip Campaign,0,Visitor,0
105587,2026-06-04,Social Media,Facebook Ads,0,Visitor,0
107865,2026-04-16,Social Media,Facebook Ads,35,Lead,0
104723,2026-05-31,Paid Search,Google Ads - Generic,48,Lead,0
110269,2026-02-03,Direct,Direct/None,0,MQL,0
108097,2026-02-27,Email,Newsletter,0,Visitor,0
107536,2026-02-27,Social Media,LinkedIn Ads,0,Visitor,0
108144,2026-04-01,Email,Product Drip Campaign,0,Visitor,0
106896,2026-05-19,Social Media,Instagram Ads,35,Lead,0
111712,2026-06-19,Direct,Direct/None,0,Lead,0
110956,2026-05-12,Direct,Direct/None,0,Visitor,0
109839,2026-03-17,Referral,Partner Referral,5,Lead,0
111513,2026-05-24,Direct,Direct/None,0,Visitor,0
110358,2026-06-12,Direct,Direct/None,0,MQL,0
105016,2026-01-14,Paid Search,Google Ads - Brand,0,Visitor,0
100607,2026-05-19,Organic Search,SEO - Product Pages,12,MQL,0
108864,2026-03-05,Email,Product Drip Campaign,0,Visitor,0
102128,2026-06-07,Organic Search,SEO - Blog,0,Visitor,0
109668,2026-06-13,Referral,Partner Referral,5,SQL,0
109450,2026-03-12,Referral,Partner Referral,5,Lead,0
106203,2026-05-23,Social Media,Instagram Ads,0,Visitor,0
108672,2026-04-12,Email,Product Drip Campaign,0,Visitor,0
107016,2026-03-20,Social Media,LinkedIn Ads,0,Visitor,0
109231,2026-04-21,Referral,Customer Referral Program,5,Lead,0
109086,2026-04-25,Email,Product Drip Campaign,0,Visitor,0
101255,2026-03-15,Organic Search,SEO - Product Pages,12,Lead,0
100214,2026-04-05,Organic Search,SEO - Product Pages,12,MQL,0
105772,2026-05-08,Social Media,Facebook Ads,0,Visitor,0
110668,2026-04-21,Direct,Direct/None,0,Lead,0
103086,2026-04-22,Paid Search,Google Ads - Generic,0,Visitor,0
102243,2026-04-30,Organic Search,SEO - Product Pages,0,Visitor,0
101137,2026-02-05,Organic Search,SEO - Product Pages,0,Visitor,0
102131,2026-02-09,Organic Search,SEO - Product Pages,12,SQL,0
108058,2026-04-11,Email,Newsletter,8,Lead,0
103655,2026-04-29,Paid Search,Google Ads - Brand,0,Visitor,0
109584,2026-05-20,Referral,Partner Referral,0,Visitor,0
103679,2026-04-08,Paid Search,Google Ads - Brand,0,Visitor,0
109796,2026-01-26,Referral,Partner Referral,0,Visitor,0
108135,2026-06-13,Email,Newsletter,0,Visitor,0
107801,2026-03-17,Social Media,Facebook Ads,0,Visitor,0
103786,2026-02-03,Paid Search,Google Ads - Generic,48,MQL,0
105019,2026-05-18,Paid Search,Google Ads - Brand,0,Visitor,0
106565,2026-05-02,Social Media,Facebook Ads,0,Visitor,0
100326,2026-02-11,Organic Search,SEO - Product Pages,12,Customer,648
103493,2026-05-09,Paid Search,Google Ads - Brand,0,Visitor,0
103323,2026-04-14,Paid Search,Google Ads - Generic,0,Visitor,0
100787,2026-05-15,Organic Search,SEO - Blog,12,MQL,0
107220,2026-03-28,Social Media,Instagram Ads,0,Visitor,0
102778,2026-02-20,Organic Search,SEO - Blog,0,Visitor,0
104380,2026-03-27,Paid Search,Google Ads - Brand,0,Visitor,0
103810,2026-04-23,Paid Search,Google Ads - Generic,0,Visitor,0
103871,2026-04-23,Paid Search,Google Ads - Generic,48,Lead,0
105430,2026-05-21,Social Media,Instagram Ads,0,Visitor,0
109600,2026-05-24,Referral,Partner Referral,5,Customer,1823
110229,2026-02-01,Direct,Direct/None,0,Visitor,0
106503,2026-05-22,Social Media,LinkedIn Ads,0,Visitor,0
105336,2026-04-27,Social Media,LinkedIn Ads,0,Visitor,0
106349,2026-04-12,Social Media,LinkedIn Ads,0,Visitor,0
101200,2026-05-05,Organic Search,SEO - Blog,0,Visitor,0
102743,2026-03-13,Organic Search,SEO - Blog,0,Visitor,0
105753,2026-03-09,Social Media,LinkedIn Ads,0,Visitor,0
100883,2026-04-08,Organic Search,SEO - Blog,0,Visitor,0
110329,2026-03-07,Direct,Direct/None,0,Visitor,0
104829,2026-03-08,Paid Search,Google Ads - Brand,0,Visitor,0
108657,2026-05-20,Email,Newsletter,0,Visitor,0
101749,2026-02-23,Organic Search,SEO - Blog,0,Visitor,0
106034,2026-04-13,Social Media,LinkedIn Ads,0,Visitor,0
101122,2026-01-18,Organic Search,SEO - Blog,0,Visitor,0
103269,2026-05-07,Paid Search,Google Ads - Brand,0,Visitor,0
100701,2026-05-08,Organic Search,SEO - Product Pages,0,Visitor,0
110025,2026-03-28,Referral,Partner Referral,5,Lead,0
104000,2026-01-13,Paid Search,Google Ads - Generic,0,Visitor,0
109616,2026-04-18,Referral,Customer Referral Program,5,Customer,1637
111611,2026-04-15,Direct,Direct/None,0,Visitor,0
101926,2026-02-03,Organic Search,SEO - Product Pages,0,Visitor,0
101103,2026-04-29,Organic Search,SEO - Product Pages,0,Visitor,0
109315,2026-04-04,Referral,Partner Referral,0,Visitor,0
108604,2026-05-02,Email,Product Drip Campaign,8,Lead,0
111134,2026-01-10,Direct,Direct/None,0,Visitor,0
102544,2026-04-07,Organic Search,SEO - Product Pages,0,Visitor,0
110029,2026-05-13,Referral,Customer Referral Program,0,Visitor,0
106441,2026-01-19,Social Media,Instagram Ads,0,Visitor,0
104362,2026-04-12,Paid Search,Google Ads - Generic,0,Visitor,0
111728,2026-04-23,Direct,Direct/None,0,Visitor,0
104784,2026-03-02,Paid Search,Google Ads - Generic,0,Visitor,0
107874,2026-03-24,Social Media,Instagram Ads,0,Visitor,0
103980,2026-04-02,Paid Search,Google Ads - Brand,0,Visitor,0
106677,2026-04-02,Social Media,Facebook Ads,0,Visitor,0
102669,2026-02-17,Organic Search,SEO - Blog,0,Visitor,0
105638,2026-05-04,Social Media,Instagram Ads,0,Visitor,0
106591,2026-02-23,Social Media,Instagram Ads,0,Visitor,0
107361,2026-01-18,Social Media,Instagram Ads,0,Visitor,0
107067,2026-03-23,Social Media,Facebook Ads,0,Visitor,0
110441,2026-03-16,Direct,Direct/None,0,Visitor,0
108938,2026-03-22,Email,Product Drip Campaign,8,Lead,0
103186,2026-05-20,Paid Search,Google Ads - Brand,0,Visitor,0
105564,2026-03-15,Social Media,LinkedIn Ads,0,Visitor,0
111981,2026-05-18,Direct,Direct/None,0,Visitor,0
111843,2026-04-16,Direct,Direct/None,0,Visitor,0
111496,2026-03-31,Direct,Direct/None,0,Lead,0
100798,2026-02-19,Organic Search,SEO - Blog,0,Visitor,0
110693,2026-04-13,Direct,Direct/None,0,Customer,608
106697,2026-03-20,Social Media,Instagram Ads,0,Visitor,0
100003,2026-04-19,Organic Search,SEO - Product Pages,0,Visitor,0
108121,2026-02-05,Email,Newsletter,0,Visitor,0
101280,2026-01-08,Organic Search,SEO - Product Pages,0,Visitor,0
102760,2026-04-30,Organic Search,SEO - Blog,12,Lead,0
110991,2026-03-03,Direct,Direct/None,0,Visitor,0
100706,2026-05-02,Organic Search,SEO - Product Pages,0,Visitor,0
108787,2026-04-15,Email,Product Drip Campaign,8,Lead,0
106450,2026-04-24,Social Media,LinkedIn Ads,0,Visitor,0
101191,2026-03-24,Organic Search,SEO - Product Pages,0,Visitor,0
109266,2026-04-05,Referral,Partner Referral,5,SQL,0
101097,2026-06-09,Organic Search,SEO - Blog,0,Visitor,0
101723,2026-03-27,Organic Search,SEO - Product Pages,0,Visitor,0
109844,2026-03-29,Referral,Customer Referral Program,5,Lead,0
110134,2026-03-13,Referral,Partner Referral,5,SQL,0
102996,2026-02-04,Paid Search,Google Ads - Brand,0,Visitor,0
105273,2026-03-31,Paid Search,Google Ads - Brand,0,Visitor,0
111499,2026-02-06,Direct,Direct/None,0,Visitor,0
111696,2026-04-18,Direct,Direct/None,0,Visitor,0
100916,2026-04-26,Organic Search,SEO - Blog,0,Visitor,0
111738,2026-05-05,Direct,Direct/None,0,Visitor,0
102247,2026-05-14,Organic Search,SEO - Blog,0,Visitor,0
100063,2026-04-27,Organic Search,SEO - Product Pages,0,Visitor,0
101741,2026-04-23,Organic Search,SEO - Product Pages,12,MQL,0
104791,2026-05-30,Paid Search,Google Ads - Generic,0,Visitor,0
111658,2026-04-29,Direct,Direct/None,0,Visitor,0
105783,2026-05-12,Social Media,Facebook Ads,0,Visitor,0
101617,2026-04-10,Organic Search,SEO - Blog,0,Visitor,0
107075,2026-03-15,Social Media,LinkedIn Ads,0,Visitor,0
106052,2026-02-12,Social Media,LinkedIn Ads,0,Visitor,0
103373,2026-03-18,Paid Search,Google Ads - Brand,0,Visitor,0
101330,2026-04-01,Organic Search,SEO - Product Pages,12,Lead,0
107278,2026-03-02,Social Media,LinkedIn Ads,0,Visitor,0
104753,2026-04-04,Paid Search,Google Ads - Brand,0,Visitor,0
102129,2026-04-30,Organic Search,SEO - Blog,0,Visitor,0
111368,2026-03-14,Direct,Direct/None,0,Visitor,0
106076,2026-04-12,Social Media,LinkedIn Ads,0,Visitor,0
100859,2026-03-27,Organic Search,SEO - Product Pages,0,Visitor,0
109409,2026-02-05,Referral,Customer Referral Program,5,MQL,0
111350,2026-04-05,Direct,Direct/None,0,Visitor,0
107292,2026-05-12,Social Media,Facebook Ads,35,Lead,0
108569,2026-01-22,Email,Newsletter,8,Lead,0
111669,2026-04-13,Direct,Direct/None,0,MQL,0
111046,2026-02-22,Direct,Direct/None,0,Visitor,0
105357,2026-01-23,Social Media,Facebook Ads,0,Visitor,0
111765,2026-05-28,Direct,Direct/None,0,Visitor,0
104773,2026-03-27,Paid Search,Google Ads - Generic,48,SQL,0
111832,2026-04-22,Direct,Direct/None,0,Visitor,0
101110,2026-04-13,Organic Search,SEO - Blog,0,Visitor,0
100857,2026-04-17,Organic Search,SEO - Product Pages,0,Visitor,0
102157,2026-05-20,Organic Search,SEO - Product Pages,0,Visitor,0
100232,2026-03-01,Organic Search,SEO - Blog,0,Visitor,0
102396,2026-03-15,Organic Search,SEO - Product Pages,0,Visitor,0
101123,2026-02-04,Organic Search,SEO - Blog,0,Visitor,0
107160,2026-04-19,Social Media,LinkedIn Ads,35,SQL,0
107349,2026-04-12,Social Media,Instagram Ads,0,Visitor,0
102576,2026-03-29,Organic Search,SEO - Blog,0,Visitor,0
100904,2026-03-07,Organic Search,SEO - Blog,12,MQL,0
104162,2026-03-12,Paid Search,Google Ads - Brand,0,Visitor,0
106931,2026-04-18,Social Media,Facebook Ads,35,Lead,0
107413,2026-04-09,Social Media,Facebook Ads,35,Lead,0
100037,2026-04-10,Organic Search,SEO - Product Pages,12,Lead,0
104737,2026-04-15,Paid Search,Google Ads - Brand,0,Visitor,0
107410,2026-05-27,Social Media,Instagram Ads,0,Visitor,0
103304,2026-02-24,Paid Search,Google Ads - Generic,48,Lead,0
102596,2026-03-16,Organic Search,SEO - Blog,0,Visitor,0
105690,2026-04-28,Social Media,LinkedIn Ads,0,Visitor,0
106012,2026-05-20,Social Media,Facebook Ads,0,Visitor,0
101013,2026-03-08,Organic Search,SEO - Blog,12,Lead,0
102707,2026-04-24,Organic Search,SEO - Product Pages,0,Visitor,0
110021,2026-02-07,Referral,Unknown / Untagged,0,Visitor,0
101884,2026-03-19,Organic Search,SEO - Blog,0,Visitor,0
106946,2026-02-18,Social Media,LinkedIn Ads,0,Visitor,0
110945,2026-03-29,Direct,Direct/None,0,Lead,0
104706,2026-01-31,Paid Search,Google Ads - Generic,48,MQL,0
111734,2026-03-04,Direct,Direct/None,0,Visitor,0
109066,2026-03-17,Email,Newsletter,0,Visitor,0
111793,2026-02-09,Direct,Direct/None,0,Visitor,0
101385,2026-02-06,Organic Search,Unknown / Untagged,0,Visitor,0
101405,2026-05-16,Organic Search,SEO - Product Pages,12,Lead,0
100296,2026-03-22,Organic Search,SEO - Product Pages,0,Visitor,0
107721,2026-04-13,Social Media,Facebook Ads,0,Visitor,0
102548,2026-06-22,Organic Search,SEO - Product Pages,0,Visitor,0
110633,2026-05-06,Direct,Direct/None,0,Visitor,0
109184,2026-03-23,Referral,Partner Referral,0,Visitor,0
105207,2026-03-02,Paid Search,Google Ads - Brand,0,Visitor,0
103893,2026-04-10,Paid Search,Google Ads - Brand,0,Visitor,0
107142,2026-06-04,Social Media,LinkedIn Ads,0,Visitor,0
100887,2026-03-08,Organic Search,SEO - Product Pages,0,Visitor,0
100047,2026-03-07,Organic Search,SEO - Blog,0,Visitor,0
108854,2026-05-04,Email,Newsletter,0,Visitor,0
109198,2026-04-06,Referral,Partner Referral,0,Visitor,0
108155,2026-02-11,Email,Newsletter,0,Visitor,0
102976,2026-04-20,Paid Search,Google Ads - Brand,0,Visitor,0
110922,2026-05-13,Direct,Direct/None,0,Visitor,0
110674,2026-04-25,Direct,Direct/None,0,Visitor,0
102316,2026-04-19,Organic Search,SEO - Product Pages,0,Visitor,0
110854,2026-03-20,Direct,Direct/None,0,Visitor,0
100971,2026-05-11,Organic Search,SEO - Product Pages,0,Visitor,0
110086,2026-04-02,Referral,Customer Referral Program,5,Lead,0
104349,2026-03-20,Paid Search,Google Ads - Brand,48,Lead,0
109179,2026-03-30,Referral,Customer Referral Program,0,Visitor,0
107770,2026-03-06,Social Media,LinkedIn Ads,0,Visitor,0
102571,2026-02-01,Organic Search,SEO - Product Pages,12,Lead,0
104665,2026-03-01,Paid Search,Google Ads - Generic,48,MQL,0
107615,2026-02-19,Social Media,Instagram Ads,0,Visitor,0
106930,2026-03-19,Social Media,Instagram Ads,0,Visitor,0
106926,2026-04-23,Social Media,Facebook Ads,0,Visitor,0
105322,2026-03-07,Social Media,Facebook Ads,0,Visitor,0
109166,2026-04-13,Referral,Customer Referral Program,5,Lead,0
110698,2026-05-03,Direct,Direct/None,0,Visitor,0
103504,2026-06-10,Paid Search,Google Ads - Generic,0,Visitor,0
102907,2026-04-19,Paid Search,Google Ads - Brand,0,Visitor,0
101422,2026-05-10,Organic Search,SEO - Blog,0,Visitor,0
107432,2026-05-12,Social Media,Facebook Ads,0,Visitor,0
101499,2026-04-03,Organic Search,SEO - Blog,12,MQL,0
100724,2026-06-11,Organic Search,SEO - Product Pages,0,Visitor,0
107107,2026-03-10,Social Media,Instagram Ads,0,Visitor,0
102334,2026-04-03,Organic Search,SEO - Product Pages,0,Visitor,0
103605,2026-04-30,Paid Search,Google Ads - Generic,48,MQL,0
108107,2026-02-09,Email,Product Drip Campaign,8,Lead,0
101321,2026-02-25,Organic Search,SEO - Blog,0,Visitor,0
111001,2026-06-05,Direct,Direct/None,0,Visitor,0
108264,2026-05-24,Email,Product Drip Campaign,0,Visitor,0
109512,2026-05-04,Referral,Partner Referral,5,Customer,1230
109052,2026-04-01,Email,Newsletter,0,Visitor,0
110679,2026-04-24,Direct,Direct/None,0,Visitor,0
107886,2026-04-07,Social Media,Instagram Ads,35,Lead,0
111307,2026-01-13,Direct,Direct/None,0,Visitor,0
110330,2026-04-28,Direct,Direct/None,0,Visitor,0
110673,2026-03-08,Direct,Direct/None,0,Visitor,0
101658,2026-04-22,Organic Search,SEO - Product Pages,0,Visitor,0
102004,2026-04-13,Organic Search,SEO - Product Pages,0,Visitor,0
110165,2026-03-18,Referral,Partner Referral,0,Visitor,0
106782,2026-03-18,Social Media,Facebook Ads,0,Visitor,0
111328,2026-05-26,Direct,Direct/None,0,Visitor,0
101173,2026-03-05,Organic Search,SEO - Blog,0,Visitor,0
111420,2026-01-30,Direct,Direct/None,0,Visitor,0
100028,2026-05-30,Organic Search,SEO - Product Pages,12,Lead,0
101312,2026-04-28,Organic Search,SEO - Blog,0,Visitor,0
105035,2026-05-11,Paid Search,Google Ads - Generic,0,Visitor,0
104315,2026-04-02,Paid Search,Google Ads - Brand,0,Visitor,0
106655,2026-05-03,Social Media,Instagram Ads,0,Visitor,0
100946,2026-02-20,Organic Search,SEO - Product Pages,0,Visitor,0
102210,2026-02-13,Organic Search,SEO - Product Pages,0,Visitor,0
108949,2026-05-02,Email,Product Drip Campaign,8,Lead,0
110361,2026-03-13,Direct,Direct/None,0,Visitor,0
111341,2026-03-09,Direct,Direct/None,0,Visitor,0
108624,2026-03-17,Email,Newsletter,8,MQL,0
103354,2026-04-24,Paid Search,Google Ads - Brand,0,Visitor,0
101129,2026-05-02,Organic Search,SEO - Product Pages,0,Visitor,0
106743,2026-02-18,Social Media,Facebook Ads,0,Visitor,0
109602,2026-03-15,Referral,Partner Referral,0,Visitor,0
101788,2026-04-20,Organic Search,SEO - Product Pages,0,Visitor,0
103063,2026-05-06,Paid Search,Google Ads - Brand,0,Visitor,0
105866,2026-02-18,Social Media,Instagram Ads,0,Visitor,0
111454,2026-06-01,Direct,Direct/None,0,Visitor,0
106583,2026-05-17,Social Media,Facebook Ads,0,Visitor,0
103279,2026-05-06,Paid Search,Google Ads - Generic,48,Lead,0
103919,2026-04-24,Paid Search,Google Ads - Generic,48,MQL,0
101607,2026-04-01,Organic Search,SEO - Product Pages,0,Visitor,0
111223,2026-03-31,Direct,Direct/None,0,Visitor,0
107757,2026-06-18,Social Media,LinkedIn Ads,0,Visitor,0
106985,2026-03-04,Social Media,Instagram Ads,35,MQL,0
105363,2026-05-13,Social Media,Instagram Ads,0,Visitor,0
102039,2026-02-03,Organic Search,SEO - Blog,0,Visitor,0
108100,2026-04-25,Email,Newsletter,0,Visitor,0
106683,2026-03-12,Social Media,Instagram Ads,0,Visitor,0
103658,2026-04-04,Paid Search,Google Ads - Generic,0,Visitor,0
103175,2026-02-16,Paid Search,Google Ads - Brand,0,Visitor,0
102457,2026-05-26,Organic Search,SEO - Blog,0,Visitor,0
100459,2026-05-09,Organic Search,SEO - Blog,0,Visitor,0
110465,2026-04-29,Direct,Direct/None,0,Visitor,0
106687,2026-05-21,Social Media,Instagram Ads,0,Visitor,0
102663,2026-03-03,Organic Search,SEO - Blog,0,Visitor,0
111829,2026-02-21,Direct,Direct/None,0,Visitor,0
103724,2026-04-07,Paid Search,Google Ads - Generic,0,Visitor,0
110287,2026-04-18,Direct,Direct/None,0,Visitor,0
108102,2026-03-07,Email,Product Drip Campaign,0,Visitor,0
104927,2026-01-17,Paid Search,Google Ads - Generic,48,Lead,0
106296,2026-03-18,Social Media,LinkedIn Ads,0,Visitor,0
106024,2026-04-18,Social Media,Facebook Ads,0,Visitor,0
108867,2026-01-27,Email,Product Drip Campaign,0,Visitor,0
110951,2026-03-17,Direct,Direct/None,0,Visitor,0
105321,2026-04-15,Social Media,LinkedIn Ads,0,Visitor,0
111449,2026-04-26,Direct,Direct/None,0,MQL,0
108393,2026-04-03,Email,Product Drip Campaign,0,Visitor,0
100233,2026-03-06,Organic Search,SEO - Product Pages,0,Visitor,0
109951,2026-05-21,Referral,Customer Referral Program,5,Customer,1067
107338,2026-02-19,Social Media,LinkedIn Ads,0,Visitor,0
100534,2026-02-11,Organic Search,SEO - Blog,0,Visitor,0
109900,2026-03-26,Referral,Customer Referral Program,0,Visitor,0
106362,2026-03-19,Social Media,LinkedIn Ads,35,Lead,0
100780,2026-04-01,Organic Search,SEO - Product Pages,0,Visitor,0
106135,2026-04-05,Social Media,Facebook Ads,0,Visitor,0
100541,2026-03-08,Organic Search,SEO - Product Pages,0,Visitor,0
103378,2026-02-21,Paid Search,Google Ads - Generic,0,Visitor,0
111437,2026-02-25,Direct,Direct/None,0,Visitor,0
101720,2026-06-04,Organic Search,SEO - Blog,0,Visitor,0
102455,2026-03-03,Organic Search,SEO - Product Pages,0,Visitor,0
107377,2026-04-27,Social Media,Instagram Ads,35,Lead,0
101583,2026-02-08,Organic Search,SEO - Product Pages,0,Visitor,0
110472,2026-02-09,Direct,Direct/None,0,Visitor,0
107625,2026-02-11,Social Media,Facebook Ads,0,Visitor,0
104371,2026-03-26,Paid Search,Google Ads - Brand,48,Lead,0
103817,2026-02-07,Paid Search,Google Ads - Generic,0,Visitor,0
110701,2026-05-05,Direct,Direct/None,0,Visitor,0
104189,2026-04-21,Paid Search,Google Ads - Brand,0,Visitor,0
105002,2026-03-02,Paid Search,Google Ads - Brand,0,Visitor,0
103112,2026-03-31,Paid Search,Google Ads - Brand,0,Visitor,0
105228,2026-05-25,Paid Search,Google Ads - Brand,48,Lead,0
109676,2026-05-10,Referral,Customer Referral Program,5,Lead,0
106520,2026-04-22,Social Media,Instagram Ads,0,Visitor,0
109067,2026-03-06,Email,Newsletter,0,Visitor,0
101142,2026-05-08,Organic Search,SEO - Product Pages,0,Visitor,0
111503,2026-04-16,Direct,Direct/None,0,Visitor,0
111065,2026-04-01,Direct,Direct/None,0,Visitor,0
108433,2026-05-23,Email,Product Drip Campaign,0,Visitor,0
108610,2026-04-17,Email,Product Drip Campaign,0,Visitor,0
103941,2026-05-01,Paid Search,Google Ads - Generic,48,MQL,0
102403,2026-02-07,Organic Search,SEO - Blog,0,Visitor,0
102302,2026-03-05,Organic Search,SEO - Blog,0,Visitor,0
109272,2026-03-17,Referral,Partner Referral,0,Visitor,0
105026,2026-05-13,Paid Search,Google Ads - Brand,0,Visitor,0
104460,2026-05-27,Paid Search,Google Ads - Generic,48,MQL,0
104259,2026-05-29,Paid Search,Google Ads - Brand,48,MQL,0
107941,2026-05-24,Email,Newsletter,0,Visitor,0
109302,2026-04-02,Referral,Customer Referral Program,5,Lead,0
106714,2026-02-17,Social Media,Instagram Ads,0,Visitor,0
110858,2026-03-21,Direct,Direct/None,0,Visitor,0
107720,2026-05-07,Social Media,Instagram Ads,0,Visitor,0
111255,2026-04-23,Direct,Direct/None,0,Visitor,0
100306,2026-06-12,Organic Search,SEO - Blog,12,SQL,0
104123,2026-02-18,Paid Search,Google Ads - Generic,48,Lead,0
111494,2026-03-05,Direct,Direct/None,0,Visitor,0
104007,2026-05-05,Paid Search,Google Ads - Generic,0,Visitor,0
105877,2026-02-24,Social Media,Instagram Ads,0,Visitor,0
100516,2026-03-01,Organic Search,SEO - Blog,0,Visitor,0
103394,2026-02-27,Paid Search,Google Ads - Generic,0,Visitor,0
104848,2026-03-20,Paid Search,Google Ads - Brand,0,Visitor,0
103110,2026-01-16,Paid Search,Google Ads - Generic,0,Visitor,0
109355,2026-03-18,Referral,Customer Referral Program,5,MQL,0
103800,2026-02-27,Paid Search,Google Ads - Generic,0,Visitor,0
102994,2026-04-29,Paid Search,Google Ads - Generic,0,Visitor,0
100603,2026-05-28,Organic Search,SEO - Blog,0,Visitor,0
107687,2026-02-15,Social Media,Facebook Ads,0,Visitor,0
104870,2026-03-30,Paid Search,Google Ads - Generic,0,Visitor,0
105055,2026-02-24,Paid Search,Google Ads - Brand,48,MQL,0
102569,2026-04-17,Organic Search,SEO - Product Pages,12,Lead,0
107476,2026-02-10,Social Media,Instagram Ads,0,Visitor,0
108404,2026-04-21,Email,Newsletter,0,Visitor,0
102060,2026-05-02,Organic Search,SEO - Blog,12,MQL,0
106419,2026-02-16,Social Media,Instagram Ads,0,Visitor,0
111625,2026-02-16,Direct,Direct/None,0,Visitor,0
105333,2026-04-26,Social Media,Instagram Ads,0,Visitor,0
102906,2026-03-28,Paid Search,Google Ads - Brand,0,Visitor,0
104725,2026-04-09,Paid Search,Google Ads - Generic,0,Visitor,0
109391,2026-01-21,Referral,Customer Referral Program,0,Visitor,0
110637,2026-04-09,Direct,Direct/None,0,Visitor,0
104275,2026-06-03,Paid Search,Google Ads - Brand,0,Visitor,0
111903,2026-03-23,Direct,Direct/None,0,Visitor,0
103146,2026-04-10,Paid Search,Google Ads - Generic,0,Visitor,0
111506,2026-05-14,Direct,Direct/None,0,Visitor,0
103975,2026-04-15,Paid Search,Google Ads - Generic,0,Visitor,0
100755,2026-03-27,Organic Search,SEO - Blog,0,Visitor,0
109890,2026-05-10,Referral,Partner Referral,5,Customer,2017
106325,2026-04-14,Social Media,Facebook Ads,0,Visitor,0
102990,2026-05-14,Paid Search,Google Ads - Generic,0,Visitor,0
109901,2026-03-25,Referral,Customer Referral Program,0,Visitor,0
109855,2026-03-27,Referral,Partner Referral,0,Visitor,0
105095,2026-04-29,Paid Search,Google Ads - Generic,48,Lead,0
103258,2026-05-10,Paid Search,Google Ads - Generic,0,Visitor,0
110687,2026-02-17,Direct,Direct/None,0,Visitor,0
101269,2026-04-06,Organic Search,SEO - Product Pages,0,Visitor,0
107306,2026-03-27,Social Media,Instagram Ads,0,Visitor,0
103924,2026-03-18,Paid Search,Google Ads - Generic,0,Visitor,0
107176,2026-06-12,Social Media,Instagram Ads,0,Visitor,0
110219,2026-04-08,Direct,Direct/None,0,Visitor,0
107909,2026-03-31,Social Media,Facebook Ads,0,Visitor,0
100245,2026-06-14,Organic Search,SEO - Blog,0,Visitor,0
103763,2026-01-25,Paid Search,Google Ads - Brand,0,Visitor,0
106466,2026-03-05,Social Media,Instagram Ads,0,Visitor,0
100100,2026-02-09,Organic Search,SEO - Blog,0,Visitor,0
109319,2026-04-27,Referral,Customer Referral Program,0,Visitor,0
109253,2026-03-08,Referral,Customer Referral Program,0,Visitor,0
108397,2026-02-23,Email,Newsletter,8,MQL,0
105761,2026-02-24,Social Media,Facebook Ads,0,Visitor,0
100913,2026-03-30,Organic Search,SEO - Product Pages,0,Visitor,0
103773,2026-06-10,Paid Search,Google Ads - Generic,48,MQL,0
101678,2026-03-19,Organic Search,SEO - Blog,0,Visitor,0
106046,2026-05-16,Social Media,Facebook Ads,35,MQL,0
103922,2026-03-20,Paid Search,Google Ads - Generic,0,Visitor,0
102308,2026-03-28,Organic Search,SEO - Blog,0,Visitor,0
101647,2026-03-18,Organic Search,SEO - Blog,0,Visitor,0
111045,2026-04-13,Direct,Direct/None,0,Visitor,0
103781,2026-03-21,Paid Search,Google Ads - Brand,0,Visitor,0
107165,2026-02-22,Social Media,Instagram Ads,35,MQL,0
100681,2026-04-05,Organic Search,SEO - Product Pages,0,Visitor,0
106724,2026-01-10,Social Media,Instagram Ads,0,Visitor,0
104010,2026-03-29,Paid Search,Google Ads - Brand,0,Visitor,0
111886,2026-03-12,Direct,Direct/None,0,Visitor,0
100949,2026-04-09,Organic Search,SEO - Blog,0,Visitor,0
104432,2026-03-18,Paid Search,Google Ads - Brand,0,Visitor,0
101065,2026-03-28,Organic Search,SEO - Blog,0,Visitor,0
101855,2026-03-01,Organic Search,SEO - Blog,0,Visitor,0
101681,2026-04-25,Organic Search,SEO - Blog,0,Visitor,0
111537,2026-03-01,Direct,Direct/None,0,Visitor,0
111288,2026-03-05,Direct,Direct/None,0,Visitor,0
106973,2026-03-30,Social Media,LinkedIn Ads,0,Visitor,0
108467,2026-06-05,Email,Newsletter,0,Visitor,0
103198,2026-03-26,Paid Search,Google Ads - Generic,0,Visitor,0
101286,2026-05-05,Organic Search,SEO - Product Pages,0,Visitor,0
106781,2026-03-07,Social Media,Instagram Ads,0,Visitor,0
102019,2026-03-10,Organic Search,SEO - Blog,0,Visitor,0
107783,2026-02-11,Social Media,Instagram Ads,0,Visitor,0
102000,2026-04-19,Organic Search,SEO - Blog,12,Lead,0
107115,2026-02-13,Social Media,Instagram Ads,0,Visitor,0
104096,2026-04-23,Paid Search,Google Ads - Generic,0,Visitor,0
102335,2026-01-23,Organic Search,SEO - Blog,0,Visitor,0
106708,2026-03-31,Social Media,LinkedIn Ads,0,Visitor,0
109750,2026-05-04,Referral,Customer Referral Program,0,Visitor,0
106213,2026-04-17,Social Media,Facebook Ads,0,Visitor,0
109804,2026-05-08,Referral,Customer Referral Program,5,MQL,0
107943,2026-03-06,Email,Product Drip Campaign,0,Visitor,0
109178,2026-04-23,Referral,Partner Referral,0,Visitor,0
108749,2026-04-09,Email,Product Drip Campaign,0,Visitor,0
107499,2026-03-14,Social Media,Facebook Ads,0,Visitor,0
109301,2026-03-28,Referral,Partner Referral,0,Visitor,0
111324,2026-05-17,Direct,Direct/None,0,MQL,0
106425,2026-02-16,Social Media,Instagram Ads,0,Visitor,0
108616,2026-04-08,Email,Newsletter,0,Visitor,0
104043,2026-03-20,Paid Search,Google Ads - Brand,48,Lead,0
109551,2026-04-10,Referral,Customer Referral Program,0,Visitor,0
105306,2026-05-06,Social Media,Facebook Ads,0,Visitor,0
106898,2026-05-27,Social Media,Unknown / Untagged,0,Visitor,0
100749,2026-03-05,Organic Search,SEO - Blog,0,Visitor,0
103553,2026-06-01,Paid Search,Google Ads - Brand,48,Lead,0
105826,2026-04-09,Social Media,LinkedIn Ads,0,Visitor,0
107703,2026-05-01,Social Media,LinkedIn Ads,0,Visitor,0
104112,2026-03-25,Paid Search,Google Ads - Brand,0,Visitor,0
111915,2026-05-14,Direct,Direct/None,0,Visitor,0
111347,2026-03-10,Direct,Direct/None,0,Visitor,0
109437,2026-03-09,Referral,Partner Referral,0,Visitor,0
109226,2026-05-29,Referral,Partner Referral,0,Visitor,0
100375,2026-02-05,Organic Search,SEO - Blog,0,Visitor,0
102954,2026-05-01,Paid Search,Google Ads - Generic,0,Visitor,0
111893,2026-05-25,Direct,Direct/None,0,Lead,0
109279,2026-02-12,Referral,Partner Referral,0,Visitor,0
111471,2026-03-20,Direct,Direct/None,0,Visitor,0
102351,2026-03-14,Organic Search,SEO - Blog,0,Visitor,0
110588,2026-04-24,Direct,Direct/None,0,Visitor,0
103197,2026-04-23,Paid Search,Google Ads - Generic,48,Lead,0
109376,2026-05-18,Referral,Customer Referral Program,5,Customer,1745
107301,2026-04-12,Social Media,Instagram Ads,0,Visitor,0
107415,2026-03-02,Social Media,LinkedIn Ads,35,SQL,0
104943,2026-05-05,Paid Search,Google Ads - Generic,0,Visitor,0
102204,2026-04-25,Organic Search,SEO - Blog,0,Visitor,0
110359,2026-05-14,Direct,Direct/None,0,Visitor,0
104053,2026-01-10,Paid Search,Google Ads - Generic,0,Visitor,0
109175,2026-04-14,Referral,Partner Referral,0,Visitor,0
108280,2026-05-06,Email,Newsletter,0,Visitor,0
104037,2026-02-06,Paid Search,Google Ads - Generic,0,Visitor,0
100714,2026-05-07,Organic Search,Unknown / Untagged,0,Visitor,0
103648,2026-05-01,Paid Search,Google Ads - Generic,48,MQL,0
102144,2026-03-06,Organic Search,SEO - Blog,0,Visitor,0
111445,2026-04-16,Direct,Direct/None,0,MQL,0
103385,2026-06-05,Paid Search,Google Ads - Brand,0,Visitor,0
108160,2026-06-04,Email,Product Drip Campaign,8,MQL,0
102458,2026-02-15,Organic Search,SEO - Blog,0,Visitor,0
110088,2026-03-28,Referral,Partner Referral,0,Visitor,0
108626,2026-04-29,Email,Product Drip Campaign,8,SQL,0
103341,2026-04-05,Paid Search,Google Ads - Generic,0,Visitor,0
109882,2026-02-17,Referral,Customer Referral Program,0,Visitor,0
101879,2026-02-24,Organic Search,SEO - Blog,0,Visitor,0
109654,2026-05-07,Referral,Customer Referral Program,0,Visitor,0
102412,2026-03-10,Organic Search,SEO - Product Pages,0,Visitor,0
103420,2026-03-11,Paid Search,Google Ads - Generic,0,Visitor,0
102540,2026-04-16,Organic Search,SEO - Blog,0,Visitor,0
101042,2026-03-04,Organic Search,SEO - Blog,0,Visitor,0
102533,2026-06-02,Organic Search,SEO - Product Pages,0,Visitor,0
100061,2026-01-18,Organic Search,SEO - Blog,0,Visitor,0
104990,2026-01-03,Paid Search,Google Ads - Brand,0,Visitor,0
107969,2026-04-23,Email,Newsletter,0,Visitor,0
108625,2026-04-05,Email,Newsletter,0,Visitor,0
105267,2026-05-03,Paid Search,Google Ads - Brand,0,Visitor,0
103301,2026-05-23,Paid Search,Google Ads - Generic,0,Visitor,0
111152,2026-03-29,Direct,Direct/None,0,Lead,0
104615,2026-04-29,Paid Search,Google Ads - Brand,0,Visitor,0
103264,2026-04-02,Paid Search,Google Ads - Brand,0,Visitor,0
102032,2026-04-27,Organic Search,SEO - Product Pages,0,Visitor,0
105500,2026-06-07,Social Media,Instagram Ads,35,Lead,0
111076,2026-04-07,Direct,Direct/None,0,Visitor,0
105415,2026-05-15,Social Media,Facebook Ads,0,Visitor,0
110339,2026-04-07,Direct,Direct/None,0,Visitor,0
107985,2026-03-25,Email,Newsletter,0,Visitor,0
105298,2026-03-25,Social Media,Facebook Ads,0,Visitor,0
108826,2026-04-12,Email,Product Drip Campaign,0,Visitor,0
109146,2026-04-17,Referral,Customer Referral Program,0,Visitor,0
110675,2026-04-24,Direct,Direct/None,0,Visitor,0
105590,2026-05-15,Social Media,Facebook Ads,35,MQL,0
101091,2026-04-02,Organic Search,SEO - Blog,12,MQL,0
103629,2026-04-01,Paid Search,Google Ads - Generic,0,Visitor,0
105630,2026-05-09,Social Media,Instagram Ads,0,Visitor,0
111277,2026-04-10,Direct,Direct/None,0,Visitor,0
111140,2026-03-27,Direct,Direct/None,0,Visitor,0
103660,2026-01-19,Paid Search,Google Ads - Brand,0,Visitor,0
111295,2026-04-20,Direct,Direct/None,0,Visitor,0
103926,2026-03-12,Paid Search,Google Ads - Generic,0,Visitor,0
109015,2026-03-26,Email,Newsletter,0,Visitor,0
105621,2026-03-24,Social Media,Facebook Ads,0,Visitor,0
109923,2026-05-16,Referral,Customer Referral Program,0,Visitor,0
105520,2026-05-02,Social Media,Unknown / Untagged,0,Visitor,0
108152,2026-06-24,Email,Newsletter,8,Customer,1368
111997,2026-04-17,Direct,Direct/None,0,SQL,0
109011,2026-02-09,Email,Product Drip Campaign,0,Visitor,0
105542,2026-04-05,Social Media,Facebook Ads,0,Visitor,0
100846,2026-04-18,Organic Search,SEO - Product Pages,0,Visitor,0
110368,2026-04-27,Direct,Direct/None,0,Visitor,0
109611,2026-02-22,Referral,Customer Referral Program,0,Visitor,0
101859,2026-03-05,Organic Search,SEO - Blog,0,Visitor,0
101298,2026-04-08,Organic Search,SEO - Product Pages,0,Visitor,0
111466,2026-03-11,Direct,Direct/None,0,Visitor,0
104700,2026-04-12,Paid Search,Google Ads - Generic,48,Lead,0
100200,2026-04-07,Organic Search,Unknown / Untagged,0,Visitor,0
104099,2026-05-01,Paid Search,Google Ads - Generic,0,Visitor,0
103287,2026-01-18,Paid Search,Google Ads - Generic,0,Visitor,0
100413,2026-03-24,Organic Search,SEO - Product Pages,0,Visitor,0
105968,2026-04-27,Social Media,LinkedIn Ads,0,Visitor,0
109447,2026-03-19,Referral,Customer Referral Program,0,Visitor,0
107869,2026-02-24,Social Media,Instagram Ads,0,Visitor,0
102452,2026-03-29,Organic Search,SEO - Product Pages,0,Visitor,0
110135,2026-02-02,Referral,Customer Referral Program,5,Lead,0
104450,2026-03-21,Paid Search,Google Ads - Generic,48,Customer,2100
109256,2026-03-08,Referral,Customer Referral Program,0,Visitor,0
106397,2026-04-17,Social Media,Facebook Ads,0,Visitor,0
100080,2026-04-22,Organic Search,SEO - Product Pages,0,Visitor,0
109527,2026-04-24,Referral,Partner Referral,0,Visitor,0
108081,2026-05-09,Email,Newsletter,8,MQL,0
104930,2026-01-31,Paid Search,Google Ads - Brand,48,Lead,0
105420,2026-04-21,Social Media,LinkedIn Ads,0,Visitor,0
111078,2026-04-01,Direct,Direct/None,0,Lead,0
104192,2026-06-21,Paid Search,Google Ads - Generic,48,SQL,0
106232,2026-01-29,Social Media,LinkedIn Ads,0,Visitor,0
108855,2026-04-13,Email,Product Drip Campaign,8,MQL,0
108133,2026-03-02,Email,Product Drip Campaign,0,Visitor,0
101451,2026-04-25,Organic Search,SEO - Product Pages,12,MQL,0
111536,2026-03-22,Direct,Direct/None,0,Visitor,0
101588,2026-04-14,Organic Search,SEO - Product Pages,0,Visitor,0
111664,2026-04-14,Direct,Direct/None,0,Visitor,0
105549,2026-01-23,Social Media,LinkedIn Ads,0,Visitor,0
101302,2026-05-01,Organic Search,SEO - Blog,0,Visitor,0
105007,2026-05-01,Paid Search,Google Ads - Generic,0,Visitor,0
102647,2026-04-27,Organic Search,SEO - Blog,0,Visitor,0
111352,2026-03-22,Direct,Direct/None,0,Visitor,0
108608,2026-06-03,Email,Newsletter,0,Visitor,0
103641,2026-05-20,Paid Search,Google Ads - Brand,0,Visitor,0
100508,2026-04-17,Organic Search,SEO - Product Pages,0,Visitor,0
100182,2026-04-04,Organic Search,SEO - Blog,0,Visitor,0
108958,2026-03-19,Email,Product Drip Campaign,0,Visitor,0
101803,2026-04-18,Organic Search,SEO - Blog,0,Visitor,0
107178,2026-04-01,Social Media,Instagram Ads,35,Lead,0
105640,2026-05-31,Social Media,Facebook Ads,0,Visitor,0
102672,2026-06-15,Organic Search,SEO - Product Pages,0,Visitor,0
106340,2026-05-22,Social Media,Instagram Ads,0,Visitor,0
104135,2026-02-24,Paid Search,Google Ads - Brand,0,Visitor,0
111565,2026-01-13,Direct,Direct/None,0,Visitor,0
106170,2026-02-12,Social Media,LinkedIn Ads,0,Visitor,0
103964,2026-03-20,Paid Search,Google Ads - Brand,0,Visitor,0
111723,2026-03-24,Direct,Direct/None,0,Lead,0
101145,2026-03-19,Organic Search,SEO - Product Pages,0,Visitor,0
100795,2026-04-14,Organic Search,SEO - Blog,0,Visitor,0
107163,2026-05-27,Social Media,Instagram Ads,0,Visitor,0
111291,2026-02-27,Direct,Direct/None,0,Visitor,0
109682,2026-04-20,Referral,Customer Referral Program,0,Visitor,0
100642,2026-05-11,Organic Search,SEO - Product Pages,0,Visitor,0
111217,2026-04-13,Direct,Direct/None,0,Visitor,0
108781,2026-05-22,Email,Product Drip Campaign,0,Visitor,0
105770,2026-03-25,Social Media,LinkedIn Ads,35,MQL,0
105380,2026-04-26,Social Media,LinkedIn Ads,0,Visitor,0
100528,2026-05-19,Organic Search,SEO - Blog,12,Lead,0
101854,2026-03-30,Organic Search,SEO - Blog,0,Visitor,0
105974,2026-05-24,Social Media,Facebook Ads,0,Visitor,0
103587,2026-03-23,Paid Search,Google Ads - Brand,0,Visitor,0
107189,2026-05-18,Social Media,Instagram Ads,0,Visitor,0
109119,2026-06-12,Email,Product Drip Campaign,8,Lead,0
101996,2026-06-10,Organic Search,SEO - Product Pages,0,Visitor,0
108105,2026-04-27,Email,Unknown / Untagged,8,Lead,0
102220,2026-04-10,Organic Search,SEO - Product Pages,12,Lead,0
111601,2026-01-20,Direct,Direct/None,0,Visitor,0
107492,2026-04-11,Social Media,LinkedIn Ads,0,Visitor,0
105326,2026-05-16,Social Media,Facebook Ads,0,Visitor,0
108893,2026-03-31,Email,Product Drip Campaign,0,Visitor,0
101420,2026-04-03,Organic Search,SEO - Product Pages,0,Visitor,0
109388,2026-02-02,Referral,Customer Referral Program,0,Visitor,0
110579,2026-05-11,Direct,Direct/None,0,Visitor,0
100738,2026-03-08,Organic Search,SEO - Product Pages,0,Visitor,0
109428,2026-04-20,Referral,Customer Referral Program,5,Lead,0
108232,2026-02-09,Email,Newsletter,0,Visitor,0
105502,2026-05-05,Social Media,Instagram Ads,0,Visitor,0
110695,2026-04-26,Direct,Direct/None,0,Visitor,0
101522,2026-06-12,Organic Search,SEO - Blog,0,Visitor,0
108686,2026-01-23,Email,Newsletter,0,Visitor,0
111809,2026-02-16,Direct,Direct/None,0,Visitor,0
111653,2026-04-20,Direct,Direct/None,0,Visitor,0
108543,2026-02-01,Email,Newsletter,8,MQL,0
101219,2026-03-02,Organic Search,SEO - Product Pages,0,Visitor,0
106467,2026-05-06,Social Media,Facebook Ads,0,Visitor,0
103177,2026-04-03,Paid Search,Google Ads - Brand,0,Visitor,0
105096,2026-03-22,Paid Search,Google Ads - Brand,0,Visitor,0
108034,2026-03-09,Email,Newsletter,8,SQL,0
103482,2026-03-24,Paid Search,Google Ads - Generic,0,Visitor,0
107858,2026-01-15,Social Media,Facebook Ads,0,Visitor,0
111558,2026-06-01,Direct,Direct/None,0,Visitor,0
110372,2026-04-24,Direct,Direct/None,0,Visitor,0
109723,2026-02-18,Referral,Partner Referral,0,Visitor,0
109632,2026-04-18,Referral,Customer Referral Program,0,Visitor,0
108711,2026-04-06,Email,Product Drip Campaign,8,Lead,0
110423,2026-02-06,Direct,Direct/None,0,Visitor,0
111457,2026-04-05,Direct,Direct/None,0,Visitor,0
106851,2026-03-01,Social Media,Instagram Ads,0,Visitor,0
102910,2026-01-19,Paid Search,Google Ads - Generic,0,Visitor,0
111859,2026-06-21,Direct,Direct/None,0,Visitor,0
101610,2026-03-08,Organic Search,SEO - Product Pages,0,Visitor,0
102846,2026-03-21,Organic Search,SEO - Product Pages,0,Visitor,0
111281,2026-05-15,Direct,Direct/None,0,Visitor,0
109222,2026-04-04,Referral,Partner Referral,0,Visitor,0
109996,2026-04-18,Referral,Customer Referral Program,5,MQL,0
103244,2026-05-02,Paid Search,Google Ads - Generic,0,Visitor,0
102462,2026-03-04,Organic Search,SEO - Blog,0,Visitor,0
104267,2026-02-14,Paid Search,Google Ads - Brand,0,Visitor,0
109201,2026-05-31,Referral,Partner Referral,0,Visitor,0
102927,2026-03-28,Paid Search,Google Ads - Brand,0,Visitor,0
109708,2026-03-26,Referral,Customer Referral Program,0,Visitor,0
111385,2026-01-14,Direct,Direct/None,0,Visitor,0
104643,2026-03-15,Paid Search,Google Ads - Generic,48,MQL,0
105122,2026-04-05,Paid Search,Google Ads - Generic,0,Visitor,0
104876,2026-05-08,Paid Search,Google Ads - Brand,0,Visitor,0
110265,2026-03-18,Direct,Direct/None,0,Visitor,0
100640,2026-06-06,Organic Search,SEO - Blog,0,Visitor,0
109820,2026-04-16,Referral,Customer Referral Program,0,Visitor,0
103080,2026-02-24,Paid Search,Google Ads - Brand,0,Visitor,0
108723,2026-04-02,Email,Product Drip Campaign,0,Visitor,0
109261,2026-05-20,Referral,Partner Referral,5,Lead,0
111921,2026-01-25,Direct,Direct/None,0,Visitor,0
111346,2026-05-30,Direct,Direct/None,0,Visitor,0
110777,2026-02-28,Direct,Direct/None,0,Lead,0
103254,2026-02-18,Paid Search,Google Ads - Generic,0,Visitor,0
110400,2026-03-19,Direct,Direct/None,0,Visitor,0
110255,2026-04-26,Direct,Direct/None,0,Visitor,0
110524,2026-06-01,Direct,Direct/None,0,Visitor,0
110559,2026-03-27,Direct,Direct/None,0,Visitor,0
110769,2026-03-19,Direct,Direct/None,0,Visitor,0
106461,2026-05-08,Social Media,Instagram Ads,0,Visitor,0
107436,2026-05-09,Social Media,Instagram Ads,0,Visitor,0
110278,2026-05-06,Direct,Direct/None,0,Visitor,0
107925,2026-04-20,Email,Product Drip Campaign,0,Visitor,0
106089,2026-05-14,Social Media,Facebook Ads,0,Visitor,0
105868,2026-04-03,Social Media,LinkedIn Ads,0,Visitor,0
101408,2026-05-25,Organic Search,SEO - Product Pages,0,Visitor,0
101386,2026-04-10,Organic Search,SEO - Blog,0,Visitor,0
103608,2026-03-31,Paid Search,Google Ads - Brand,0,Visitor,0
103529,2026-02-28,Paid Search,Google Ads - Generic,48,Lead,0
108352,2026-04-01,Email,Newsletter,0,Visitor,0
103832,2026-04-14,Paid Search,Google Ads - Generic,0,Visitor,0
111709,2026-02-10,Direct,Direct/None,0,Visitor,0
110386,2026-04-09,Direct,Direct/None,0,Visitor,0
100299,2026-01-10,Organic Search,SEO - Blog,12,MQL,0
109740,2026-02-17,Referral,Customer Referral Program,0,Visitor,0
109489,2026-04-29,Referral,Customer Referral Program,0,Visitor,0
108948,2026-04-23,Email,Newsletter,0,Visitor,0
104778,2026-04-13,Paid Search,Google Ads - Generic,0,Visitor,0
105137,2026-03-05,Paid Search,Google Ads - Generic,48,SQL,0
111113,2026-03-24,Direct,Direct/None,0,Visitor,0
103676,2026-04-25,Paid Search,Google Ads - Brand,48,Lead,0
110949,2026-02-12,Direct,Direct/None,0,Visitor,0
101910,2026-02-01,Organic Search,SEO - Product Pages,0,Visitor,0
106015,2026-04-20,Social Media,Facebook Ads,0,Visitor,0
108012,2026-03-15,Email,Product Drip Campaign,0,Visitor,0
104178,2026-04-06,Paid Search,Google Ads - Brand,48,SQL,0
106066,2026-04-01,Social Media,Facebook Ads,0,Visitor,0
100228,2026-04-30,Organic Search,SEO - Product Pages,12,MQL,0
107502,2026-06-11,Social Media,Facebook Ads,35,Lead,0
104928,2026-03-12,Paid Search,Google Ads - Generic,0,Visitor,0
108325,2026-04-23,Email,Newsletter,0,Visitor,0
108743,2026-02-20,Email,Product Drip Campaign,8,SQL,0
102675,2026-03-27,Organic Search,SEO - Blog,0,Visitor,0
106414,2026-02-05,Social Media,LinkedIn Ads,0,Visitor,0
105297,2026-05-06,Social Media,Instagram Ads,0,Visitor,0
104899,2026-01-16,Paid Search,Google Ads - Generic,48,Lead,0
101424,2026-06-04,Organic Search,SEO - Blog,12,MQL,0
106408,2026-03-31,Social Media,LinkedIn Ads,0,Visitor,0
101815,2026-05-01,Organic Search,SEO - Product Pages,12,Lead,0
107047,2026-03-08,Social Media,Facebook Ads,35,Customer,1006
111023,2026-04-04,Direct,Direct/None,0,Visitor,0
105186,2026-03-20,Paid Search,Google Ads - Generic,48,MQL,0
109980,2026-05-27,Referral,Partner Referral,0,Visitor,0
108065,2026-05-02,Email,Product Drip Campaign,0,Visitor,0
101726,2026-04-29,Organic Search,SEO - Product Pages,0,Visitor,0
108930,2026-03-22,Email,Product Drip Campaign,8,MQL,0
108538,2026-02-28,Email,Product Drip Campaign,0,Visitor,0
100009,2026-03-26,Organic Search,SEO - Product Pages,12,Lead,0
110087,2026-03-25,Referral,Partner Referral,0,Visitor,0
106391,2026-04-10,Social Media,Instagram Ads,0,Visitor,0
109156,2026-04-23,Referral,Partner Referral,5,MQL,0
104064,2026-03-24,Paid Search,Google Ads - Brand,48,Lead,0
102700,2026-03-14,Organic Search,SEO - Blog,12,MQL,0
100347,2026-03-11,Organic Search,SEO - Blog,0,Visitor,0
104059,2026-03-10,Paid Search,Google Ads - Generic,0,Visitor,0
109591,2026-03-27,Referral,Partner Referral,5,SQL,0
106011,2026-03-26,Social Media,LinkedIn Ads,0,Visitor,0
101313,2026-04-02,Organic Search,SEO - Blog,0,Visitor,0
110558,2026-03-22,Direct,Direct/None,0,Visitor,0
104854,2026-02-02,Paid Search,Google Ads - Brand,0,Visitor,0
102915,2026-01-03,Paid Search,Google Ads - Brand,0,Visitor,0
106506,2026-03-28,Social Media,Facebook Ads,0,Visitor,0
100358,2026-01-11,Organic Search,SEO - Product Pages,0,Visitor,0
104905,2026-06-11,Paid Search,Google Ads - Generic,48,MQL,0
101687,2026-03-18,Organic Search,SEO - Product Pages,0,Visitor,0
103124,2026-04-01,Paid Search,Google Ads - Brand,0,Visitor,0
103694,2026-06-25,Paid Search,Google Ads - Generic,0,Visitor,0
110883,2026-03-06,Direct,Direct/None,0,Visitor,0
102142,2026-01-27,Organic Search,SEO - Product Pages,0,Visitor,0
105933,2026-05-30,Social Media,Facebook Ads,0,Visitor,0
110670,2026-05-25,Direct,Direct/None,0,MQL,0
109216,2026-03-29,Referral,Customer Referral Program,5,Lead,0
109040,2026-04-13,Email,Product Drip Campaign,0,Visitor,0
103398,2026-06-04,Paid Search,Google Ads - Brand,48,Lead,0
102726,2026-03-18,Organic Search,SEO - Blog,0,Visitor,0
100344,2026-05-15,Organic Search,SEO - Blog,0,Visitor,0
106404,2026-06-03,Social Media,LinkedIn Ads,0,Visitor,0
109690,2026-05-06,Referral,Partner Referral,0,Visitor,0
111546,2026-04-18,Direct,Direct/None,0,Visitor,0
103072,2026-02-21,Paid Search,Google Ads - Generic,0,Visitor,0
107258,2026-02-08,Social Media,LinkedIn Ads,0,Visitor,0
106725,2026-04-29,Social Media,Facebook Ads,0,Visitor,0
101435,2026-05-10,Organic Search,SEO - Blog,0,Visitor,0
103121,2026-05-04,Paid Search,Google Ads - Brand,0,Visitor,0
110259,2026-03-10,Direct,Direct/None,0,MQL,0
107619,2026-03-13,Social Media,Instagram Ads,35,Lead,0
109622,2026-05-20,Referral,Customer Referral Program,0,Visitor,0
106618,2026-04-08,Social Media,LinkedIn Ads,0,Visitor,0
104545,2026-04-30,Paid Search,Google Ads - Brand,0,Visitor,0
103654,2026-05-19,Paid Search,Google Ads - Brand,0,Visitor,0
108463,2026-05-12,Email,Product Drip Campaign,8,Lead,0
104006,2026-03-16,Paid Search,Google Ads - Brand,0,Visitor,0
107431,2026-06-07,Social Media,Instagram Ads,0,Visitor,0
104484,2026-04-09,Paid Search,Google Ads - Brand,0,Visitor,0
108943,2026-04-22,Email,Product Drip Campaign,8,SQL,0
100247,2026-05-12,Organic Search,SEO - Blog,0,Visitor,0
103126,2026-03-15,Paid Search,Google Ads - Generic,0,Visitor,0
104691,2026-01-26,Paid Search,Google Ads - Generic,48,MQL,0
100494,2026-03-25,Organic Search,SEO - Blog,0,Visitor,0
110231,2026-04-27,Direct,Direct/None,0,Visitor,0
109984,2026-04-04,Referral,Partner Referral,5,MQL,0
108439,2026-03-24,Email,Product Drip Campaign,0,Visitor,0
111756,2026-02-12,Direct,Direct/None,0,Visitor,0
110569,2026-05-03,Direct,Direct/None,0,Visitor,0
107594,2026-03-19,Social Media,Facebook Ads,0,Visitor,0
111432,2026-06-04,Direct,Direct/None,0,Visitor,0
101666,2026-03-09,Organic Search,SEO - Blog,12,MQL,0
105952,2026-04-12,Social Media,LinkedIn Ads,0,Visitor,0
111275,2026-05-16,Direct,Direct/None,0,Visitor,0
111049,2026-06-05,Direct,Direct/None,0,Lead,0
100458,2026-04-23,Organic Search,SEO - Blog,0,Visitor,0
100489,2026-06-17,Organic Search,SEO - Product Pages,0,Visitor,0
111256,2026-04-15,Direct,Direct/None,0,Visitor,0
107587,2026-02-27,Social Media,Facebook Ads,0,Visitor,0
109357,2026-04-23,Referral,Customer Referral Program,5,MQL,0
110148,2026-04-07,Referral,Customer Referral Program,5,MQL,0
101657,2026-05-16,Organic Search,SEO - Blog,0,Visitor,0
103747,2026-02-01,Paid Search,Google Ads - Brand,48,Lead,0
109333,2026-01-29,Referral,Partner Referral,0,Visitor,0
110235,2026-04-09,Direct,Direct/None,0,Visitor,0
102494,2026-03-10,Organic Search,SEO - Blog,0,Visitor,0
108167,2026-04-19,Email,Newsletter,0,Visitor,0
105642,2026-03-15,Social Media,LinkedIn Ads,0,Visitor,0
105759,2026-01-30,Social Media,Instagram Ads,0,Visitor,0
102972,2026-05-14,Paid Search,Google Ads - Generic,0,Visitor,0
108225,2026-04-10,Email,Product Drip Campaign,0,Visitor,0
110953,2026-04-30,Direct,Direct/None,0,Visitor,0
101112,2026-05-02,Organic Search,SEO - Product Pages,0,Visitor,0
104341,2026-04-08,Paid Search,Google Ads - Generic,0,Visitor,0
107538,2026-04-09,Social Media,Facebook Ads,0,Visitor,0
104291,2026-05-04,Paid Search,Google Ads - Brand,48,SQL,0
105028,2026-03-26,Paid Search,Google Ads - Generic,0,Visitor,0
110739,2026-02-03,Direct,Direct/None,0,Lead,0
104180,2026-04-13,Paid Search,Google Ads - Generic,0,Visitor,0
106559,2026-03-18,Social Media,Instagram Ads,0,Visitor,0
101778,2026-03-13,Organic Search,SEO - Blog,0,Visitor,0
106131,2026-03-31,Social Media,Facebook Ads,0,Visitor,0
106912,2026-02-12,Social Media,LinkedIn Ads,0,Visitor,0
101488,2026-05-25,Organic Search,SEO - Blog,0,Visitor,0
100081,2026-06-11,Organic Search,SEO - Blog,0,Visitor,0
103432,2026-04-11,Paid Search,Google Ads - Generic,48,MQL,0
100977,2026-05-07,Organic Search,SEO - Product Pages,0,Visitor,0
100001,2026-03-27,Organic Search,SEO - Blog,0,Visitor,0
106374,2026-03-11,Social Media,Facebook Ads,0,Visitor,0
105162,2026-05-16,Paid Search,Google Ads - Brand,0,Visitor,0
110000,2026-01-29,Referral,Customer Referral Program,0,Visitor,0
101158,2026-05-03,Organic Search,SEO - Blog,0,Visitor,0
108717,2026-02-02,Email,Product Drip Campaign,0,Visitor,0
104485,2026-04-03,Paid Search,Google Ads - Brand,0,Visitor,0
109746,2026-05-22,Referral,Partner Referral,5,SQL,0
100480,2026-05-03,Organic Search,SEO - Blog,0,Visitor,0
109759,2026-03-22,Referral,Partner Referral,0,Visitor,0
102408,2026-05-17,Organic Search,SEO - Blog,0,Visitor,0
108994,2026-03-27,Email,Product Drip Campaign,0,Visitor,0
109155,2026-04-20,Referral,Customer Referral Program,0,Visitor,0
105943,2026-05-25,Social Media,Facebook Ads,35,MQL,0
100779,2026-02-28,Organic Search,SEO - Blog,12,MQL,0
103597,2026-03-08,Paid Search,Google Ads - Brand,0,Visitor,0
103909,2026-03-19,Paid Search,Google Ads - Generic,0,Visitor,0
103060,2026-02-17,Paid Search,Google Ads - Generic,0,Visitor,0
107684,2026-04-21,Social Media,Instagram Ads,0,Visitor,0
100442,2026-03-08,Organic Search,SEO - Blog,0,Visitor,0
104540,2026-04-25,Paid Search,Google Ads - Generic,0,Visitor,0
100086,2026-01-30,Organic Search,SEO - Product Pages,0,Visitor,0
106876,2026-05-12,Social Media,Facebook Ads,0,Visitor,0
102524,2026-06-23,Organic Search,SEO - Product Pages,0,Visitor,0
104658,2026-01-19,Paid Search,Google Ads - Brand,0,Visitor,0
108181,2026-02-12,Email,Product Drip Campaign,0,Visitor,0
109650,2026-02-17,Referral,Partner Referral,0,Visitor,0
108651,2026-04-02,Email,Newsletter,0,Visitor,0
102401,2026-04-28,Organic Search,SEO - Product Pages,0,Visitor,0
102317,2026-04-02,Organic Search,SEO - Product Pages,0,Visitor,0
111194,2026-04-29,Direct,Direct/None,0,Visitor,0
101336,2026-04-05,Organic Search,SEO - Product Pages,0,Visitor,0
100024,2026-03-17,Organic Search,SEO - Blog,12,Lead,0
109112,2026-05-18,Email,Product Drip Campaign,8,SQL,0
102785,2026-03-03,Organic Search,SEO - Blog,12,Lead,0
102444,2026-05-11,Organic Search,SEO - Product Pages,12,MQL,0
109071,2026-05-26,Email,Newsletter,8,Lead,0
111888,2026-03-28,Direct,Direct/None,0,Visitor,0
101639,2026-06-23,Organic Search,SEO - Product Pages,0,Visitor,0
100762,2026-03-26,Organic Search,SEO - Blog,0,Visitor,0
100260,2026-05-03,Organic Search,SEO - Product Pages,12,Lead,0
108997,2026-04-13,Email,Newsletter,0,Visitor,0
106166,2026-01-25,Social Media,Instagram Ads,0,Visitor,0
101436,2026-03-13,Organic Search,SEO - Product Pages,0,Visitor,0
107554,2026-05-03,Social Media,Facebook Ads,35,MQL,0
107596,2026-03-17,Social Media,Instagram Ads,0,Visitor,0
102143,2026-05-26,Organic Search,SEO - Product Pages,0,Visitor,0
102917,2026-05-07,Paid Search,Google Ads - Generic,0,Visitor,0
106668,2026-03-05,Social Media,Instagram Ads,0,Visitor,0
110067,2026-02-14,Referral,Partner Referral,0,Visitor,0
105451,2026-06-17,Social Media,Facebook Ads,35,Lead,0
104557,2026-02-03,Paid Search,Google Ads - Brand,0,Visitor,0
101226,2026-04-03,Organic Search,SEO - Blog,0,Visitor,0
106483,2026-05-06,Social Media,Facebook Ads,0,Visitor,0
111338,2026-05-03,Direct,Direct/None,0,MQL,0
104461,2026-03-02,Paid Search,Google Ads - Generic,0,Visitor,0
110261,2026-03-31,Direct,Direct/None,0,Visitor,0
107973,2026-04-23,Email,Newsletter,8,Lead,0
103261,2026-03-21,Paid Search,Google Ads - Generic,0,Visitor,0
105955,2026-06-13,Social Media,Facebook Ads,0,Visitor,0
109451,2026-05-04,Referral,Customer Referral Program,0,Visitor,0
105449,2026-04-10,Social Media,Facebook Ads,0,Visitor,0
111905,2026-04-03,Direct,Direct/None,0,Visitor,0
102737,2026-04-03,Organic Search,SEO - Product Pages,12,Lead,0
104201,2026-03-07,Paid Search,Google Ads - Generic,0,Visitor,0
107620,2026-05-01,Social Media,LinkedIn Ads,0,Visitor,0
111685,2026-04-18,Direct,Direct/None,0,MQL,0
109084,2026-03-10,Email,Newsletter,0,Visitor,0
105375,2026-03-08,Social Media,LinkedIn Ads,35,Lead,0
107570,2026-04-09,Social Media,Instagram Ads,0,Visitor,0
100671,2026-05-01,Organic Search,SEO - Blog,0,Visitor,0
105076,2026-01-27,Paid Search,Google Ads - Brand,48,MQL,0
103208,2026-05-10,Paid Search,Google Ads - Brand,0,Visitor,0
102756,2026-03-17,Organic Search,SEO - Blog,12,Lead,0
100912,2026-04-28,Organic Search,SEO - Blog,12,SQL,0
110545,2026-02-01,Direct,Direct/None,0,Visitor,0
103748,2026-05-11,Paid Search,Google Ads - Brand,0,Visitor,0
103022,2026-02-07,Paid Search,Google Ads - Brand,48,Lead,0
109773,2026-02-17,Referral,Customer Referral Program,5,MQL,0
100277,2026-01-26,Organic Search,SEO - Product Pages,0,Visitor,0
100941,2026-05-26,Organic Search,SEO - Product Pages,0,Visitor,0
103379,2026-04-04,Paid Search,Google Ads - Generic,0,Visitor,0
107052,2026-05-06,Social Media,LinkedIn Ads,0,Visitor,0
106753,2026-03-15,Social Media,LinkedIn Ads,0,Visitor,0
102857,2026-01-25,Organic Search,SEO - Blog,0,Visitor,0
100808,2026-06-18,Organic Search,SEO - Blog,12,MQL,0
109655,2026-06-09,Referral,Customer Referral Program,5,SQL,0
100373,2026-02-18,Organic Search,SEO - Product Pages,0,Visitor,0
109038,2026-03-19,Email,Product Drip Campaign,8,Lead,0
109047,2026-05-05,Email,Newsletter,0,Visitor,0
101643,2026-04-26,Organic Search,SEO - Product Pages,0,Visitor,0
103506,2026-03-12,Paid Search,Google Ads - Brand,0,Visitor,0
101581,2026-03-17,Organic Search,SEO - Blog,0,Visitor,0
110738,2026-04-29,Direct,Direct/None,0,Visitor,0
101168,2026-03-31,Organic Search,SEO - Product Pages,0,Visitor,0
104637,2026-04-22,Paid Search,Google Ads - Generic,0,Visitor,0
111159,2026-06-12,Direct,Direct/None,0,Visitor,0
104648,2026-02-14,Paid Search,Google Ads - Brand,0,Visitor,0
101662,2026-05-30,Organic Search,SEO - Blog,0,Visitor,0
111735,2026-03-24,Direct,Direct/None,0,Visitor,0
103659,2026-05-06,Paid Search,Google Ads - Generic,0,Visitor,0
111037,2026-04-25,Direct,Direct/None,0,Visitor,0
101294,2026-05-19,Organic Search,SEO - Product Pages,0,Visitor,0
103706,2026-04-14,Paid Search,Google Ads - Brand,0,Visitor,0
110468,2026-02-25,Direct,Direct/None,0,Visitor,0
102790,2026-03-18,Organic Search,SEO - Blog,0,Visitor,0
104333,2026-03-17,Paid Search,Google Ads - Brand,0,Visitor,0
109284,2026-04-30,Referral,Customer Referral Program,0,Visitor,0
110076,2026-03-02,Referral,Customer Referral Program,0,Visitor,0
100832,2026-04-12,Organic Search,SEO - Blog,0,Visitor,0
100966,2026-05-01,Organic Search,SEO - Blog,0,Visitor,0
105519,2026-05-10,Social Media,Instagram Ads,0,Visitor,0
111483,2026-02-04,Direct,Direct/None,0,Visitor,0
106597,2026-03-14,Social Media,Facebook Ads,0,Visitor,0
103966,2026-04-11,Paid Search,Google Ads - Brand,48,MQL,0
110503,2026-02-10,Direct,Direct/None,0,Visitor,0
101019,2026-03-27,Organic Search,SEO - Product Pages,12,SQL,0
107671,2026-03-25,Social Media,Facebook Ads,0,Visitor,0
108936,2026-02-22,Email,Product Drip Campaign,8,MQL,0
100186,2026-04-17,Organic Search,SEO - Blog,0,Visitor,0
104039,2026-06-03,Paid Search,Google Ads - Generic,0,Visitor,0
101877,2026-02-27,Organic Search,SEO - Product Pages,12,Lead,0
108380,2026-03-07,Email,Newsletter,8,Customer,1231
102322,2026-04-28,Organic Search,SEO - Blog,0,Visitor,0
103162,2026-04-25,Paid Search,Google Ads - Generic,0,Visitor,0
104339,2026-01-28,Paid Search,Google Ads - Generic,0,Visitor,0
104544,2026-03-19,Paid Search,Google Ads - Brand,0,Visitor,0
109043,2026-05-16,Email,Newsletter,0,Visitor,0
105413,2026-06-01,Social Media,LinkedIn Ads,0,Visitor,0
107081,2026-02-21,Social Media,Facebook Ads,0,Visitor,0
105493,2026-06-05,Social Media,Instagram Ads,0,Visitor,0
105294,2026-03-08,Social Media,Facebook Ads,0,Visitor,0
107187,2026-03-28,Social Media,Facebook Ads,0,Visitor,0
101811,2026-05-30,Organic Search,SEO - Product Pages,12,MQL,0
103278,2026-04-15,Paid Search,Google Ads - Generic,0,Visitor,0
107653,2026-02-17,Social Media,Facebook Ads,0,Visitor,0
105031,2026-04-01,Paid Search,Google Ads - Brand,0,Visitor,0
102262,2026-01-17,Organic Search,SEO - Product Pages,0,Visitor,0
101798,2026-02-21,Organic Search,SEO - Product Pages,12,Lead,0
109142,2026-02-27,Referral,Customer Referral Program,5,SQL,0
107383,2026-05-23,Social Media,Facebook Ads,0,Visitor,0
100797,2026-01-29,Organic Search,SEO - Product Pages,12,Lead,0
107854,2026-04-09,Social Media,Instagram Ads,0,Visitor,0
110114,2026-04-16,Referral,Customer Referral Program,5,Lead,0
104904,2026-05-15,Paid Search,Google Ads - Generic,0,Visitor,0
107661,2026-04-23,Social Media,LinkedIn Ads,0,Visitor,0
103167,2026-04-06,Paid Search,Google Ads - Brand,48,Lead,0
109435,2026-05-26,Referral,Customer Referral Program,0,Visitor,0
108402,2026-02-21,Email,Newsletter,0,Visitor,0
107533,2026-04-03,Social Media,Facebook Ads,35,Lead,0
104984,2026-04-06,Paid Search,Google Ads - Brand,0,Visitor,0
106257,2026-05-03,Social Media,LinkedIn Ads,0,Visitor,0
109239,2026-06-06,Referral,Partner Referral,5,MQL,0
104054,2026-04-24,Paid Search,Google Ads - Generic,48,MQL,0
110612,2026-04-01,Direct,Direct/None,0,Visitor,0
105359,2026-05-19,Social Media,Facebook Ads,0,Visitor,0
104250,2026-04-30,Paid Search,Google Ads - Brand,0,Visitor,0
104336,2026-04-20,Paid Search,Google Ads - Generic,0,Visitor,0
109597,2026-03-03,Referral,Partner Referral,0,Visitor,0
101016,2026-03-30,Organic Search,SEO - Product Pages,0,Visitor,0
109390,2026-03-07,Referral,Customer Referral Program,5,Lead,0
100492,2026-04-18,Organic Search,SEO - Product Pages,0,Visitor,0
109228,2026-02-17,Referral,Customer Referral Program,5,Lead,0
102442,2026-06-06,Organic Search,SEO - Product Pages,0,Visitor,0
109425,2026-02-18,Referral,Customer Referral Program,0,Visitor,0
102054,2026-03-05,Organic Search,SEO - Blog,0,Visitor,0
104398,2026-05-14,Paid Search,Google Ads - Generic,0,Visitor,0
102496,2026-04-22,Organic Search,SEO - Blog,0,Visitor,0
104819,2026-04-12,Paid Search,Google Ads - Brand,0,Visitor,0
105925,2026-03-23,Social Media,Facebook Ads,0,Visitor,0
103163,2026-04-17,Paid Search,Google Ads - Generic,0,Visitor,0
106572,2026-02-07,Social Media,Facebook Ads,0,Visitor,0
102467,2026-05-06,Organic Search,SEO - Blog,12,MQL,0
109304,2026-03-10,Referral,Customer Referral Program,5,Customer,2169
102869,2026-05-26,Organic Search,SEO - Product Pages,0,Visitor,0
100805,2026-03-18,Organic Search,SEO - Product Pages,0,Visitor,0
106827,2026-05-20,Social Media,LinkedIn Ads,0,Visitor,0
108327,2026-04-03,Email,Product Drip Campaign,8,MQL,0
108159,2026-05-30,Email,Product Drip Campaign,8,Customer,2043
102822,2026-03-27,Organic Search,SEO - Product Pages,0,Visitor,0
102200,2026-01-28,Organic Search,SEO - Product Pages,0,Visitor,0
109850,2026-05-30,Referral,Partner Referral,0,Visitor,0
101842,2026-03-17,Organic Search,SEO - Product Pages,0,Visitor,0
106533,2026-06-15,Social Media,Instagram Ads,0,Visitor,0
101900,2026-03-24,Organic Search,SEO - Product Pages,12,MQL,0
109105,2026-01-23,Email,Product Drip Campaign,0,Visitor,0
109580,2026-02-27,Referral,Customer Referral Program,0,Visitor,0
106794,2026-03-17,Social Media,Facebook Ads,0,Visitor,0
107663,2026-04-16,Social Media,LinkedIn Ads,0,Visitor,0
103243,2026-05-17,Paid Search,Google Ads - Generic,0,Visitor,0
107008,2026-04-08,Social Media,Instagram Ads,0,Visitor,0
100711,2026-03-25,Organic Search,SEO - Product Pages,0,Visitor,0
111670,2026-03-19,Direct,Direct/None,0,Visitor,0
105737,2026-03-21,Social Media,Facebook Ads,35,Lead,0
110445,2026-03-31,Direct,Direct/None,0,Visitor,0
103457,2026-06-04,Paid Search,Google Ads - Generic,0,Visitor,0
110512,2026-06-08,Direct,Direct/None,0,Visitor,0
107386,2026-05-11,Social Media,LinkedIn Ads,0,Visitor,0
102430,2026-02-01,Organic Search,SEO - Product Pages,0,Visitor,0
108115,2026-03-22,Email,Product Drip Campaign,0,Visitor,0
105138,2026-04-20,Paid Search,Google Ads - Brand,0,Visitor,0
105530,2026-06-15,Social Media,Unknown / Untagged,0,Visitor,0
111865,2026-01-15,Direct,Direct/None,0,Visitor,0
102662,2026-04-28,Organic Search,SEO - Blog,0,Visitor,0
111089,2026-02-27,Direct,Direct/None,0,Visitor,0
104176,2026-02-28,Paid Search,Google Ads - Brand,0,Visitor,0
102418,2026-04-29,Organic Search,SEO - Blog,12,MQL,0
106287,2026-05-19,Social Media,LinkedIn Ads,0,Visitor,0
105147,2026-06-02,Paid Search,Google Ads - Brand,0,Visitor,0
102175,2026-03-29,Organic Search,SEO - Blog,0,Visitor,0
109567,2026-04-03,Referral,Partner Referral,0,Visitor,0
109094,2026-03-08,Email,Product Drip Campaign,0,Visitor,0
111660,2026-04-21,Direct,Direct/None,0,Visitor,0
107134,2026-02-17,Social Media,Facebook Ads,0,Visitor,0
109389,2026-04-24,Referral,Partner Referral,0,Visitor,0
103554,2026-02-09,Paid Search,Google Ads - Generic,0,Visitor,0
103743,2026-02-20,Paid Search,Google Ads - Brand,0,Visitor,0
106607,2026-03-12,Social Media,LinkedIn Ads,0,Visitor,0
107877,2026-04-03,Social Media,Unknown / Untagged,0,Visitor,0
107937,2026-05-28,Email,Product Drip Campaign,8,Lead,0
100195,2026-04-14,Organic Search,SEO - Blog,0,Visitor,0
101755,2026-02-20,Organic Search,SEO - Product Pages,0,Visitor,0
105913,2026-02-23,Social Media,LinkedIn Ads,0,Visitor,0
102395,2026-05-03,Organic Search,SEO - Product Pages,0,Visitor,0
109550,2026-04-19,Referral,Customer Referral Program,0,Visitor,0
102992,2026-05-23,Paid Search,Google Ads - Brand,48,MQL,0
111894,2026-02-27,Direct,Direct/None,0,Visitor,0
102614,2026-04-14,Organic Search,SEO - Product Pages,0,Visitor,0
109754,2026-04-29,Referral,Partner Referral,5,Customer,1047
104313,2026-05-09,Paid Search,Google Ads - Brand,0,Visitor,0
109907,2026-05-07,Referral,Customer Referral Program,0,Visitor,0
101597,2026-05-09,Organic Search,SEO - Product Pages,0,Visitor,0
102721,2026-05-01,Organic Search,SEO - Blog,0,Visitor,0
105251,2026-03-17,Paid Search,Google Ads - Brand,48,MQL,0
110288,2026-04-17,Direct,Direct/None,0,Visitor,0
109170,2026-02-19,Referral,Partner Referral,0,Visitor,0
103996,2026-03-02,Paid Search,Google Ads - Brand,0,Visitor,0
106900,2026-02-21,Social Media,LinkedIn Ads,0,Visitor,0
109225,2026-04-11,Referral,Customer Referral Program,5,MQL,0
106637,2026-05-06,Social Media,Facebook Ads,0,Visitor,0
107229,2026-02-16,Social Media,Instagram Ads,0,Visitor,0
110306,2026-03-30,Direct,Direct/None,0,Visitor,0
111551,2026-02-14,Direct,Direct/None,0,Lead,0
111941,2026-05-02,Direct,Direct/None,0,Visitor,0
108902,2026-06-10,Email,Product Drip Campaign,0,Visitor,0
102821,2026-01-14,Organic Search,SEO - Product Pages,0,Visitor,0
102962,2026-04-18,Paid Search,Google Ads - Generic,0,Visitor,0
100699,2026-05-10,Organic Search,SEO - Blog,12,MQL,0
103334,2026-04-20,Paid Search,Google Ads - Generic,0,Visitor,0
108110,2026-06-14,Email,Newsletter,8,MQL,0
103546,2026-05-26,Paid Search,Google Ads - Generic,0,Visitor,0
103433,2026-05-06,Paid Search,Google Ads - Generic,48,SQL,0
104653,2026-04-28,Paid Search,Google Ads - Brand,0,Visitor,0
107473,2026-03-07,Social Media,Facebook Ads,0,Visitor,0
101253,2026-04-13,Organic Search,SEO - Product Pages,0,Visitor,0
102704,2026-05-03,Organic Search,SEO - Blog,12,Lead,0
104474,2026-05-24,Paid Search,Google Ads - Generic,48,Lead,0
102980,2026-04-13,Paid Search,Google Ads - Brand,48,Lead,0
102170,2026-01-30,Organic Search,SEO - Blog,0,Visitor,0
109906,2026-04-03,Referral,Customer Referral Program,0,Visitor,0
109124,2026-05-03,Referral,Customer Referral Program,5,MQL,0
104675,2026-03-02,Paid Search,Google Ads - Generic,0,Visitor,0
106650,2026-03-10,Social Media,Instagram Ads,0,Visitor,0
102232,2026-04-15,Organic Search,SEO - Product Pages,12,Lead,0
102384,2026-03-12,Organic Search,SEO - Product Pages,0,Visitor,0
104547,2026-04-01,Paid Search,Google Ads - Generic,0,Visitor,0
103118,2026-05-03,Paid Search,Google Ads - Brand,0,Visitor,0
101046,2026-03-31,Organic Search,SEO - Blog,0,Visitor,0
111889,2026-01-29,Direct,Direct/None,0,Lead,0
105710,2026-05-04,Social Media,Instagram Ads,0,Visitor,0
100515,2026-01-28,Organic Search,SEO - Blog,0,Visitor,0
102591,2026-06-01,Organic Search,SEO - Blog,0,Visitor,0
103286,2026-06-15,Paid Search,Google Ads - Generic,0,Visitor,0
103088,2026-04-02,Paid Search,Google Ads - Generic,0,Visitor,0
108691,2026-02-17,Email,Product Drip Campaign,0,Visitor,0
106161,2026-04-05,Social Media,Instagram Ads,0,Visitor,0
110097,2026-02-16,Referral,Customer Referral Program,0,Visitor,0
105081,2026-06-07,Paid Search,Google Ads - Brand,0,Visitor,0
100256,2026-04-14,Organic Search,SEO - Product Pages,0,Visitor,0
105831,2026-06-04,Social Media,Instagram Ads,0,Visitor,0
110553,2026-04-09,Direct,Direct/None,0,Visitor,0
105786,2026-04-09,Social Media,LinkedIn Ads,0,Visitor,0
105264,2026-04-26,Paid Search,Google Ads - Brand,0,Visitor,0
107299,2026-04-16,Social Media,Facebook Ads,0,Visitor,0
105879,2026-04-12,Social Media,LinkedIn Ads,0,Visitor,0
108487,2026-06-13,Email,Product Drip Campaign,8,Customer,1692
101056,2026-05-07,Organic Search,SEO - Blog,0,Visitor,0
101742,2026-03-07,Organic Search,SEO - Blog,12,MQL,0
105250,2026-04-15,Paid Search,Google Ads - Generic,0,Visitor,0
107835,2026-02-10,Social Media,Facebook Ads,0,Visitor,0
104229,2026-05-21,Paid Search,Google Ads - Generic,0,Visitor,0
102369,2026-03-14,Organic Search,SEO - Product Pages,12,Lead,0
104885,2026-04-08,Paid Search,Google Ads - Brand,0,Visitor,0
103183,2026-02-08,Paid Search,Google Ads - Brand,0,Visitor,0
106152,2026-05-02,Social Media,Facebook Ads,0,Visitor,0
110051,2026-03-17,Referral,Customer Referral Program,0,Visitor,0
104048,2026-05-03,Paid Search,Google Ads - Generic,0,Visitor,0
111777,2026-05-11,Direct,Direct/None,0,Visitor,0
107678,2026-06-09,Social Media,Instagram Ads,0,Visitor,0
106608,2026-04-09,Social Media,Facebook Ads,0,Visitor,0
111882,2026-04-04,Direct,Direct/None,0,Visitor,0
110606,2026-02-11,Direct,Direct/None,0,Visitor,0
110283,2026-05-26,Direct,Direct/None,0,Visitor,0
105315,2026-05-09,Social Media,Instagram Ads,0,Visitor,0
108865,2026-04-06,Email,Newsletter,8,SQL,0
101864,2026-03-30,Organic Search,SEO - Product Pages,0,Visitor,0
103611,2026-03-23,Paid Search,Google Ads - Generic,0,Visitor,0
104971,2026-03-15,Paid Search,Google Ads - Brand,0,Visitor,0
102541,2026-05-05,Organic Search,SEO - Blog,0,Visitor,0
103775,2026-05-16,Paid Search,Google Ads - Brand,0,Visitor,0
102991,2026-03-03,Paid Search,Google Ads - Generic,0,Visitor,0
103962,2026-01-15,Paid Search,Google Ads - Brand,0,Visitor,0
106383,2026-05-17,Social Media,Instagram Ads,35,MQL,0
100679,2026-04-27,Organic Search,SEO - Blog,0,Visitor,0
110350,2026-03-26,Direct,Direct/None,0,Visitor,0
104207,2026-05-12,Paid Search,Google Ads - Brand,0,Visitor,0
110461,2026-05-10,Direct,Direct/None,0,Lead,0
104326,2026-03-08,Paid Search,Google Ads - Generic,0,Visitor,0
103528,2026-03-22,Paid Search,Google Ads - Brand,0,Visitor,0
106716,2026-04-02,Social Media,LinkedIn Ads,0,Visitor,0
109336,2026-05-24,Referral,Partner Referral,5,Customer,960
105463,2026-03-09,Social Media,LinkedIn Ads,0,Visitor,0
107360,2026-01-27,Social Media,Facebook Ads,0,Visitor,0
105133,2026-05-27,Paid Search,Google Ads - Brand,48,Lead,0
110304,2026-04-24,Direct,Direct/None,0,MQL,0
111079,2026-06-10,Direct,Direct/None,0,Visitor,0
104446,2026-05-09,Paid Search,Google Ads - Brand,0,Visitor,0
108493,2026-05-11,Email,Product Drip Campaign,8,SQL,0
101259,2026-05-18,Organic Search,SEO - Blog,0,Visitor,0
105780,2026-04-05,Social Media,LinkedIn Ads,0,Visitor,0
104924,2026-03-31,Paid Search,Google Ads - Brand,0,Visitor,0
100122,2026-05-10,Organic Search,SEO - Product Pages,0,Visitor,0
101364,2026-04-17,Organic Search,SEO - Blog,12,Lead,0
102360,2026-05-03,Organic Search,SEO - Blog,12,MQL,0
103683,2026-05-01,Paid Search,Google Ads - Generic,48,MQL,0
102336,2026-06-08,Organic Search,SEO - Blog,12,Customer,1664
100943,2026-04-08,Organic Search,SEO - Blog,0,Visitor,0
102550,2026-04-12,Organic Search,SEO - Blog,0,Visitor,0
108270,2026-03-22,Email,Newsletter,0,Visitor,0
101060,2026-03-23,Organic Search,SEO - Product Pages,0,Visitor,0
103578,2026-02-02,Paid Search,Google Ads - Brand,0,Visitor,0
111857,2026-04-08,Direct,Direct/None,0,Visitor,0
105376,2026-02-08,Social Media,Instagram Ads,0,Visitor,0
102511,2026-03-23,Organic Search,SEO - Blog,0,Visitor,0
108919,2026-05-03,Email,Product Drip Campaign,0,Visitor,0
108208,2026-02-20,Email,Product Drip Campaign,0,Visitor,0
106814,2026-03-28,Social Media,LinkedIn Ads,0,Visitor,0
103776,2026-03-19,Paid Search,Google Ads - Generic,0,Visitor,0
108134,2026-02-10,Email,Newsletter,8,MQL,0
105857,2026-06-05,Social Media,Facebook Ads,0,Visitor,0
110054,2026-04-01,Referral,Partner Referral,0,Visitor,0
103298,2026-04-22,Paid Search,Google Ads - Generic,0,Visitor,0
104697,2026-05-13,Paid Search,Google Ads - Brand,48,Lead,0
106686,2026-04-05,Social Media,Instagram Ads,0,Visitor,0
100557,2026-04-26,Organic Search,SEO - Product Pages,0,Visitor,0
100213,2026-03-10,Organic Search,SEO - Blog,0,Visitor,0
101111,2026-03-30,Organic Search,SEO - Blog,0,Visitor,0
100005,2026-03-06,Organic Search,SEO - Product Pages,0,Visitor,0
103571,2026-04-04,Paid Search,Google Ads - Generic,0,Visitor,0
103908,2026-01-08,Paid Search,Google Ads - Brand,0,Visitor,0
105360,2026-02-19,Social Media,Facebook Ads,0,Visitor,0
110798,2026-03-16,Direct,Direct/None,0,Visitor,0
106364,2026-03-28,Social Media,LinkedIn Ads,0,Visitor,0
103710,2026-04-24,Paid Search,Google Ads - Generic,0,Visitor,0
105256,2026-05-13,Paid Search,Google Ads - Generic,0,Visitor,0
108420,2026-01-28,Email,Product Drip Campaign,0,Visitor,0
105302,2026-01-28,Social Media,Facebook Ads,0,Visitor,0
101929,2026-02-27,Organic Search,SEO - Blog,0,Visitor,0
104287,2026-04-16,Paid Search,Google Ads - Brand,0,Visitor,0
103032,2026-02-14,Paid Search,Google Ads - Brand,0,Visitor,0
102484,2026-04-24,Organic Search,SEO - Product Pages,0,Visitor,0
109254,2026-04-28,Referral,Partner Referral,0,Visitor,0
108424,2026-05-15,Email,Newsletter,0,Visitor,0
106929,2026-06-10,Social Media,Instagram Ads,0,Visitor,0
108508,2026-03-24,Email,Newsletter,0,Visitor,0
106375,2026-02-01,Social Media,LinkedIn Ads,35,MQL,0
105184,2026-01-30,Paid Search,Google Ads - Brand,48,Lead,0
100148,2026-05-16,Organic Search,SEO - Blog,0,Visitor,0
106551,2026-06-10,Social Media,Instagram Ads,0,Visitor,0
104131,2026-05-19,Paid Search,Google Ads - Generic,48,MQL,0
101570,2026-03-27,Organic Search,SEO - Blog,0,Visitor,0
103276,2026-05-12,Paid Search,Google Ads - Generic,48,MQL,0
108567,2026-05-01,Email,Product Drip Campaign,0,Visitor,0
110155,2026-04-05,Referral,Partner Referral,0,Visitor,0
104761,2026-04-23,Paid Search,Google Ads - Brand,0,Visitor,0
107389,2026-02-10,Social Media,Instagram Ads,0,Visitor,0
100387,2026-01-29,Organic Search,SEO - Blog,0,Visitor,0
101210,2026-05-01,Organic Search,SEO - Blog,0,Visitor,0
100055,2026-06-16,Organic Search,SEO - Product Pages,0,Visitor,0
103330,2026-03-24,Paid Search,Google Ads - Generic,0,Visitor,0
107131,2026-02-06,Social Media,Facebook Ads,0,Visitor,0
102404,2026-03-31,Organic Search,SEO - Product Pages,0,Visitor,0
102730,2026-04-19,Organic Search,SEO - Blog,0,Visitor,0
106093,2026-04-16,Social Media,Facebook Ads,0,Visitor,0
105481,2026-03-23,Social Media,LinkedIn Ads,0,Visitor,0
102896,2026-04-12,Paid Search,Google Ads - Generic,0,Visitor,0
109828,2026-02-20,Referral,Customer Referral Program,5,MQL,0
110934,2026-03-09,Direct,Direct/None,0,Visitor,0
108714,2026-05-03,Email,Newsletter,0,Visitor,0
109171,2026-03-08,Referral,Partner Referral,0,Visitor,0
104107,2026-06-27,Paid Search,Google Ads - Brand,0,Visitor,0
111999,2026-03-03,Direct,Direct/None,0,Visitor,0
106843,2026-04-27,Social Media,Facebook Ads,0,Visitor,0
102863,2026-03-04,Organic Search,SEO - Blog,0,Visitor,0
108692,2026-04-04,Email,Product Drip Campaign,0,Visitor,0
106885,2026-04-18,Social Media,LinkedIn Ads,0,Visitor,0
100722,2026-04-06,Organic Search,SEO - Blog,12,Customer,1386
103317,2026-03-17,Paid Search,Google Ads - Generic,0,Visitor,0
105385,2026-06-04,Social Media,Facebook Ads,35,MQL,0
109075,2026-02-20,Email,Newsletter,0,Visitor,0
107175,2026-03-01,Social Media,LinkedIn Ads,0,Visitor,0
100305,2026-01-16,Organic Search,SEO - Blog,0,Visitor,0
107395,2026-03-22,Social Media,Instagram Ads,0,Visitor,0
106992,2026-04-30,Social Media,Facebook Ads,0,Visitor,0
100740,2026-04-20,Organic Search,SEO - Product Pages,0,Visitor,0
100655,2026-03-17,Organic Search,SEO - Product Pages,0,Visitor,0
110410,2026-05-22,Direct,Direct/None,0,Visitor,0
104787,2026-02-12,Paid Search,Google Ads - Generic,48,SQL,0
100223,2026-04-21,Organic Search,SEO - Blog,0,Visitor,0
105488,2026-04-22,Social Media,Facebook Ads,0,Visitor,0
108336,2026-03-05,Email,Product Drip Campaign,0,Visitor,0
108961,2026-05-07,Email,Newsletter,8,Lead,0
105604,2026-04-14,Social Media,Instagram Ads,0,Visitor,0
111161,2026-04-20,Direct,Direct/None,0,Visitor,0
108858,2026-06-03,Email,Product Drip Campaign,8,MQL,0
104657,2026-04-29,Paid Search,Google Ads - Generic,0,Visitor,0
111321,2026-05-25,Direct,Direct/None,0,SQL,0
109438,2026-04-30,Referral,Partner Referral,0,Visitor,0
100118,2026-01-31,Organic Search,SEO - Product Pages,0,Visitor,0
109536,2026-03-04,Referral,Customer Referral Program,0,Visitor,0
101861,2026-04-15,Organic Search,SEO - Blog,0,Visitor,0
108470,2026-01-23,Email,Product Drip Campaign,0,Visitor,0
100385,2026-02-16,Organic Search,SEO - Product Pages,0,Visitor,0
100702,2026-05-13,Organic Search,SEO - Blog,0,Visitor,0
107356,2026-04-04,Social Media,LinkedIn Ads,0,Visitor,0
110648,2026-02-10,Direct,Direct/None,0,Visitor,0
101531,2026-03-30,Organic Search,SEO - Blog,0,Visitor,0
109023,2026-04-28,Email,Newsletter,0,Visitor,0
107260,2026-04-21,Social Media,Instagram Ads,0,Visitor,0
103518,2026-05-08,Paid Search,Google Ads - Generic,0,Visitor,0
111102,2026-04-08,Direct,Direct/None,0,Visitor,0
100423,2026-05-14,Organic Search,SEO - Blog,0,Visitor,0
106760,2026-04-06,Social Media,Instagram Ads,0,Visitor,0
103024,2026-03-13,Paid Search,Google Ads - Generic,0,Visitor,0
108169,2026-04-16,Email,Newsletter,8,Lead,0
109114,2026-05-11,Email,Newsletter,8,MQL,0
105629,2026-02-10,Social Media,LinkedIn Ads,0,Visitor,0
110037,2026-05-25,Referral,Partner Referral,0,Visitor,0
104843,2026-04-30,Paid Search,Google Ads - Generic,0,Visitor,0
108924,2026-03-03,Email,Newsletter,0,Visitor,0
103637,2026-04-02,Paid Search,Google Ads - Generic,0,Visitor,0
104500,2026-04-16,Paid Search,Google Ads - Generic,0,Visitor,0
106863,2026-03-28,Social Media,Instagram Ads,35,Lead,0
104524,2026-03-30,Paid Search,Google Ads - Brand,48,Lead,0
101392,2026-04-12,Organic Search,SEO - Product Pages,0,Visitor,0
110486,2026-05-05,Direct,Direct/None,0,Visitor,0
101936,2026-02-09,Organic Search,SEO - Product Pages,0,Visitor,0
102715,2026-02-23,Organic Search,SEO - Product Pages,0,Visitor,0
107564,2026-02-26,Social Media,Instagram Ads,0,Visitor,0
110455,2026-03-30,Direct,Direct/None,0,Visitor,0
102564,2026-05-23,Organic Search,SEO - Product Pages,0,Visitor,0
103461,2026-03-16,Paid Search,Google Ads - Generic,0,Visitor,0
106860,2026-03-20,Social Media,LinkedIn Ads,0,Visitor,0
109705,2026-06-26,Referral,Partner Referral,0,Visitor,0
102218,2026-01-14,Organic Search,SEO - Product Pages,0,Visitor,0
105900,2026-04-17,Social Media,Instagram Ads,0,Visitor,0
103503,2026-05-30,Paid Search,Google Ads - Generic,0,Visitor,0
106924,2026-03-23,Social Media,Facebook Ads,0,Visitor,0
111850,2026-04-21,Direct,Direct/None,0,Visitor,0
111493,2026-06-04,Direct,Direct/None,0,Visitor,0
107494,2026-01-17,Social Media,Facebook Ads,35,MQL,0
105514,2026-04-28,Social Media,LinkedIn Ads,35,Lead,0
111807,2026-04-26,Direct,Direct/None,0,Visitor,0
106017,2026-05-08,Social Media,Instagram Ads,0,Visitor,0
106355,2026-04-17,Social Media,LinkedIn Ads,0,Visitor,0
106779,2026-05-09,Social Media,Facebook Ads,0,Visitor,0
111073,2026-05-14,Direct,Direct/None,0,Visitor,0
106811,2026-05-01,Social Media,Facebook Ads,0,Visitor,0
104533,2026-04-06,Paid Search,Google Ads - Generic,0,Visitor,0
110024,2026-04-29,Referral,Customer Referral Program,5,Lead,0
104459,2026-04-23,Paid Search,Google Ads - Brand,0,Visitor,0
111984,2026-04-26,Direct,Direct/None,0,Visitor,0
100899,2026-05-05,Organic Search,SEO - Product Pages,0,Visitor,0
106963,2026-02-26,Social Media,Facebook Ads,35,SQL,0
107129,2026-03-10,Social Media,Facebook Ads,0,Visitor,0
108422,2026-03-19,Email,Product Drip Campaign,0,Visitor,0
104589,2026-03-27,Paid Search,Google Ads - Generic,0,Visitor,0
100588,2026-03-22,Organic Search,SEO - Product Pages,0,Visitor,0
103723,2026-04-15,Paid Search,Google Ads - Brand,0,Visitor,0
104144,2026-05-29,Paid Search,Google Ads - Brand,0,Visitor,0
107812,2026-01-27,Social Media,Instagram Ads,0,Visitor,0
104939,2026-03-01,Paid Search,Google Ads - Generic,0,Visitor,0
111087,2026-01-23,Direct,Direct/None,0,Visitor,0
105428,2026-03-24,Social Media,Facebook Ads,0,Visitor,0
109399,2026-03-19,Referral,Partner Referral,5,Lead,0
109993,2026-03-21,Referral,Partner Referral,0,Visitor,0
109950,2026-04-26,Referral,Customer Referral Program,0,Visitor,0
108137,2026-05-01,Email,Newsletter,0,Visitor,0
103440,2026-05-10,Paid Search,Google Ads - Generic,0,Visitor,0
106680,2026-04-20,Social Media,Instagram Ads,0,Visitor,0
101155,2026-05-03,Organic Search,SEO - Blog,12,MQL,0
102860,2026-01-20,Organic Search,SEO - Product Pages,0,Visitor,0
106479,2026-06-20,Social Media,Instagram Ads,0,Visitor,0
103176,2026-05-27,Paid Search,Google Ads - Brand,48,Lead,0
106060,2026-03-24,Social Media,Instagram Ads,0,Visitor,0
100807,2026-04-25,Organic Search,SEO - Product Pages,0,Visitor,0
103664,2026-05-31,Paid Search,Google Ads - Brand,0,Visitor,0
106619,2026-05-27,Social Media,LinkedIn Ads,0,Visitor,0
107053,2026-02-10,Social Media,Facebook Ads,0,Visitor,0
108992,2026-01-11,Email,Product Drip Campaign,0,Visitor,0
100523,2026-03-04,Organic Search,SEO - Blog,0,Visitor,0
100243,2026-02-28,Organic Search,SEO - Blog,0,Visitor,0
107490,2026-04-27,Social Media,Facebook Ads,0,Visitor,0
109210,2026-03-28,Referral,Partner Referral,5,Customer,1884
108083,2026-04-06,Email,Product Drip Campaign,8,MQL,0
108887,2026-04-26,Email,Newsletter,8,SQL,0
105837,2026-04-28,Social Media,Facebook Ads,0,Visitor,0
107466,2026-05-16,Social Media,Instagram Ads,0,Visitor,0
103456,2026-04-01,Paid Search,Google Ads - Generic,0,Visitor,0
107445,2026-04-01,Social Media,LinkedIn Ads,0,Visitor,0
105412,2026-05-29,Social Media,Facebook Ads,0,Visitor,0
110125,2026-03-13,Referral,Partner Referral,0,Visitor,0
107341,2026-04-11,Social Media,Instagram Ads,0,Visitor,0
110262,2026-06-01,Direct,Direct/None,0,Visitor,0
110052,2026-03-16,Referral,Customer Referral Program,0,Visitor,0
102517,2026-03-10,Organic Search,SEO - Product Pages,12,Lead,0
110408,2026-04-20,Direct,Direct/None,0,Visitor,0
104251,2026-05-27,Paid Search,Google Ads - Generic,48,MQL,0
102374,2026-02-11,Organic Search,SEO - Blog,0,Visitor,0
100216,2026-05-20,Organic Search,SEO - Blog,0,Visitor,0
106220,2026-05-09,Social Media,Facebook Ads,0,Visitor,0
109018,2026-05-16,Email,Newsletter,0,Visitor,0
100719,2026-04-09,Organic Search,SEO - Blog,0,Visitor,0
109180,2026-04-08,Referral,Partner Referral,5,Lead,0
110438,2026-04-03,Direct,Direct/None,0,Visitor,0
108967,2026-01-20,Email,Product Drip Campaign,0,Visitor,0
111003,2026-06-06,Direct,Direct/None,0,Lead,0
101391,2026-02-15,Organic Search,SEO - Product Pages,0,Visitor,0
110811,2026-04-10,Direct,Direct/None,0,Visitor,0
104282,2026-04-12,Paid Search,Google Ads - Brand,0,Visitor,0
103874,2026-04-26,Paid Search,Google Ads - Brand,48,Lead,0
103436,2026-04-29,Paid Search,Google Ads - Generic,0,Visitor,0
101120,2026-05-12,Organic Search,SEO - Blog,0,Visitor,0
106616,2026-05-03,Social Media,Instagram Ads,0,Visitor,0
105178,2026-05-15,Paid Search,Google Ads - Generic,0,Visitor,0
108700,2026-03-01,Email,Newsletter,8,SQL,0
104084,2026-03-22,Paid Search,Google Ads - Generic,0,Visitor,0
101671,2026-02-20,Organic Search,SEO - Blog,0,Visitor,0
109618,2026-05-29,Referral,Partner Referral,0,Visitor,0
106290,2026-04-03,Social Media,Instagram Ads,0,Visitor,0
106854,2026-06-23,Social Media,LinkedIn Ads,0,Visitor,0
101119,2026-04-30,Organic Search,SEO - Product Pages,0,Visitor,0
111577,2026-03-24,Direct,Direct/None,0,Visitor,0
111361,2026-04-27,Direct,Direct/None,0,Visitor,0
103918,2026-02-28,Paid Search,Google Ads - Generic,0,Visitor,0
107919,2026-04-23,Social Media,Instagram Ads,0,Visitor,0
106962,2026-05-24,Social Media,Instagram Ads,0,Visitor,0
105892,2026-04-23,Social Media,Facebook Ads,35,MQL,0
106201,2026-03-21,Social Media,LinkedIn Ads,0,Visitor,0
105136,2026-06-16,Paid Search,Google Ads - Brand,48,Lead,0
108309,2026-04-01,Email,Product Drip Campaign,0,Visitor,0
107066,2026-05-10,Social Media,LinkedIn Ads,0,Visitor,0
105932,2026-04-08,Social Media,LinkedIn Ads,0,Visitor,0
104286,2026-05-27,Paid Search,Google Ads - Generic,0,Visitor,0
111314,2026-03-01,Direct,Direct/None,0,Visitor,0
102714,2026-02-12,Organic Search,SEO - Product Pages,0,Visitor,0
106555,2026-03-26,Social Media,Facebook Ads,0,Visitor,0
102031,2026-04-21,Organic Search,SEO - Product Pages,0,Visitor,0
106197,2026-02-23,Social Media,Instagram Ads,0,Visitor,0
107214,2026-04-23,Social Media,Facebook Ads,0,Visitor,0
103717,2026-04-08,Paid Search,Google Ads - Brand,0,Visitor,0
105454,2026-04-26,Social Media,Facebook Ads,0,Visitor,0
100668,2026-03-20,Organic Search,SEO - Blog,0,Visitor,0
104770,2026-03-15,Paid Search,Google Ads - Brand,0,Visitor,0
100903,2026-04-04,Organic Search,SEO - Blog,0,Visitor,0
103953,2026-01-30,Paid Search,Google Ads - Generic,0,Visitor,0
100664,2026-02-12,Organic Search,SEO - Product Pages,0,Visitor,0
106192,2026-03-20,Social Media,Facebook Ads,0,Visitor,0
106653,2026-03-15,Social Media,Facebook Ads,0,Visitor,0
106216,2026-04-25,Social Media,LinkedIn Ads,0,Visitor,0
102660,2026-02-23,Organic Search,SEO - Blog,0,Visitor,0
102732,2026-01-28,Organic Search,SEO - Blog,0,Visitor,0
102009,2026-05-30,Organic Search,SEO - Product Pages,0,Visitor,0
103829,2026-04-10,Paid Search,Google Ads - Generic,0,Visitor,0
104002,2026-06-24,Paid Search,Google Ads - Generic,0,Visitor,0
103026,2026-05-24,Paid Search,Google Ads - Brand,0,Visitor,0
107032,2026-04-10,Social Media,LinkedIn Ads,0,Visitor,0
100596,2026-04-25,Organic Search,SEO - Product Pages,0,Visitor,0
110702,2026-06-08,Direct,Direct/None,0,Visitor,0
111867,2026-03-31,Direct,Direct/None,0,Visitor,0
106460,2026-04-16,Social Media,Facebook Ads,0,Visitor,0
101058,2026-02-25,Organic Search,SEO - Blog,0,Visitor,0
105221,2026-05-31,Paid Search,Google Ads - Generic,0,Visitor,0
106805,2026-02-20,Social Media,LinkedIn Ads,0,Visitor,0
104238,2026-03-15,Paid Search,Google Ads - Generic,0,Visitor,0
108733,2026-02-15,Email,Newsletter,0,Visitor,0
100284,2026-04-30,Organic Search,SEO - Blog,0,Visitor,0
111396,2026-02-05,Direct,Direct/None,0,Visitor,0
108577,2026-05-13,Email,Product Drip Campaign,0,Visitor,0
109005,2026-02-01,Email,Product Drip Campaign,8,Customer,1918
107327,2026-05-05,Social Media,Facebook Ads,35,SQL,0
111500,2026-04-02,Direct,Direct/None,0,Visitor,0
108709,2026-04-04,Email,Newsletter,0,Visitor,0
110161,2026-04-20,Referral,Customer Referral Program,0,Visitor,0
103544,2026-04-06,Paid Search,Google Ads - Generic,0,Visitor,0
100040,2026-05-21,Organic Search,SEO - Product Pages,0,Visitor,0
111266,2026-05-29,Direct,Direct/None,0,Visitor,0
105899,2026-04-28,Social Media,Facebook Ads,0,Visitor,0
111588,2026-06-07,Direct,Direct/None,0,Visitor,0
105919,2026-03-23,Social Media,LinkedIn Ads,0,Visitor,0
103314,2026-04-15,Paid Search,Google Ads - Brand,48,MQL,0
108466,2026-04-28,Email,Newsletter,0,Visitor,0
101004,2026-03-06,Organic Search,SEO - Product Pages,0,Visitor,0
104317,2026-05-12,Paid Search,Google Ads - Brand,0,Visitor,0
101143,2026-05-21,Organic Search,SEO - Blog,0,Visitor,0
100153,2026-05-08,Organic Search,SEO - Blog,0,Visitor,0
107106,2026-03-16,Social Media,LinkedIn Ads,0,Visitor,0
100885,2026-04-16,Organic Search,SEO - Product Pages,0,Visitor,0
108158,2026-04-04,Email,Newsletter,0,Visitor,0
111121,2026-05-02,Direct,Direct/None,0,Visitor,0
107204,2026-06-17,Social Media,LinkedIn Ads,0,Visitor,0
104759,2026-04-24,Paid Search,Google Ads - Generic,0,Visitor,0
102036,2026-03-23,Organic Search,SEO - Blog,0,Visitor,0
109472,2026-03-27,Referral,Partner Referral,0,Visitor,0
101545,2026-02-09,Organic Search,SEO - Product Pages,0,Visitor,0
106868,2026-02-08,Social Media,Instagram Ads,35,MQL,0
100064,2026-05-15,Organic Search,SEO - Blog,0,Visitor,0
101461,2026-06-19,Organic Search,SEO - Blog,0,Visitor,0
107487,2026-01-25,Social Media,Facebook Ads,0,Visitor,0
103699,2026-04-08,Paid Search,Google Ads - Generic,48,MQL,0
108524,2026-06-06,Email,Product Drip Campaign,0,Visitor,0
100222,2026-03-21,Organic Search,SEO - Product Pages,0,Visitor,0
110547,2026-06-03,Direct,Direct/None,0,SQL,0
100577,2026-04-27,Organic Search,SEO - Blog,0,Visitor,0
100583,2026-03-09,Organic Search,SEO - Blog,0,Visitor,0
107887,2026-05-01,Social Media,LinkedIn Ads,0,Visitor,0
100211,2026-04-08,Organic Search,SEO - Product Pages,12,MQL,0
111942,2026-03-18,Direct,Direct/None,0,Visitor,0
103352,2026-05-18,Paid Search,Google Ads - Generic,0,Visitor,0
109069,2026-06-19,Email,Product Drip Campaign,8,MQL,0
106118,2026-04-15,Social Media,LinkedIn Ads,35,Lead,0
103476,2026-02-20,Paid Search,Google Ads - Generic,48,Lead,0
102344,2026-05-01,Organic Search,SEO - Product Pages,0,Visitor,0
109519,2026-03-22,Referral,Partner Referral,0,Visitor,0
107082,2026-04-19,Social Media,Instagram Ads,0,Visitor,0
105634,2026-04-12,Social Media,LinkedIn Ads,0,Visitor,0
102924,2026-05-07,Paid Search,Google Ads - Brand,0,Visitor,0
108653,2026-02-24,Email,Newsletter,0,Visitor,0
103881,2026-04-12,Paid Search,Google Ads - Generic,0,Visitor,0
111377,2026-03-08,Direct,Direct/None,0,Visitor,0
108785,2026-02-14,Email,Product Drip Campaign,8,MQL,0
101944,2026-02-27,Organic Search,SEO - Blog,0,Visitor,0
102029,2026-03-21,Organic Search,SEO - Blog,0,Visitor,0
109482,2026-03-20,Referral,Partner Referral,0,Visitor,0
100831,2026-02-11,Organic Search,SEO - Blog,0,Visitor,0
102832,2026-05-13,Organic Search,SEO - Blog,0,Visitor,0
104702,2026-04-22,Paid Search,Google Ads - Generic,0,Visitor,0
100969,2026-04-11,Organic Search,SEO - Product Pages,0,Visitor,0
106155,2026-01-19,Social Media,LinkedIn Ads,0,Visitor,0
107832,2026-02-09,Social Media,LinkedIn Ads,0,Visitor,0
109203,2026-04-21,Referral,Customer Referral Program,5,MQL,0
106035,2026-04-04,Social Media,Facebook Ads,35,Lead,0
109699,2026-04-28,Referral,Customer Referral Program,0,Visitor,0
100496,2026-05-07,Organic Search,SEO - Product Pages,0,Visitor,0
107765,2026-04-02,Social Media,Instagram Ads,0,Visitor,0
104931,2026-02-18,Paid Search,Google Ads - Generic,48,Lead,0
102411,2026-04-29,Organic Search,SEO - Product Pages,12,SQL,0
105853,2026-05-01,Social Media,Instagram Ads,35,Lead,0
111211,2026-04-02,Direct,Direct/None,0,Visitor,0
108590,2026-03-01,Email,Product Drip Campaign,0,Visitor,0
102330,2026-02-16,Organic Search,SEO - Product Pages,0,Visitor,0
101846,2026-05-26,Organic Search,SEO - Product Pages,0,Visitor,0
100561,2026-01-30,Organic Search,SEO - Product Pages,12,MQL,0
105655,2026-01-31,Social Media,Facebook Ads,0,Visitor,0
106989,2026-04-05,Social Media,Facebook Ads,0,Visitor,0
109988,2026-04-22,Referral,Customer Referral Program,5,MQL,0
110310,2026-04-07,Direct,Direct/None,0,MQL,0
110923,2026-05-08,Direct,Direct/None,0,MQL,0
105988,2026-04-15,Social Media,Facebook Ads,0,Visitor,0
103438,2026-03-15,Paid Search,Google Ads - Brand,0,Visitor,0
101635,2026-05-09,Organic Search,SEO - Product Pages,0,Visitor,0
100325,2026-03-05,Organic Search,SEO - Blog,0,Visitor,0
106927,2026-03-28,Social Media,LinkedIn Ads,0,Visitor,0
110800,2026-03-02,Direct,Direct/None,0,Visitor,0
104355,2026-04-26,Paid Search,Google Ads - Brand,0,Visitor,0
102324,2026-05-01,Organic Search,SEO - Product Pages,0,Visitor,0
103650,2026-05-24,Paid Search,Google Ads - Generic,0,Visitor,0
104363,2026-02-14,Paid Search,Google Ads - Generic,48,Lead,0
102425,2026-04-16,Organic Search,SEO - Blog,0,Visitor,0
101758,2026-05-05,Organic Search,SEO - Product Pages,0,Visitor,0
103791,2026-04-10,Paid Search,Google Ads - Generic,48,Lead,0
109125,2026-04-12,Referral,Customer Referral Program,0,Visitor,0
100150,2026-04-08,Organic Search,SEO - Product Pages,0,Visitor,0
102274,2026-05-25,Organic Search,SEO - Product Pages,0,Visitor,0
110723,2026-04-05,Direct,Direct/None,0,Visitor,0
106561,2026-04-25,Social Media,Facebook Ads,0,Visitor,0
109753,2026-03-13,Referral,Customer Referral Program,5,SQL,0
100097,2026-04-28,Organic Search,SEO - Blog,0,Visitor,0
111729,2026-03-21,Direct,Direct/None,0,SQL,0
102135,2026-03-23,Organic Search,SEO - Product Pages,0,Visitor,0
101251,2026-01-20,Organic Search,SEO - Product Pages,12,MQL,0
109359,2026-05-13,Referral,Customer Referral Program,5,MQL,0
109149,2026-05-07,Referral,Partner Referral,5,Customer,1379
109039,2026-03-18,Email,Newsletter,8,MQL,0
101356,2026-06-04,Organic Search,SEO - Product Pages,0,Visitor,0
111892,2026-04-25,Direct,Direct/None,0,Visitor,0
111470,2026-03-02,Direct,Direct/None,0,Lead,0
107929,2026-05-24,Email,Newsletter,0,Visitor,0
106817,2026-04-26,Social Media,Instagram Ads,0,Visitor,0
101546,2026-04-06,Organic Search,SEO - Blog,0,Visitor,0
108516,2026-02-28,Email,Newsletter,0,Visitor,0
104561,2026-03-18,Paid Search,Google Ads - Brand,0,Visitor,0
107438,2026-06-03,Social Media,Instagram Ads,0,Visitor,0
111257,2026-04-12,Direct,Direct/None,0,Visitor,0
103542,2026-05-26,Paid Search,Google Ads - Generic,48,MQL,0
104266,2026-05-09,Paid Search,Google Ads - Generic,0,Visitor,0
106379,2026-03-01,Social Media,Instagram Ads,0,Visitor,0
107191,2026-04-11,Social Media,Facebook Ads,0,Visitor,0
105332,2026-06-03,Social Media,Facebook Ads,0,Visitor,0
106564,2026-04-01,Social Media,Facebook Ads,0,Visitor,0
100048,2026-03-10,Organic Search,SEO - Blog,0,Visitor,0
101763,2026-02-02,Organic Search,SEO - Blog,0,Visitor,0
106282,2026-04-06,Social Media,LinkedIn Ads,0,Visitor,0
109255,2026-03-28,Referral,Partner Referral,0,Visitor,0
100180,2026-03-28,Organic Search,SEO - Product Pages,0,Visitor,0
107901,2026-05-16,Social Media,Facebook Ads,0,Visitor,0
103307,2026-05-27,Paid Search,Google Ads - Generic,48,MQL,0
101497,2026-03-28,Organic Search,SEO - Blog,0,Visitor,0
104518,2026-06-17,Paid Search,Google Ads - Generic,0,Visitor,0
104867,2026-02-18,Paid Search,Google Ads - Brand,0,Visitor,0
105280,2026-02-10,Paid Search,Google Ads - Brand,48,Lead,0
101699,2026-04-02,Organic Search,SEO - Product Pages,12,MQL,0
103653,2026-05-01,Paid Search,Google Ads - Generic,0,Visitor,0
106149,2026-02-17,Social Media,LinkedIn Ads,0,Visitor,0
109976,2026-04-20,Referral,Partner Referral,0,Visitor,0
109510,2026-05-02,Referral,Customer Referral Program,0,Visitor,0
104311,2026-05-03,Paid Search,Google Ads - Brand,0,Visitor,0
111053,2026-03-08,Direct,Direct/None,0,Visitor,0
111907,2026-04-24,Direct,Direct/None,0,Visitor,0
107409,2026-02-06,Social Media,Instagram Ads,0,Visitor,0
102295,2026-06-18,Organic Search,SEO - Product Pages,0,Visitor,0
107268,2026-04-19,Social Media,LinkedIn Ads,0,Visitor,0
100945,2026-04-25,Organic Search,SEO - Blog,0,Visitor,0
100963,2026-01-20,Organic Search,SEO - Product Pages,0,Visitor,0
109854,2026-01-14,Referral,Partner Referral,0,Visitor,0
103316,2026-02-08,Paid Search,Google Ads - Generic,0,Visitor,0
108377,2026-03-01,Email,Product Drip Campaign,0,Visitor,0
107740,2026-01-25,Social Media,Facebook Ads,0,Visitor,0
109316,2026-04-15,Referral,Partner Referral,0,Visitor,0
107093,2026-05-04,Social Media,Instagram Ads,0,Visitor,0
102689,2026-04-13,Organic Search,Unknown / Untagged,0,Visitor,0
107712,2026-04-16,Social Media,LinkedIn Ads,0,Visitor,0
103449,2026-03-08,Paid Search,Google Ads - Brand,0,Visitor,0
100163,2026-03-27,Organic Search,SEO - Blog,0,Visitor,0
105422,2026-04-20,Social Media,Instagram Ads,0,Visitor,0
107103,2026-03-08,Social Media,LinkedIn Ads,0,Visitor,0
102984,2026-03-30,Paid Search,Google Ads - Generic,0,Visitor,0
107519,2026-06-11,Social Media,Facebook Ads,0,Visitor,0
108388,2026-03-25,Email,Product Drip Campaign,0,Visitor,0
108923,2026-02-23,Email,Product Drip Campaign,0,Visitor,0
105271,2026-02-18,Paid Search,Google Ads - Brand,0,Visitor,0
106839,2026-04-20,Social Media,Instagram Ads,0,Visitor,0
109502,2026-03-07,Referral,Partner Referral,5,MQL,0
110222,2026-05-25,Direct,Direct/None,0,Visitor,0
109698,2026-04-11,Referral,Partner Referral,5,SQL,0
106026,2026-02-26,Social Media,Facebook Ads,0,Visitor,0
103231,2026-04-15,Paid Search,Google Ads - Generic,0,Visitor,0
109243,2026-03-28,Referral,Customer Referral Program,5,Customer,1814
107168,2026-02-15,Social Media,Instagram Ads,0,Visitor,0
103866,2026-04-10,Paid Search,Google Ads - Brand,0,Visitor,0
103576,2026-05-04,Paid Search,Google Ads - Brand,0,Visitor,0
100975,2026-06-11,Organic Search,SEO - Blog,0,Visitor,0
109486,2026-02-09,Referral,Customer Referral Program,0,Visitor,0
103134,2026-04-01,Paid Search,Google Ads - Brand,48,Lead,0
108353,2026-05-07,Email,Newsletter,0,Visitor,0
105391,2026-05-13,Social Media,Instagram Ads,0,Visitor,0
108132,2026-06-08,Email,Newsletter,0,Visitor,0
103977,2026-06-16,Paid Search,Google Ads - Generic,48,Customer,937
111813,2026-05-22,Direct,Direct/None,0,Visitor,0
110070,2026-02-08,Referral,Partner Referral,0,Visitor,0
111785,2026-02-14,Direct,Direct/None,0,Visitor,0
109808,2026-03-15,Referral,Customer Referral Program,5,Lead,0
111030,2026-02-08,Direct,Direct/None,0,Visitor,0
108417,2026-02-12,Email,Newsletter,0,Visitor,0
111098,2026-04-12,Direct,Direct/None,0,Visitor,0
103358,2026-04-25,Paid Search,Google Ads - Generic,0,Visitor,0
106902,2026-03-26,Social Media,LinkedIn Ads,0,Visitor,0
104865,2026-06-12,Paid Search,Google Ads - Generic,0,Visitor,0
104316,2026-05-06,Paid Search,Google Ads - Generic,0,Visitor,0
106986,2026-03-07,Social Media,LinkedIn Ads,0,Visitor,0
100728,2026-05-06,Organic Search,SEO - Product Pages,0,Visitor,0
104050,2026-05-10,Paid Search,Google Ads - Brand,0,Visitor,0
106846,2026-02-13,Social Media,Instagram Ads,0,Visitor,0
109325,2026-05-07,Referral,Partner Referral,0,Visitor,0
109791,2026-04-22,Referral,Partner Referral,0,Visitor,0
110936,2026-04-10,Direct,Direct/None,0,Visitor,0
107030,2026-04-21,Social Media,Instagram Ads,0,Visitor,0
109411,2026-03-16,Referral,Customer Referral Program,0,Visitor,0
102095,2026-05-12,Organic Search,SEO - Blog,0,Visitor,0
111548,2026-05-15,Direct,Direct/None,0,Lead,0
102424,2026-04-17,Organic Search,SEO - Product Pages,12,MQL,0
109322,2026-03-21,Referral,Customer Referral Program,5,SQL,0
107029,2026-05-11,Social Media,Facebook Ads,0,Visitor,0
107744,2026-04-24,Social Media,Instagram Ads,0,Visitor,0
110913,2026-05-03,Direct,Direct/None,0,Visitor,0
111036,2026-04-28,Direct,Direct/None,0,Visitor,0
111040,2026-04-04,Direct,Direct/None,0,SQL,0
104766,2026-05-01,Paid Search,Google Ads - Brand,0,Visitor,0
103894,2026-05-09,Paid Search,Google Ads - Generic,0,Visitor,0
100393,2026-03-09,Organic Search,SEO - Product Pages,0,Visitor,0
105425,2026-03-23,Social Media,Instagram Ads,0,Visitor,0
108212,2026-02-01,Email,Newsletter,8,SQL,0
101389,2026-05-14,Organic Search,SEO - Product Pages,0,Visitor,0
102777,2026-02-09,Organic Search,SEO - Product Pages,0,Visitor,0
110825,2026-02-15,Direct,Direct/None,0,Visitor,0
108331,2026-03-17,Email,Product Drip Campaign,8,Lead,0
110488,2026-04-01,Direct,Direct/None,0,Visitor,0
101486,2026-05-04,Organic Search,SEO - Product Pages,0,Visitor,0
104906,2026-02-22,Paid Search,Google Ads - Brand,48,Lead,0
106112,2026-04-20,Social Media,Facebook Ads,35,Lead,0
109415,2026-02-05,Referral,Customer Referral Program,0,Visitor,0
110627,2026-06-15,Direct,Direct/None,0,Lead,0
106535,2026-03-06,Social Media,Instagram Ads,0,Visitor,0
101773,2026-03-23,Organic Search,SEO - Product Pages,0,Visitor,0
108426,2026-05-04,Email,Product Drip Campaign,0,Visitor,0
111431,2026-03-16,Direct,Direct/None,0,Visitor,0
100453,2026-02-20,Organic Search,SEO - Blog,0,Visitor,0
110810,2026-03-19,Direct,Direct/None,0,Visitor,0
100991,2026-02-21,Organic Search,SEO - Product Pages,0,Visitor,0
109002,2026-05-09,Email,Newsletter,0,Visitor,0
100117,2026-04-14,Organic Search,SEO - Product Pages,0,Visitor,0
101949,2026-03-31,Organic Search,SEO - Product Pages,0,Visitor,0
103475,2026-05-12,Paid Search,Google Ads - Brand,0,Visitor,0
103252,2026-05-02,Paid Search,Google Ads - Brand,0,Visitor,0
103081,2026-05-27,Paid Search,Google Ads - Brand,0,Visitor,0
100616,2026-02-18,Organic Search,SEO - Product Pages,0,Visitor,0
109992,2026-03-08,Referral,Partner Referral,5,MQL,0
107836,2026-03-23,Social Media,Facebook Ads,0,Visitor,0
109846,2026-04-07,Referral,Customer Referral Program,5,Customer,1677
100876,2026-05-06,Organic Search,SEO - Blog,12,Lead,0
106117,2026-05-05,Social Media,Facebook Ads,35,SQL,0
111000,2026-05-27,Direct,Direct/None,0,MQL,0
103818,2026-06-19,Paid Search,Google Ads - Generic,48,Lead,0
111549,2026-03-24,Direct,Direct/None,0,Visitor,0
104292,2026-05-04,Paid Search,Google Ads - Brand,48,Lead,0
107261,2026-03-21,Social Media,LinkedIn Ads,0,Visitor,0
110987,2026-06-05,Direct,Direct/None,0,Visitor,0
105121,2026-04-01,Paid Search,Google Ads - Brand,0,Visitor,0
108131,2026-04-18,Email,Newsletter,8,Lead,0
108880,2026-04-22,Email,Product Drip Campaign,0,Visitor,0
102767,2026-05-05,Organic Search,SEO - Blog,12,SQL,0
100696,2026-03-30,Organic Search,SEO - Blog,0,Visitor,0
103214,2026-05-06,Paid Search,Google Ads - Generic,0,Visitor,0
102977,2026-01-24,Paid Search,Google Ads - Generic,0,Visitor,0
105639,2026-03-31,Social Media,Facebook Ads,0,Visitor,0
103831,2026-04-05,Paid Search,Unknown / Untagged,0,Visitor,0
107250,2026-04-06,Social Media,Facebook Ads,0,Visitor,0
104679,2026-04-01,Paid Search,Google Ads - Brand,0,Visitor,0
100739,2026-02-06,Organic Search,SEO - Product Pages,0,Visitor,0
108513,2026-04-06,Email,Product Drip Campaign,8,SQL,0
102282,2026-05-26,Organic Search,SEO - Product Pages,0,Visitor,0
102735,2026-02-25,Organic Search,SEO - Blog,0,Visitor,0
109060,2026-03-17,Email,Product Drip Campaign,0,Visitor,0
102831,2026-03-20,Organic Search,SEO - Product Pages,0,Visitor,0
110480,2026-05-07,Direct,Direct/None,0,Visitor,0
100381,2026-06-24,Organic Search,Unknown / Untagged,12,SQL,0
106138,2026-04-15,Social Media,Facebook Ads,0,Visitor,0
102067,2026-06-16,Organic Search,SEO - Blog,12,Lead,0
108758,2026-03-14,Email,Product Drip Campaign,8,MQL,0
104530,2026-05-02,Paid Search,Google Ads - Generic,0,Visitor,0
111969,2026-05-12,Direct,Direct/None,0,Visitor,0
108384,2026-02-04,Email,Product Drip Campaign,0,Visitor,0
106368,2026-02-13,Social Media,Facebook Ads,0,Visitor,0
104804,2026-06-15,Paid Search,Google Ads - Generic,0,Visitor,0
111742,2026-06-21,Direct,Direct/None,0,Visitor,0
104580,2026-03-30,Paid Search,Google Ads - Brand,48,Lead,0
101872,2026-04-21,Organic Search,SEO - Blog,0,Visitor,0
105709,2026-02-22,Social Media,Instagram Ads,0,Visitor,0
110095,2026-05-02,Referral,Partner Referral,0,Visitor,0
107717,2026-04-07,Social Media,Instagram Ads,0,Visitor,0
108552,2026-04-19,Email,Product Drip Campaign,8,SQL,0
101502,2026-05-18,Organic Search,SEO - Product Pages,0,Visitor,0
110094,2026-01-13,Referral,Customer Referral Program,0,Visitor,0
104914,2026-05-08,Paid Search,Google Ads - Brand,0,Visitor,0
100031,2026-05-22,Organic Search,SEO - Blog,0,Visitor,0
109653,2026-04-29,Referral,Partner Referral,0,Visitor,0
110481,2026-04-07,Direct,Direct/None,0,Visitor,0
107821,2026-05-19,Social Media,Instagram Ads,0,Visitor,0
109361,2026-01-31,Referral,Customer Referral Program,5,Customer,1354
105288,2026-04-13,Social Media,Facebook Ads,0,Visitor,0
105544,2026-05-30,Social Media,Facebook Ads,0,Visitor,0
103991,2026-05-25,Paid Search,Google Ads - Brand,0,Visitor,0
107759,2026-04-18,Social Media,Instagram Ads,0,Visitor,0
109786,2026-04-13,Referral,Partner Referral,5,SQL,0
103016,2026-04-21,Paid Search,Google Ads - Generic,48,MQL,0
107873,2026-03-21,Social Media,Instagram Ads,0,Visitor,0
110657,2026-05-22,Direct,Direct/None,0,Visitor,0
109707,2026-03-29,Referral,Customer Referral Program,0,Visitor,0
105348,2026-01-24,Social Media,Facebook Ads,0,Visitor,0
105312,2026-02-23,Social Media,LinkedIn Ads,0,Visitor,0
104074,2026-05-09,Paid Search,Google Ads - Generic,48,MQL,0
107141,2026-04-17,Social Media,Facebook Ads,35,Lead,0
105219,2026-03-11,Paid Search,Google Ads - Brand,0,Visitor,0
107105,2026-03-23,Social Media,Instagram Ads,0,Visitor,0
101856,2026-03-05,Organic Search,SEO - Product Pages,0,Visitor,0
101114,2026-03-21,Organic Search,SEO - Product Pages,0,Visitor,0
100025,2026-05-06,Organic Search,SEO - Product Pages,0,Visitor,0
104938,2026-05-03,Paid Search,Google Ads - Brand,0,Visitor,0
100552,2026-04-20,Organic Search,SEO - Blog,0,Visitor,0
106104,2026-01-23,Social Media,Instagram Ads,0,Visitor,0
102734,2026-03-02,Organic Search,SEO - Product Pages,0,Visitor,0
106999,2026-04-05,Social Media,Instagram Ads,0,Visitor,0
109862,2026-02-11,Referral,Customer Referral Program,0,Visitor,0
110527,2026-03-08,Direct,Direct/None,0,MQL,0
107158,2026-04-12,Social Media,Facebook Ads,0,Visitor,0
107102,2026-04-22,Social Media,Facebook Ads,0,Visitor,0
104934,2026-04-27,Paid Search,Google Ads - Generic,0,Visitor,0
101495,2026-05-17,Organic Search,SEO - Blog,0,Visitor,0
106934,2026-03-04,Social Media,Instagram Ads,0,Visitor,0
105760,2026-03-10,Social Media,LinkedIn Ads,35,Lead,0
108510,2026-06-05,Email,Newsletter,8,Lead,0
103788,2026-04-01,Paid Search,Google Ads - Brand,0,Visitor,0
101419,2026-04-01,Organic Search,SEO - Product Pages,12,Lead,0
107568,2026-01-26,Social Media,Facebook Ads,0,Visitor,0
105525,2026-02-07,Social Media,Instagram Ads,0,Visitor,0
100485,2026-02-07,Organic Search,SEO - Blog,0,Visitor,0
103061,2026-02-12,Paid Search,Google Ads - Generic,48,MQL,0
101185,2026-02-06,Organic Search,SEO - Product Pages,0,Visitor,0
107348,2026-06-14,Social Media,Facebook Ads,0,Visitor,0
101096,2026-04-21,Organic Search,SEO - Product Pages,0,Visitor,0
100661,2026-04-19,Organic Search,SEO - Blog,0,Visitor,0
103761,2026-04-02,Paid Search,Google Ads - Generic,0,Visitor,0
103539,2026-05-14,Paid Search,Google Ads - Brand,0,Visitor,0
101084,2026-03-11,Organic Search,SEO - Blog,0,Visitor,0
104722,2026-04-29,Paid Search,Google Ads - Generic,0,Visitor,0
103793,2026-03-17,Paid Search,Google Ads - Generic,0,Visitor,0
100734,2026-03-02,Organic Search,SEO - Blog,0,Visitor,0
101418,2026-04-01,Organic Search,SEO - Product Pages,0,Visitor,0
103397,2026-04-15,Paid Search,Google Ads - Generic,0,Visitor,0
109263,2026-04-28,Referral,Partner Referral,5,MQL,0
101901,2026-03-16,Organic Search,SEO - Blog,0,Visitor,0
101498,2026-04-07,Organic Search,SEO - Product Pages,12,MQL,0
101067,2026-01-23,Organic Search,SEO - Product Pages,12,Lead,0
108738,2026-05-10,Email,Product Drip Campaign,8,Customer,1341
109380,2026-03-09,Referral,Customer Referral Program,5,SQL,0
105129,2026-03-23,Paid Search,Google Ads - Brand,0,Visitor,0
108722,2026-01-28,Email,Newsletter,0,Visitor,0
103020,2026-04-01,Paid Search,Google Ads - Brand,0,Visitor,0
105100,2026-04-18,Paid Search,Google Ads - Brand,0,Visitor,0
108427,2026-04-27,Email,Newsletter,8,Customer,2376
101847,2026-03-27,Organic Search,SEO - Product Pages,0,Visitor,0
107118,2026-04-16,Social Media,Facebook Ads,0,Visitor,0
111895,2026-03-03,Direct,Direct/None,0,Visitor,0
100188,2026-02-26,Organic Search,SEO - Product Pages,0,Visitor,0
107337,2026-04-18,Social Media,Instagram Ads,0,Visitor,0
110340,2026-05-06,Direct,Direct/None,0,Visitor,0
111690,2026-03-25,Direct,Direct/None,0,Visitor,0
104017,2026-03-24,Paid Search,Google Ads - Generic,0,Visitor,0
105099,2026-03-18,Paid Search,Google Ads - Brand,0,Visitor,0
105560,2026-01-26,Social Media,LinkedIn Ads,0,Visitor,0
104693,2026-06-14,Paid Search,Google Ads - Generic,0,Visitor,0
111827,2026-03-20,Direct,Direct/None,0,Visitor,0
102879,2026-05-13,Organic Search,SEO - Blog,0,Visitor,0
110347,2026-03-21,Direct,Direct/None,0,Visitor,0
106456,2026-05-06,Social Media,Instagram Ads,0,Visitor,0
110324,2026-02-24,Direct,Direct/None,0,Visitor,0
111426,2026-03-02,Direct,Direct/None,0,Visitor,0
102094,2026-03-18,Organic Search,SEO - Blog,0,Visitor,0
105241,2026-06-06,Paid Search,Google Ads - Brand,0,Visitor,0
101398,2026-03-13,Organic Search,SEO - Blog,0,Visitor,0
110044,2026-03-13,Referral,Partner Referral,5,Lead,0
103428,2026-04-05,Paid Search,Google Ads - Generic,0,Visitor,0
109736,2026-04-17,Referral,Partner Referral,5,Customer,1718
104760,2026-04-05,Paid Search,Google Ads - Generic,0,Visitor,0
105465,2026-02-17,Social Media,LinkedIn Ads,0,Visitor,0
110935,2026-03-27,Direct,Direct/None,0,Visitor,0
108501,2026-06-08,Email,Newsletter,8,Customer,1932
110955,2026-05-25,Direct,Direct/None,0,Visitor,0
107240,2026-05-05,Social Media,LinkedIn Ads,0,Visitor,0
100054,2026-04-26,Organic Search,SEO - Blog,0,Visitor,0
111697,2026-01-16,Direct,Direct/None,0,Visitor,0
108962,2026-02-03,Email,Newsletter,8,Lead,0
103607,2026-05-16,Paid Search,Google Ads - Generic,0,Visitor,0
107623,2026-03-20,Social Media,LinkedIn Ads,35,Lead,0
104748,2026-05-08,Paid Search,Google Ads - Brand,0,Visitor,0
103245,2026-03-12,Paid Search,Google Ads - Brand,0,Visitor,0
107281,2026-05-04,Social Media,Instagram Ads,0,Visitor,0
110760,2026-02-16,Direct,Direct/None,0,Visitor,0
109949,2026-04-27,Referral,Partner Referral,0,Visitor,0
108174,2026-05-20,Email,Newsletter,8,MQL,0
102615,2026-02-08,Organic Search,SEO - Blog,12,Lead,0
101674,2026-05-18,Organic Search,SEO - Blog,0,Visitor,0
105539,2026-04-07,Social Media,Instagram Ads,0,Visitor,0
100564,2026-03-25,Organic Search,SEO - Product Pages,0,Visitor,0
102960,2026-03-05,Paid Search,Google Ads - Generic,48,Lead,0
110444,2026-03-28,Direct,Direct/None,0,Lead,0
103784,2026-04-09,Paid Search,Google Ads - Brand,0,Visitor,0
102387,2026-03-31,Organic Search,SEO - Product Pages,0,Visitor,0
107255,2026-03-05,Social Media,LinkedIn Ads,0,Visitor,0
111179,2026-05-17,Direct,Direct/None,0,Visitor,0
110285,2026-02-14,Direct,Direct/None,0,Visitor,0
101057,2026-03-26,Organic Search,SEO - Blog,0,Visitor,0
102589,2026-04-10,Organic Search,SEO - Product Pages,0,Visitor,0
108652,2026-04-09,Email,Product Drip Campaign,0,Visitor,0
106695,2026-03-10,Social Media,Instagram Ads,0,Visitor,0
100477,2026-04-04,Organic Search,SEO - Blog,12,SQL,0
107202,2026-05-27,Social Media,Facebook Ads,0,Visitor,0
105198,2026-02-27,Paid Search,Google Ads - Brand,0,Visitor,0
109977,2026-06-13,Referral,Partner Referral,0,Visitor,0
110968,2026-03-14,Direct,Direct/None,0,Visitor,0
107660,2026-06-04,Social Media,Facebook Ads,35,Lead,0
111264,2026-04-23,Direct,Direct/None,0,Lead,0
101116,2026-05-12,Organic Search,SEO - Blog,0,Visitor,0
105674,2026-05-19,Social Media,Instagram Ads,0,Visitor,0
101178,2026-04-30,Organic Search,SEO - Product Pages,12,Lead,0
100246,2026-04-16,Organic Search,SEO - Blog,0,Visitor,0
100621,2026-04-05,Organic Search,SEO - Product Pages,0,Visitor,0
109779,2026-02-23,Referral,Partner Referral,0,Visitor,0
111153,2026-01-31,Direct,Direct/None,0,Visitor,0
105110,2026-02-16,Paid Search,Google Ads - Brand,0,Visitor,0
108471,2026-02-08,Email,Product Drip Campaign,0,Visitor,0
111626,2026-05-28,Direct,Direct/None,0,Visitor,0
109537,2026-03-25,Referral,Customer Referral Program,5,MQL,0
110341,2026-02-28,Direct,Direct/None,0,Visitor,0
109126,2026-03-16,Referral,Partner Referral,0,Visitor,0
107796,2026-02-17,Social Media,Facebook Ads,0,Visitor,0
105498,2026-03-30,Social Media,Facebook Ads,0,Visitor,0
104480,2026-05-26,Paid Search,Google Ads - Brand,0,Visitor,0
109868,2026-01-23,Referral,Partner Referral,5,Lead,0
108663,2026-04-01,Email,Newsletter,0,Visitor,0
105174,2026-03-02,Paid Search,Google Ads - Generic,48,SQL,0
103285,2026-05-01,Paid Search,Google Ads - Brand,0,Visitor,0
103133,2026-03-08,Paid Search,Google Ads - Generic,0,Visitor,0
108007,2026-04-13,Email,Newsletter,0,Visitor,0
104087,2026-05-14,Paid Search,Google Ads - Brand,0,Visitor,0
108727,2026-04-16,Email,Product Drip Campaign,8,SQL,0
110373,2026-03-02,Direct,Direct/None,0,MQL,0
101403,2026-05-02,Organic Search,SEO - Blog,0,Visitor,0
109894,2026-04-02,Referral,Partner Referral,0,Visitor,0
103688,2026-04-01,Paid Search,Google Ads - Brand,0,Visitor,0
103854,2026-03-27,Paid Search,Google Ads - Generic,48,MQL,0
102568,2026-03-20,Organic Search,SEO - Product Pages,0,Visitor,0
103028,2026-05-02,Paid Search,Google Ads - Generic,0,Visitor,0
106526,2026-05-02,Social Media,LinkedIn Ads,0,Visitor,0
111044,2026-04-10,Direct,Direct/None,0,Visitor,0
104501,2026-05-05,Paid Search,Google Ads - Brand,48,MQL,0
111254,2026-03-07,Direct,Direct/None,0,Visitor,0
102694,2026-06-07,Organic Search,SEO - Product Pages,0,Visitor,0
100422,2026-05-26,Organic Search,SEO - Product Pages,0,Visitor,0
101721,2026-02-06,Organic Search,SEO - Blog,0,Visitor,0
103172,2026-03-04,Paid Search,Google Ads - Generic,0,Visitor,0
107051,2026-03-05,Social Media,Instagram Ads,0,Visitor,0
104234,2026-04-19,Paid Search,Google Ads - Generic,48,Lead,0
108197,2026-05-07,Email,Newsletter,0,Visitor,0
106100,2026-03-07,Social Media,Facebook Ads,0,Visitor,0
103127,2026-02-09,Paid Search,Google Ads - Generic,0,Visitor,0
107372,2026-04-22,Social Media,LinkedIn Ads,0,Visitor,0
102055,2026-06-09,Organic Search,SEO - Product Pages,0,Visitor,0
100131,2026-06-02,Organic Search,SEO - Blog,0,Visitor,0
105068,2026-04-28,Paid Search,Google Ads - Generic,0,Visitor,0
111663,2026-05-31,Direct,Direct/None,0,Visitor,0
106746,2026-04-07,Social Media,LinkedIn Ads,35,Lead,0
106516,2026-03-25,Social Media,Instagram Ads,0,Visitor,0
105277,2026-04-27,Paid Search,Google Ads - Generic,0,Visitor,0
110074,2026-02-05,Referral,Customer Referral Program,5,MQL,0
104821,2026-06-09,Paid Search,Google Ads - Generic,0,Visitor,0
106381,2026-05-01,Social Media,Instagram Ads,0,Visitor,0
109426,2026-04-30,Referral,Customer Referral Program,0,Visitor,0
106690,2026-01-28,Social Media,LinkedIn Ads,35,SQL,0
110836,2026-04-09,Direct,Direct/None,0,Visitor,0
102747,2026-05-04,Organic Search,SEO - Blog,0,Visitor,0
107782,2026-05-28,Social Media,Instagram Ads,0,Visitor,0
100855,2026-05-13,Organic Search,SEO - Product Pages,0,Visitor,0
101947,2026-04-08,Organic Search,SEO - Blog,0,Visitor,0
108718,2026-04-15,Email,Newsletter,0,Visitor,0
106107,2026-03-27,Social Media,Instagram Ads,0,Visitor,0
111241,2026-02-14,Direct,Direct/None,0,Visitor,0
100942,2026-04-26,Organic Search,SEO - Blog,0,Visitor,0
110539,2026-03-27,Direct,Direct/None,0,Visitor,0
107803,2026-04-24,Social Media,Facebook Ads,0,Visitor,0
102474,2026-04-07,Organic Search,SEO - Blog,0,Visitor,0
105464,2026-04-12,Social Media,LinkedIn Ads,0,Visitor,0
108639,2026-05-24,Email,Newsletter,0,Visitor,0
105561,2026-06-01,Social Media,Facebook Ads,0,Visitor,0
102349,2026-04-05,Organic Search,SEO - Blog,0,Visitor,0
105045,2026-03-05,Paid Search,Google Ads - Generic,0,Visitor,0
102733,2026-05-03,Organic Search,SEO - Product Pages,0,Visitor,0
104838,2026-05-25,Paid Search,Google Ads - Generic,0,Visitor,0
107545,2026-04-08,Social Media,Instagram Ads,0,Visitor,0
111169,2026-04-03,Direct,Direct/None,0,Visitor,0
102451,2026-05-28,Organic Search,SEO - Product Pages,0,Visitor,0
102941,2026-06-01,Paid Search,Google Ads - Brand,0,Visitor,0
103384,2026-04-04,Paid Search,Google Ads - Generic,0,Visitor,0
100532,2026-02-25,Organic Search,SEO - Product Pages,12,Lead,0
107672,2026-02-04,Social Media,Facebook Ads,35,MQL,0
106013,2026-06-11,Social Media,LinkedIn Ads,0,Visitor,0
108903,2026-04-29,Email,Product Drip Campaign,0,Visitor,0
100397,2026-03-24,Organic Search,SEO - Blog,0,Visitor,0
111810,2026-04-15,Direct,Direct/None,0,Visitor,0
108857,2026-03-12,Email,Newsletter,0,Visitor,0
100630,2026-03-30,Organic Search,SEO - Product Pages,0,Visitor,0
101029,2026-05-05,Organic Search,SEO - Blog,12,MQL,0
109924,2026-03-07,Referral,Partner Referral,5,MQL,0
106169,2026-05-12,Social Media,Instagram Ads,0,Visitor,0
110667,2026-05-31,Direct,Unknown / Untagged,0,Visitor,0
100957,2026-05-02,Organic Search,SEO - Product Pages,0,Visitor,0
111509,2026-03-06,Direct,Direct/None,0,Visitor,0
102897,2026-03-20,Paid Search,Google Ads - Brand,0,Visitor,0
106913,2026-04-20,Social Media,LinkedIn Ads,0,Visitor,0
103165,2026-03-10,Paid Search,Google Ads - Brand,48,SQL,0
108644,2026-02-05,Email,Newsletter,0,Visitor,0
100906,2026-04-21,Organic Search,SEO - Blog,0,Visitor,0
103202,2026-04-15,Paid Search,Google Ads - Brand,0,Visitor,0
107875,2026-05-21,Social Media,Facebook Ads,0,Visitor,0
105187,2026-04-28,Paid Search,Google Ads - Generic,0,Visitor,0
107910,2026-05-17,Social Media,Instagram Ads,0,Visitor,0
110420,2026-04-11,Direct,Direct/None,0,Customer,1304
111755,2026-03-28,Direct,Direct/None,0,Visitor,0
107867,2026-04-11,Social Media,Instagram Ads,0,Visitor,0
106538,2026-03-27,Social Media,Instagram Ads,0,Visitor,0
100814,2026-01-23,Organic Search,SEO - Blog,0,Visitor,0
100218,2026-05-12,Organic Search,SEO - Product Pages,0,Visitor,0
100462,2026-05-04,Organic Search,SEO - Product Pages,0,Visitor,0
105623,2026-03-21,Social Media,Instagram Ads,35,Lead,0
106086,2026-03-09,Social Media,LinkedIn Ads,35,Lead,0
110802,2026-02-08,Direct,Direct/None,0,Visitor,0
102774,2026-06-07,Organic Search,SEO - Blog,0,Visitor,0
108229,2026-04-17,Email,Product Drip Campaign,0,Visitor,0
104734,2026-05-07,Paid Search,Google Ads - Brand,0,Visitor,0
111130,2026-04-12,Direct,Direct/None,0,Customer,885
105859,2026-03-18,Social Media,Facebook Ads,0,Visitor,0
110328,2026-04-05,Direct,Direct/None,0,Visitor,0
111082,2026-03-30,Direct,Direct/None,0,Visitor,0
105724,2026-05-23,Social Media,LinkedIn Ads,0,Visitor,0
102422,2026-05-03,Organic Search,SEO - Blog,0,Visitor,0
110391,2026-02-18,Direct,Direct/None,0,Visitor,0
103621,2026-06-20,Paid Search,Google Ads - Generic,48,Lead,0
103223,2026-03-23,Paid Search,Google Ads - Brand,0,Visitor,0
103062,2026-04-15,Paid Search,Google Ads - Generic,0,Visitor,0
110485,2026-02-15,Direct,Direct/None,0,Visitor,0
111806,2026-03-27,Direct,Direct/None,0,Visitor,0
104756,2026-03-30,Paid Search,Google Ads - Generic,0,Visitor,0
107433,2026-03-28,Social Media,LinkedIn Ads,0,Visitor,0
106968,2026-04-19,Social Media,Facebook Ads,0,Visitor,0
103999,2026-04-19,Paid Search,Google Ads - Generic,0,Visitor,0
110205,2026-03-30,Direct,Direct/None,0,Visitor,0
101548,2026-05-27,Organic Search,SEO - Product Pages,0,Visitor,0
109131,2026-04-29,Referral,Partner Referral,0,Visitor,0
110164,2026-03-25,Referral,Partner Referral,5,Lead,0
111329,2026-06-06,Direct,Direct/None,0,Visitor,0
106871,2026-02-20,Social Media,Instagram Ads,0,Visitor,0
111481,2026-03-04,Direct,Direct/None,0,Visitor,0
106567,2026-04-13,Social Media,Instagram Ads,0,Visitor,0
110644,2026-02-16,Direct,Direct/None,0,MQL,0
100900,2026-04-07,Organic Search,SEO - Blog,12,Lead,0
101300,2026-04-15,Organic Search,SEO - Product Pages,12,MQL,0
108193,2026-03-20,Email,Product Drip Campaign,8,Lead,0
107020,2026-03-21,Social Media,LinkedIn Ads,35,Lead,0
108888,2026-05-04,Email,Product Drip Campaign,8,MQL,0
104072,2026-04-21,Paid Search,Google Ads - Brand,0,Visitor,0
101062,2026-04-25,Organic Search,SEO - Blog,0,Visitor,0
110709,2026-05-08,Direct,Direct/None,0,MQL,0
111004,2026-04-03,Direct,Direct/None,0,Visitor,0
111758,2026-04-13,Direct,Direct/None,0,MQL,0
111976,2026-02-16,Direct,Direct/None,0,Visitor,0
107852,2026-05-07,Social Media,Instagram Ads,0,Visitor,0
104057,2026-04-01,Paid Search,Google Ads - Generic,0,Visitor,0
106049,2026-05-05,Social Media,LinkedIn Ads,35,Lead,0
100647,2026-04-10,Organic Search,SEO - Blog,12,MQL,0
103235,2026-02-15,Paid Search,Google Ads - Brand,0,Visitor,0
110564,2026-05-02,Direct,Direct/None,0,Visitor,0
108680,2026-06-06,Email,Newsletter,0,Visitor,0
102763,2026-04-27,Organic Search,SEO - Product Pages,0,Visitor,0
104542,2026-04-13,Paid Search,Google Ads - Generic,0,Visitor,0
111043,2026-05-20,Direct,Direct/None,0,Visitor,0
110182,2026-03-15,Referral,Customer Referral Program,5,Lead,0
110906,2026-03-02,Direct,Direct/None,0,Visitor,0
105358,2026-03-30,Social Media,Facebook Ads,0,Visitor,0
108305,2026-03-10,Email,Product Drip Campaign,0,Visitor,0
105080,2026-04-24,Paid Search,Google Ads - Generic,48,MQL,0
105694,2026-03-29,Social Media,LinkedIn Ads,0,Visitor,0
103450,2026-03-27,Paid Search,Google Ads - Brand,48,Lead,0
104837,2026-03-01,Paid Search,Google Ads - Brand,48,Lead,0
101683,2026-02-16,Organic Search,SEO - Product Pages,0,Visitor,0
109603,2026-04-01,Referral,Customer Referral Program,5,MQL,0
105479,2026-01-22,Social Media,LinkedIn Ads,0,Visitor,0
109215,2026-04-13,Referral,Customer Referral Program,5,SQL,0
105339,2026-05-20,Social Media,Facebook Ads,0,Visitor,0
104269,2026-03-28,Paid Search,Google Ads - Generic,0,Visitor,0
107637,2026-04-23,Social Media,Instagram Ads,35,Lead,0
107995,2026-04-28,Email,Newsletter,0,Visitor,0
102328,2026-05-01,Organic Search,SEO - Blog,0,Visitor,0
100076,2026-02-28,Organic Search,SEO - Product Pages,0,Visitor,0
107911,2026-05-13,Social Media,LinkedIn Ads,0,Visitor,0
101990,2026-04-08,Organic Search,SEO - Product Pages,0,Visitor,0
100877,2026-04-13,Organic Search,SEO - Product Pages,0,Visitor,0
104470,2026-04-22,Paid Search,Google Ads - Brand,0,Visitor,0
111648,2026-02-22,Direct,Direct/None,0,Visitor,0
104986,2026-04-04,Paid Search,Google Ads - Brand,0,Visitor,0
104827,2026-03-02,Paid Search,Google Ads - Generic,48,Lead,0
101374,2026-02-08,Organic Search,SEO - Blog,0,Visitor,0
110167,2026-03-23,Referral,Partner Referral,0,Visitor,0
102286,2026-03-03,Organic Search,SEO - Product Pages,0,Visitor,0
111943,2026-05-12,Direct,Direct/None,0,Visitor,0
104038,2026-03-18,Paid Search,Google Ads - Generic,0,Visitor,0
105254,2026-05-26,Paid Search,Unknown / Untagged,0,Visitor,0
106682,2026-02-10,Social Media,Facebook Ads,0,Visitor,0
110581,2026-03-19,Direct,Direct/None,0,MQL,0
108446,2026-06-04,Email,Newsletter,8,Lead,0
110711,2026-04-17,Direct,Direct/None,0,Visitor,0
107656,2026-04-29,Social Media,LinkedIn Ads,0,Visitor,0
110884,2026-05-18,Direct,Direct/None,0,Visitor,0
101569,2026-04-11,Organic Search,SEO - Product Pages,0,Visitor,0
111358,2026-05-03,Direct,Direct/None,0,Visitor,0
111183,2026-05-12,Direct,Direct/None,0,Visitor,0
101198,2026-04-02,Organic Search,SEO - Product Pages,0,Visitor,0
111070,2026-02-28,Direct,Direct/None,0,Visitor,0
107818,2026-05-15,Social Media,LinkedIn Ads,0,Visitor,0
103400,2026-02-22,Paid Search,Google Ads - Generic,0,Visitor,0
101911,2026-06-06,Organic Search,SEO - Product Pages,0,Visitor,0
104098,2026-04-13,Paid Search,Google Ads - Generic,48,Lead,0
106562,2026-04-12,Social Media,Instagram Ads,0,Visitor,0
104543,2026-04-13,Paid Search,Google Ads - Generic,0,Visitor,0
111654,2026-03-31,Direct,Direct/None,0,Visitor,0
101875,2026-03-29,Organic Search,SEO - Blog,12,SQL,0
100349,2026-03-18,Organic Search,SEO - Blog,0,Visitor,0
111028,2026-03-30,Direct,Direct/None,0,Visitor,0
103029,2026-06-06,Paid Search,Google Ads - Generic,0,Visitor,0
107734,2026-05-25,Social Media,Instagram Ads,35,Lead,0
111579,2026-04-24,Direct,Direct/None,0,Visitor,0
110460,2026-03-11,Direct,Direct/None,0,Visitor,0
109478,2026-02-19,Referral,Customer Referral Program,5,MQL,0
109195,2026-03-31,Referral,Customer Referral Program,0,Visitor,0
107280,2026-06-21,Social Media,LinkedIn Ads,0,Visitor,0
110984,2026-04-17,Direct,Direct/None,0,Visitor,0
105917,2026-06-26,Social Media,Facebook Ads,0,Visitor,0
105444,2026-02-22,Social Media,Instagram Ads,0,Visitor,0
110469,2026-03-25,Direct,Direct/None,0,Visitor,0
105825,2026-04-12,Social Media,Instagram Ads,0,Visitor,0
107300,2026-04-17,Social Media,Instagram Ads,35,Lead,0
108495,2026-03-18,Email,Newsletter,0,Visitor,0
107952,2026-05-25,Email,Product Drip Campaign,0,Visitor,0
102828,2026-05-03,Organic Search,SEO - Product Pages,0,Visitor,0
107359,2026-03-22,Social Media,LinkedIn Ads,0,Visitor,0
111166,2026-04-15,Direct,Direct/None,0,Visitor,0
102530,2026-04-06,Organic Search,SEO - Blog,0,Visitor,0
107460,2026-04-07,Social Media,Instagram Ads,0,Visitor,0
106720,2026-04-05,Social Media,Facebook Ads,0,Visitor,0
110761,2026-02-11,Direct,Direct/None,0,SQL,0
110010,2026-05-19,Referral,Partner Referral,0,Visitor,0
105319,2026-02-28,Social Media,LinkedIn Ads,0,Visitor,0
111067,2026-02-21,Direct,Direct/None,0,Visitor,0
106108,2026-05-03,Social Media,LinkedIn Ads,0,Visitor,0
107287,2026-03-17,Social Media,LinkedIn Ads,0,Visitor,0
107071,2026-02-03,Social Media,LinkedIn Ads,35,Lead,0
101966,2026-02-12,Organic Search,SEO - Product Pages,0,Visitor,0
100452,2026-04-12,Organic Search,SEO - Blog,0,Visitor,0
109418,2026-04-03,Referral,Partner Referral,5,MQL,0
103311,2026-02-20,Paid Search,Google Ads - Brand,0,Visitor,0
103200,2026-05-11,Paid Search,Google Ads - Brand,0,Visitor,0
102921,2026-02-18,Paid Search,Google Ads - Generic,0,Visitor,0
109350,2026-05-06,Referral,Customer Referral Program,0,Visitor,0
104410,2026-05-16,Paid Search,Unknown / Untagged,0,Visitor,0
106211,2026-05-21,Social Media,LinkedIn Ads,0,Visitor,0
109803,2026-01-10,Referral,Partner Referral,0,Visitor,0
110720,2026-04-29,Direct,Direct/None,0,Visitor,0
109904,2026-01-14,Referral,Customer Referral Program,5,Lead,0
108078,2026-04-04,Email,Product Drip Campaign,0,Visitor,0
101288,2026-04-24,Organic Search,SEO - Product Pages,0,Visitor,0
109613,2026-01-24,Referral,Customer Referral Program,5,Lead,0
111615,2026-04-12,Direct,Direct/None,0,Visitor,0
108076,2026-04-20,Email,Product Drip Campaign,0,Visitor,0
104008,2026-03-14,Paid Search,Google Ads - Generic,0,Visitor,0
107230,2026-01-12,Social Media,LinkedIn Ads,0,Visitor,0
100103,2026-01-27,Organic Search,SEO - Blog,12,Lead,0
106816,2026-01-20,Social Media,Instagram Ads,0,Visitor,0
105310,2026-05-04,Social Media,LinkedIn Ads,35,Lead,0
105884,2026-06-23,Social Media,LinkedIn Ads,0,Visitor,0
108571,2026-05-30,Email,Product Drip Campaign,0,Visitor,0
101334,2026-04-18,Organic Search,SEO - Product Pages,0,Visitor,0
109268,2026-04-20,Referral,Customer Referral Program,5,Lead,0
111182,2026-04-25,Direct,Direct/None,0,Visitor,0
101592,2026-04-03,Organic Search,SEO - Blog,0,Visitor,0
102361,2026-02-08,Organic Search,SEO - Product Pages,0,Visitor,0
109861,2026-04-08,Referral,Partner Referral,0,Visitor,0
103004,2026-06-10,Paid Search,Google Ads - Brand,0,Visitor,0
102676,2026-05-14,Organic Search,SEO - Blog,0,Visitor,0
104831,2026-02-20,Paid Search,Google Ads - Generic,0,Visitor,0
108184,2026-05-30,Email,Product Drip Campaign,0,Visitor,0
102154,2026-04-25,Organic Search,SEO - Blog,0,Visitor,0
100184,2026-03-14,Organic Search,SEO - Blog,0,Visitor,0
110831,2026-03-15,Direct,Direct/None,0,Visitor,0
109173,2026-03-30,Referral,Customer Referral Program,0,Visitor,0
105869,2026-05-29,Social Media,LinkedIn Ads,0,Visitor,0
101229,2026-03-21,Organic Search,SEO - Blog,0,Visitor,0
108844,2026-03-17,Email,Product Drip Campaign,0,Visitor,0
101127,2026-05-31,Organic Search,SEO - Blog,0,Visitor,0
102285,2026-05-14,Organic Search,SEO - Product Pages,0,Visitor,0
108255,2026-03-01,Email,Product Drip Campaign,0,Visitor,0
100952,2026-03-02,Organic Search,SEO - Blog,0,Visitor,0
106880,2026-03-14,Social Media,Instagram Ads,0,Visitor,0
106515,2026-03-22,Social Media,Instagram Ads,35,Lead,0
108940,2026-05-18,Email,Product Drip Campaign,0,Visitor,0
110540,2026-06-08,Direct,Direct/None,0,Visitor,0
101095,2026-03-05,Organic Search,SEO - Blog,0,Visitor,0
109224,2026-03-08,Referral,Partner Referral,0,Visitor,0
111725,2026-03-04,Direct,Direct/None,0,Visitor,0
109445,2026-05-21,Referral,Partner Referral,0,Visitor,0
107446,2026-05-24,Social Media,LinkedIn Ads,0,Visitor,0
101555,2026-01-21,Organic Search,SEO - Blog,0,Visitor,0
111248,2026-03-10,Direct,Direct/None,0,Visitor,0
101131,2026-04-17,Organic Search,SEO - Blog,0,Visitor,0
101261,2026-05-10,Organic Search,SEO - Blog,0,Visitor,0
104476,2026-04-09,Paid Search,Google Ads - Generic,48,Lead,0
103339,2026-03-28,Paid Search,Google Ads - Brand,0,Visitor,0
111659,2026-02-11,Direct,Direct/None,0,MQL,0
102499,2026-04-22,Organic Search,SEO - Blog,0,Visitor,0
104601,2026-03-25,Paid Search,Google Ads - Brand,48,MQL,0
101886,2026-04-13,Organic Search,SEO - Blog,0,Visitor,0
108106,2026-06-02,Email,Product Drip Campaign,0,Visitor,0
104512,2026-04-30,Paid Search,Google Ads - Generic,0,Visitor,0
105313,2026-03-23,Social Media,Facebook Ads,0,Visitor,0
104716,2026-01-21,Paid Search,Google Ads - Brand,0,Visitor,0
108247,2026-04-10,Email,Newsletter,0,Visitor,0
107817,2026-04-14,Social Media,Instagram Ads,0,Visitor,0
111383,2026-05-08,Direct,Direct/None,0,Visitor,0
100675,2026-05-12,Organic Search,SEO - Blog,0,Visitor,0
110892,2026-04-06,Direct,Direct/None,0,Visitor,0
111400,2026-05-07,Direct,Direct/None,0,Visitor,0
108517,2026-01-31,Email,Newsletter,8,Lead,0
102111,2026-03-12,Organic Search,SEO - Blog,12,SQL,0
107805,2026-03-01,Social Media,LinkedIn Ads,0,Visitor,0
109270,2026-04-02,Referral,Partner Referral,5,SQL,0
110389,2026-03-18,Direct,Direct/None,0,Visitor,0
100388,2026-01-30,Organic Search,SEO - Blog,0,Visitor,0
111402,2026-02-04,Direct,Direct/None,0,Visitor,0
108432,2026-02-02,Email,Newsletter,0,Visitor,0
102521,2026-03-28,Organic Search,SEO - Product Pages,12,Lead,0
108737,2026-03-07,Email,Newsletter,0,Visitor,0
106948,2026-03-26,Social Media,Facebook Ads,0,Visitor,0
108292,2026-06-11,Email,Newsletter,8,MQL,0
105324,2026-02-06,Social Media,Facebook Ads,0,Visitor,0
111474,2026-05-18,Direct,Direct/None,0,Visitor,0
105681,2026-06-07,Social Media,Facebook Ads,0,Visitor,0
110140,2026-02-24,Referral,Partner Referral,0,Visitor,0
101474,2026-05-10,Organic Search,SEO - Product Pages,12,Lead,0
107040,2026-04-25,Social Media,Facebook Ads,0,Visitor,0
103458,2026-04-07,Paid Search,Google Ads - Brand,0,Visitor,0
100703,2026-02-23,Organic Search,SEO - Blog,0,Visitor,0
107001,2026-04-09,Social Media,LinkedIn Ads,0,Visitor,0
102727,2026-04-17,Organic Search,SEO - Blog,0,Visitor,0
107508,2026-05-11,Social Media,Facebook Ads,0,Visitor,0
104081,2026-03-03,Paid Search,Google Ads - Generic,0,Visitor,0
100540,2026-04-18,Organic Search,SEO - Product Pages,0,Visitor,0
106808,2026-03-11,Social Media,Facebook Ads,0,Visitor,0
100461,2026-04-19,Organic Search,SEO - Product Pages,0,Visitor,0
104161,2026-03-30,Paid Search,Google Ads - Generic,0,Visitor,0
106575,2026-04-16,Social Media,Unknown / Untagged,0,Visitor,0
101194,2026-05-30,Organic Search,SEO - Product Pages,0,Visitor,0
108742,2026-03-17,Email,Product Drip Campaign,0,Visitor,0
102934,2026-03-17,Paid Search,Google Ads - Brand,48,Lead,0
108562,2026-05-03,Email,Product Drip Campaign,0,Visitor,0
111486,2026-06-23,Direct,Direct/None,0,Visitor,0
105069,2026-02-24,Paid Search,Google Ads - Generic,48,Lead,0
109516,2026-02-07,Referral,Partner Referral,0,Visitor,0
102668,2026-05-05,Organic Search,SEO - Product Pages,0,Visitor,0
105725,2026-03-05,Social Media,Facebook Ads,0,Visitor,0
108244,2026-02-19,Email,Newsletter,0,Visitor,0
106031,2026-05-21,Social Media,LinkedIn Ads,35,MQL,0
109236,2026-03-22,Referral,Customer Referral Program,0,Visitor,0
103769,2026-05-19,Paid Search,Google Ads - Generic,48,MQL,0
102092,2026-06-15,Organic Search,SEO - Blog,0,Visitor,0
109534,2026-06-17,Referral,Partner Referral,5,MQL,0
107227,2026-02-21,Social Media,Facebook Ads,0,Visitor,0
107146,2026-06-04,Social Media,Facebook Ads,35,Lead,0
111567,2026-03-02,Direct,Direct/None,0,Visitor,0
106858,2026-04-30,Social Media,Facebook Ads,0,Visitor,0
109465,2026-02-21,Referral,Customer Referral Program,0,Visitor,0
100315,2026-05-18,Organic Search,SEO - Blog,0,Visitor,0
104522,2026-01-30,Paid Search,Google Ads - Generic,48,Lead,0
105661,2026-03-05,Social Media,LinkedIn Ads,0,Visitor,0
103091,2026-05-10,Paid Search,Google Ads - Generic,0,Visitor,0
104372,2026-04-23,Paid Search,Google Ads - Generic,0,Visitor,0
111802,2026-04-07,Direct,Direct/None,0,Visitor,0
100334,2026-03-01,Organic Search,SEO - Product Pages,12,MQL,0
100790,2026-05-05,Organic Search,SEO - Product Pages,0,Visitor,0
104742,2026-03-08,Paid Search,Google Ads - Generic,0,Visitor,0
104730,2026-03-11,Paid Search,Google Ads - Brand,0,Visitor,0
103318,2026-06-23,Paid Search,Google Ads - Generic,0,Visitor,0
105531,2026-03-29,Social Media,Instagram Ads,35,Lead,0
101697,2026-05-04,Organic Search,SEO - Blog,0,Visitor,0
105441,2026-05-14,Social Media,Facebook Ads,35,Lead,0
105535,2026-05-03,Social Media,LinkedIn Ads,0,Visitor,0
110910,2026-05-01,Direct,Direct/None,0,Visitor,0
109434,2026-02-21,Referral,Partner Referral,0,Visitor,0
102998,2026-04-06,Paid Search,Google Ads - Generic,48,MQL,0
110779,2026-03-24,Direct,Direct/None,0,Visitor,0
110808,2026-05-18,Direct,Direct/None,0,Visitor,0
104595,2026-04-14,Paid Search,Google Ads - Generic,0,Visitor,0
105404,2026-04-05,Social Media,LinkedIn Ads,0,Visitor,0
103549,2026-06-27,Paid Search,Google Ads - Brand,0,Visitor,0
106445,2026-01-28,Social Media,LinkedIn Ads,0,Visitor,0
101325,2026-05-10,Organic Search,SEO - Product Pages,12,Lead,0
108031,2026-03-07,Email,Product Drip Campaign,0,Visitor,0
110217,2026-03-23,Direct,Direct/None,0,Lead,0
103701,2026-03-27,Paid Search,Google Ads - Generic,48,Lead,0
110495,2026-05-13,Direct,Direct/None,0,Visitor,0
103530,2026-04-17,Paid Search,Google Ads - Generic,0,Visitor,0
101082,2026-03-31,Organic Search,SEO - Product Pages,0,Visitor,0
109113,2026-04-16,Email,Newsletter,0,Visitor,0
103583,2026-02-24,Paid Search,Google Ads - Brand,0,Visitor,0
101641,2026-03-12,Organic Search,SEO - Blog,0,Visitor,0
111676,2026-05-12,Direct,Direct/None,0,Visitor,0
110562,2026-04-13,Direct,Direct/None,0,Visitor,0
102287,2026-03-05,Organic Search,SEO - Blog,0,Visitor,0
110625,2026-02-26,Direct,Direct/None,0,Visitor,0
109778,2026-04-22,Referral,Customer Referral Program,0,Visitor,0
100102,2026-01-24,Organic Search,SEO - Product Pages,12,Lead,0
101315,2026-05-13,Organic Search,SEO - Blog,0,Visitor,0
100705,2026-04-18,Organic Search,SEO - Blog,0,Visitor,0
103294,2026-03-10,Paid Search,Google Ads - Generic,0,Visitor,0
104365,2026-06-10,Paid Search,Google Ads - Brand,0,Visitor,0
102283,2026-04-05,Organic Search,SEO - Product Pages,0,Visitor,0
110599,2026-04-19,Direct,Direct/None,0,Visitor,0
110914,2026-05-27,Direct,Direct/None,0,Visitor,0
103321,2026-04-19,Paid Search,Google Ads - Generic,0,Visitor,0
107537,2026-03-29,Social Media,Instagram Ads,0,Visitor,0
108484,2026-04-23,Email,Newsletter,8,SQL,0
100776,2026-06-17,Organic Search,SEO - Product Pages,0,Visitor,0
100221,2026-03-26,Organic Search,SEO - Product Pages,0,Visitor,0
106638,2026-03-22,Social Media,Facebook Ads,0,Visitor,0
104248,2026-05-01,Paid Search,Google Ads - Brand,0,Visitor,0
110381,2026-03-19,Direct,Direct/None,0,Visitor,0
101573,2026-04-07,Organic Search,SEO - Product Pages,0,Visitor,0
101164,2026-03-10,Organic Search,SEO - Blog,0,Visitor,0
102597,2026-04-06,Organic Search,SEO - Blog,0,Visitor,0
108149,2026-04-02,Email,Product Drip Campaign,8,SQL,0
110792,2026-04-30,Direct,Direct/None,0,Visitor,0
104425,2026-05-07,Paid Search,Google Ads - Brand,0,Visitor,0
101808,2026-05-03,Organic Search,SEO - Blog,0,Visitor,0
101813,2026-04-12,Organic Search,SEO - Product Pages,12,MQL,0
101804,2026-04-14,Organic Search,SEO - Blog,0,Visitor,0
109501,2026-01-29,Referral,Customer Referral Program,0,Visitor,0
111365,2026-02-20,Direct,Direct/None,0,Visitor,0
110357,2026-01-29,Direct,Direct/None,0,MQL,0
101912,2026-03-21,Organic Search,SEO - Blog,0,Visitor,0
105646,2026-02-02,Social Media,LinkedIn Ads,0,Visitor,0
111983,2026-05-17,Direct,Direct/None,0,Customer,1519
105554,2026-03-14,Social Media,Instagram Ads,35,MQL,0
102572,2026-03-15,Organic Search,SEO - Blog,0,Visitor,0
108665,2026-04-16,Email,Newsletter,0,Visitor,0
100684,2026-04-24,Organic Search,SEO - Blog,0,Visitor,0
102366,2026-03-16,Organic Search,SEO - Blog,0,Visitor,0
103184,2026-02-25,Paid Search,Google Ads - Generic,0,Visitor,0
103815,2026-06-05,Paid Search,Google Ads - Brand,48,Lead,0
110604,2026-03-31,Direct,Direct/None,0,Visitor,0
100010,2026-03-28,Organic Search,SEO - Product Pages,0,Visitor,0
100162,2026-05-26,Organic Search,SEO - Blog,0,Visitor,0
111570,2026-03-06,Direct,Direct/None,0,Visitor,0
108017,2026-05-01,Email,Newsletter,8,SQL,0
101207,2026-04-30,Organic Search,SEO - Product Pages,0,Visitor,0
106446,2026-04-03,Social Media,Instagram Ads,0,Visitor,0
106769,2026-03-08,Social Media,LinkedIn Ads,0,Visitor,0
105054,2026-03-16,Paid Search,Google Ads - Generic,0,Visitor,0
100925,2026-04-09,Organic Search,SEO - Product Pages,0,Visitor,0
108659,2026-03-25,Email,Newsletter,0,Visitor,0
100771,2026-02-26,Organic Search,SEO - Blog,0,Visitor,0
107958,2026-04-07,Email,Product Drip Campaign,0,Visitor,0
102297,2026-05-17,Organic Search,SEO - Blog,0,Visitor,0
106219,2026-03-31,Social Media,LinkedIn Ads,0,Visitor,0
110091,2026-04-19,Referral,Partner Referral,5,Lead,0
110385,2026-05-25,Direct,Direct/None,0,Visitor,0
103984,2026-01-16,Paid Search,Google Ads - Generic,0,Visitor,0
105711,2026-04-07,Social Media,LinkedIn Ads,0,Visitor,0
105743,2026-03-01,Social Media,Facebook Ads,0,Visitor,0
108877,2026-04-15,Email,Product Drip Campaign,8,Lead,0
104687,2026-04-14,Paid Search,Google Ads - Brand,0,Visitor,0
109557,2026-02-21,Referral,Partner Referral,0,Visitor,0
110863,2026-02-27,Direct,Direct/None,0,Visitor,0
106982,2026-03-10,Social Media,LinkedIn Ads,0,Visitor,0
109372,2026-05-15,Referral,Customer Referral Program,0,Visitor,0
105656,2026-05-22,Social Media,Facebook Ads,0,Visitor,0
111956,2026-04-25,Direct,Direct/None,0,Lead,0
101307,2026-02-24,Organic Search,SEO - Blog,0,Visitor,0
103783,2026-04-21,Paid Search,Google Ads - Brand,0,Visitor,0
111330,2026-05-12,Direct,Direct/None,0,Visitor,0
111924,2026-05-14,Direct,Direct/None,0,Visitor,0
105548,2026-04-08,Social Media,Instagram Ads,0,Visitor,0
102893,2026-03-22,Paid Search,Google Ads - Brand,48,SQL,0
111398,2026-04-12,Direct,Direct/None,0,Visitor,0
111479,2026-05-31,Direct,Direct/None,0,Visitor,0
103830,2026-05-17,Paid Search,Google Ads - Brand,0,Visitor,0
101483,2026-04-28,Organic Search,SEO - Product Pages,0,Visitor,0
107248,2026-03-03,Social Media,Facebook Ads,0,Visitor,0
101225,2026-05-22,Organic Search,SEO - Product Pages,0,Visitor,0
103300,2026-04-04,Paid Search,Google Ads - Brand,0,Visitor,0
103107,2026-03-22,Paid Search,Google Ads - Generic,0,Visitor,0
105469,2026-02-19,Social Media,LinkedIn Ads,0,Visitor,0
100685,2026-05-02,Organic Search,SEO - Blog,0,Visitor,0
108935,2026-04-02,Email,Newsletter,0,Visitor,0
106549,2026-04-09,Social Media,Instagram Ads,0,Visitor,0
109466,2026-03-18,Referral,Partner Referral,5,Lead,0
101270,2026-02-08,Organic Search,SEO - Blog,12,Lead,0
103567,2026-06-04,Paid Search,Google Ads - Brand,48,Lead,0
108507,2026-05-05,Email,Newsletter,8,MQL,0
101125,2026-02-09,Organic Search,SEO - Product Pages,0,Visitor,0
107279,2026-01-24,Social Media,Instagram Ads,0,Visitor,0
101790,2026-04-08,Organic Search,SEO - Blog,0,Visitor,0
104329,2026-04-23,Paid Search,Google Ads - Generic,0,Visitor,0
101434,2026-02-12,Organic Search,SEO - Blog,0,Visitor,0
107634,2026-03-26,Social Media,Instagram Ads,35,Lead,0
104183,2026-03-19,Paid Search,Google Ads - Generic,0,Visitor,0
103565,2026-02-04,Paid Search,Google Ads - Brand,0,Visitor,0
109365,2026-04-02,Referral,Partner Referral,0,Visitor,0
110156,2026-02-20,Referral,Customer Referral Program,0,Visitor,0
102937,2026-03-26,Paid Search,Google Ads - Generic,48,Lead,0
111636,2026-04-27,Direct,Direct/None,0,Visitor,0
109503,2026-04-20,Referral,Customer Referral Program,0,Visitor,0
109366,2026-05-22,Referral,Customer Referral Program,5,Lead,0
100392,2026-06-18,Organic Search,SEO - Blog,0,Visitor,0
104467,2026-04-26,Paid Search,Google Ads - Generic,48,Lead,0
105414,2026-04-25,Social Media,LinkedIn Ads,0,Visitor,0
107408,2026-04-26,Social Media,Instagram Ads,0,Visitor,0
111413,2026-02-18,Direct,Direct/None,0,Visitor,0
109305,2026-02-19,Referral,Partner Referral,0,Visitor,0
106721,2026-01-31,Social Media,Facebook Ads,0,Visitor,0
101969,2026-01-14,Organic Search,SEO - Product Pages,0,Visitor,0
111747,2026-04-05,Direct,Direct/None,0,Visitor,0
110680,2026-02-15,Direct,Direct/None,0,Visitor,0
100507,2026-05-13,Organic Search,SEO - Blog,0,Visitor,0
104320,2026-03-18,Paid Search,Google Ads - Brand,0,Visitor,0
107127,2026-03-31,Social Media,Instagram Ads,0,Visitor,0
111381,2026-03-07,Direct,Direct/None,0,Visitor,0
108535,2026-04-06,Email,Newsletter,8,Lead,0
100416,2026-02-25,Organic Search,SEO - Product Pages,0,Visitor,0
100021,2026-04-18,Organic Search,SEO - Product Pages,0,Visitor,0
108300,2026-04-21,Email,Product Drip Campaign,8,MQL,0
101087,2026-06-03,Organic Search,SEO - Blog,0,Visitor,0
109974,2026-01-23,Referral,Customer Referral Program,0,Visitor,0
109193,2026-03-23,Referral,Customer Referral Program,0,Visitor,0
107328,2026-04-20,Social Media,LinkedIn Ads,0,Visitor,0
103882,2026-05-01,Paid Search,Google Ads - Brand,0,Visitor,0
111208,2026-05-15,Direct,Direct/None,0,Visitor,0
111814,2026-03-11,Direct,Direct/None,0,Visitor,0
105748,2026-04-21,Social Media,LinkedIn Ads,0,Visitor,0
101612,2026-01-30,Organic Search,SEO - Blog,0,Visitor,0
107246,2026-04-05,Social Media,Facebook Ads,0,Visitor,0
104587,2026-06-05,Paid Search,Google Ads - Brand,48,Lead,0
111730,2026-03-23,Direct,Direct/None,0,Visitor,0
104666,2026-04-26,Paid Search,Google Ads - Brand,48,Lead,0
111795,2026-05-21,Direct,Direct/None,0,Visitor,0
108500,2026-02-18,Email,Product Drip Campaign,0,Visitor,0
107716,2026-04-03,Social Media,Facebook Ads,0,Visitor,0
104022,2026-04-14,Paid Search,Google Ads - Brand,0,Visitor,0
111858,2026-04-10,Direct,Direct/None,0,Visitor,0
103613,2026-03-20,Paid Search,Google Ads - Brand,0,Visitor,0
111631,2026-03-24,Direct,Direct/None,0,Visitor,0
107650,2026-06-22,Social Media,Instagram Ads,0,Visitor,0
109883,2026-03-07,Referral,Partner Referral,0,Visitor,0
104567,2026-02-16,Paid Search,Google Ads - Brand,0,Visitor,0
108641,2026-03-31,Email,Product Drip Campaign,0,Visitor,0
109962,2026-04-16,Referral,Customer Referral Program,0,Visitor,0
103550,2026-03-19,Paid Search,Google Ads - Brand,48,SQL,0
109204,2026-04-14,Referral,Partner Referral,5,SQL,0
108756,2026-04-06,Email,Product Drip Campaign,0,Visitor,0
111786,2026-04-30,Direct,Direct/None,0,Visitor,0
109161,2026-04-28,Referral,Partner Referral,0,Visitor,0
100365,2026-03-07,Organic Search,SEO - Product Pages,12,Lead,0
108044,2026-05-04,Email,Newsletter,0,Visitor,0
100730,2026-02-19,Organic Search,SEO - Product Pages,0,Visitor,0
106581,2026-04-20,Social Media,LinkedIn Ads,0,Visitor,0
105822,2026-03-15,Social Media,Facebook Ads,0,Visitor,0
107876,2026-04-02,Social Media,LinkedIn Ads,0,Visitor,0
109141,2026-04-13,Referral,Unknown / Untagged,0,Visitor,0
106183,2026-03-24,Social Media,LinkedIn Ads,0,Visitor,0
103312,2026-04-02,Paid Search,Google Ads - Generic,0,Visitor,0
110317,2026-04-01,Direct,Direct/None,0,Visitor,0
101345,2026-04-06,Organic Search,SEO - Product Pages,0,Visitor,0
105047,2026-03-14,Paid Search,Google Ads - Generic,0,Visitor,0
100542,2026-02-27,Organic Search,SEO - Product Pages,0,Visitor,0
103657,2026-03-22,Paid Search,Google Ads - Brand,0,Visitor,0
109363,2026-04-25,Referral,Partner Referral,0,Visitor,0
110982,2026-02-20,Direct,Direct/None,0,Visitor,0
101684,2026-03-21,Organic Search,SEO - Blog,0,Visitor,0
100382,2026-04-17,Organic Search,SEO - Product Pages,0,Visitor,0
108038,2026-05-06,Email,Newsletter,0,Visitor,0
100512,2026-04-04,Organic Search,SEO - Blog,0,Visitor,0
111571,2026-05-18,Direct,Direct/None,0,Visitor,0
103144,2026-04-04,Paid Search,Google Ads - Brand,0,Visitor,0
104492,2026-05-20,Paid Search,Google Ads - Generic,0,Visitor,0
105718,2026-04-02,Social Media,LinkedIn Ads,0,Visitor,0
111071,2026-04-16,Direct,Direct/None,0,Visitor,0
111504,2026-05-03,Direct,Direct/None,0,Visitor,0
110128,2026-04-28,Referral,Partner Referral,0,Visitor,0
100902,2026-03-10,Organic Search,SEO - Blog,0,Visitor,0
109857,2026-04-16,Referral,Partner Referral,0,Visitor,0
100460,2026-02-23,Organic Search,SEO - Blog,12,MQL,0
109252,2026-04-09,Referral,Customer Referral Program,5,MQL,0
110267,2026-04-05,Direct,Direct/None,0,Visitor,0
110530,2026-06-09,Direct,Direct/None,0,Visitor,0
108621,2026-05-15,Email,Product Drip Campaign,0,Visitor,0
110115,2026-04-15,Referral,Customer Referral Program,0,Visitor,0
101512,2026-03-15,Organic Search,SEO - Blog,12,SQL,0
107949,2026-03-11,Email,Newsletter,0,Visitor,0
106841,2026-04-02,Social Media,Facebook Ads,0,Visitor,0
102563,2026-05-31,Organic Search,SEO - Blog,0,Visitor,0
109351,2026-02-26,Referral,Customer Referral Program,0,Visitor,0
101464,2026-02-21,Organic Search,SEO - Blog,0,Visitor,0
105034,2026-02-23,Paid Search,Google Ads - Generic,0,Visitor,0
111424,2026-03-05,Direct,Direct/None,0,Visitor,0
101242,2026-04-06,Organic Search,SEO - Blog,0,Visitor,0
100135,2026-02-07,Organic Search,SEO - Product Pages,0,Visitor,0
109771,2026-03-03,Referral,Partner Referral,0,Visitor,0
106940,2026-04-19,Social Media,LinkedIn Ads,0,Visitor,0
102346,2026-03-09,Organic Search,SEO - Blog,0,Visitor,0
108295,2026-05-02,Email,Product Drip Campaign,0,Visitor,0
106719,2026-05-11,Social Media,LinkedIn Ads,0,Visitor,0
102435,2026-05-10,Organic Search,SEO - Product Pages,0,Visitor,0
111313,2026-04-14,Direct,Direct/None,0,Visitor,0
101740,2026-05-14,Organic Search,SEO - Product Pages,0,Visitor,0
111355,2026-05-08,Direct,Direct/None,0,Visitor,0
100267,2026-05-21,Organic Search,SEO - Blog,0,Visitor,0
111581,2026-04-28,Direct,Direct/None,0,Visitor,0
102534,2026-04-03,Organic Search,SEO - Blog,12,Lead,0
110090,2026-03-13,Referral,Partner Referral,5,SQL,0
110047,2026-04-06,Referral,Partner Referral,5,Customer,1872
109876,2026-04-24,Referral,Partner Referral,0,Visitor,0
101539,2026-03-05,Organic Search,SEO - Product Pages,0,Visitor,0
104608,2026-04-03,Paid Search,Unknown / Untagged,0,Visitor,0
107444,2026-03-11,Social Media,LinkedIn Ads,0,Visitor,0
105482,2026-06-04,Social Media,LinkedIn Ads,0,Visitor,0
110268,2026-03-14,Direct,Direct/None,0,MQL,0
110879,2026-05-04,Direct,Direct/None,0,Visitor,0
106311,2026-05-13,Social Media,Facebook Ads,0,Visitor,0
100729,2026-01-21,Organic Search,SEO - Product Pages,0,Visitor,0
101171,2026-02-17,Organic Search,SEO - Blog,0,Visitor,0
111584,2026-02-12,Direct,Direct/None,0,Visitor,0
107392,2026-03-18,Social Media,LinkedIn Ads,0,Visitor,0
110568,2026-06-07,Direct,Direct/None,0,Lead,0
106177,2026-02-16,Social Media,LinkedIn Ads,0,Visitor,0
107397,2026-04-12,Social Media,Unknown / Untagged,35,Lead,0
111009,2026-01-14,Direct,Direct/None,0,Visitor,0
108373,2026-03-27,Email,Product Drip Campaign,0,Visitor,0
110056,2026-05-06,Referral,Customer Referral Program,5,SQL,0
102296,2026-05-16,Organic Search,SEO - Product Pages,0,Visitor,0
109110,2026-06-13,Email,Newsletter,0,Visitor,0
108302,2026-02-06,Email,Product Drip Campaign,0,Visitor,0
103904,2026-03-12,Paid Search,Google Ads - Generic,0,Visitor,0
104551,2026-05-09,Paid Search,Google Ads - Brand,0,Visitor,0
102839,2026-03-31,Organic Search,SEO - Blog,0,Visitor,0
107157,2026-04-26,Social Media,Facebook Ads,0,Visitor,0
108977,2026-04-09,Email,Product Drip Campaign,8,MQL,0
106998,2026-03-21,Social Media,Facebook Ads,0,Visitor,0
101602,2026-04-16,Organic Search,SEO - Product Pages,12,Lead,0
100193,2026-03-14,Organic Search,SEO - Product Pages,12,Lead,0
111566,2026-04-14,Direct,Direct/None,0,Visitor,0
104992,2026-04-21,Paid Search,Google Ads - Generic,48,Lead,0
102375,2026-01-27,Organic Search,SEO - Product Pages,0,Visitor,0
105871,2026-03-31,Social Media,LinkedIn Ads,35,Lead,0
104584,2026-04-21,Paid Search,Google Ads - Generic,48,Lead,0
100071,2026-05-24,Organic Search,SEO - Product Pages,0,Visitor,0
101711,2026-03-23,Organic Search,SEO - Blog,0,Visitor,0
107560,2026-02-15,Social Media,Instagram Ads,35,Lead,0
101831,2026-04-10,Organic Search,SEO - Product Pages,0,Visitor,0
101035,2026-04-10,Organic Search,SEO - Blog,12,Lead,0
103003,2026-02-11,Paid Search,Google Ads - Brand,0,Visitor,0
103535,2026-05-23,Paid Search,Google Ads - Generic,48,Lead,0
100434,2026-04-26,Organic Search,Unknown / Untagged,0,Visitor,0
106951,2026-04-26,Social Media,LinkedIn Ads,0,Visitor,0
104880,2026-04-16,Paid Search,Google Ads - Generic,0,Visitor,0
110729,2026-05-12,Direct,Direct/None,0,Visitor,0
108036,2026-02-08,Email,Newsletter,0,Visitor,0
111117,2026-02-27,Direct,Direct/None,0,Visitor,0
104478,2026-02-13,Paid Search,Google Ads - Brand,0,Visitor,0
105334,2026-03-28,Social Media,Facebook Ads,0,Visitor,0
104709,2026-05-18,Paid Search,Google Ads - Generic,0,Visitor,0
108085,2026-05-03,Email,Newsletter,0,Visitor,0
102293,2026-04-15,Organic Search,SEO - Product Pages,0,Visitor,0
110430,2026-03-14,Direct,Direct/None,0,MQL,0
107959,2026-01-20,Email,Newsletter,0,Visitor,0
105201,2026-02-27,Paid Search,Google Ads - Generic,48,Lead,0
103606,2026-03-19,Paid Search,Google Ads - Generic,0,Visitor,0
102449,2026-04-26,Organic Search,SEO - Blog,0,Visitor,0
100674,2026-05-01,Organic Search,SEO - Product Pages,12,Lead,0
105789,2026-03-17,Social Media,Facebook Ads,0,Visitor,0
100759,2026-03-29,Organic Search,SEO - Product Pages,0,Visitor,0
100751,2026-04-04,Organic Search,SEO - Product Pages,0,Visitor,0
107552,2026-03-05,Social Media,LinkedIn Ads,35,MQL,0
105311,2026-04-13,Social Media,Instagram Ads,0,Visitor,0
108572,2026-05-01,Email,Newsletter,8,Lead,0
103674,2026-05-10,Paid Search,Google Ads - Generic,0,Visitor,0
110824,2026-06-15,Direct,Direct/None,0,Visitor,0
109758,2026-03-03,Referral,Customer Referral Program,0,Visitor,0
104471,2026-05-21,Paid Search,Google Ads - Generic,0,Visitor,0
108410,2026-03-03,Email,Product Drip Campaign,0,Visitor,0
102690,2026-03-15,Organic Search,SEO - Product Pages,0,Visitor,0
107739,2026-03-07,Social Media,Facebook Ads,0,Visitor,0
104680,2026-03-02,Paid Search,Google Ads - Generic,48,SQL,0
103614,2026-04-14,Paid Search,Google Ads - Generic,0,Visitor,0
109891,2026-02-24,Referral,Partner Referral,0,Visitor,0
105683,2026-04-06,Social Media,Facebook Ads,0,Visitor,0
109330,2026-05-14,Referral,Customer Referral Program,0,Visitor,0
107761,2026-02-09,Social Media,Instagram Ads,0,Visitor,0
100804,2026-05-13,Organic Search,SEO - Blog,0,Visitor,0
105649,2026-03-21,Social Media,LinkedIn Ads,0,Visitor,0
100451,2026-05-07,Organic Search,SEO - Blog,0,Visitor,0
107416,2026-01-30,Social Media,LinkedIn Ads,0,Visitor,0
109074,2026-03-01,Email,Product Drip Campaign,0,Visitor,0
105204,2026-03-19,Paid Search,Google Ads - Generic,0,Visitor,0
108027,2026-03-30,Email,Product Drip Campaign,0,Visitor,0
111133,2026-05-13,Direct,Direct/None,0,Visitor,0
107517,2026-02-25,Social Media,Facebook Ads,0,Visitor,0
100547,2026-05-05,Organic Search,SEO - Product Pages,0,Visitor,0
106766,2026-01-10,Social Media,Facebook Ads,0,Visitor,0
100241,2026-04-19,Organic Search,SEO - Blog,12,SQL,0
110979,2026-02-16,Direct,Direct/None,0,Visitor,0
100937,2026-05-03,Organic Search,SEO - Blog,0,Visitor,0
110788,2026-03-27,Direct,Direct/None,0,Visitor,0
104075,2026-03-19,Paid Search,Google Ads - Brand,0,Visitor,0
109913,2026-02-26,Referral,Customer Referral Program,0,Visitor,0
102040,2026-06-04,Organic Search,SEO - Product Pages,0,Visitor,0
107057,2026-04-08,Social Media,Instagram Ads,35,Lead,0
106536,2026-02-10,Social Media,Facebook Ads,0,Visitor,0
106765,2026-06-04,Social Media,LinkedIn Ads,0,Visitor,0
108766,2026-05-07,Email,Product Drip Campaign,8,Customer,1446
109177,2026-02-06,Referral,Customer Referral Program,0,Visitor,0
100446,2026-03-19,Organic Search,SEO - Product Pages,0,Visitor,0
101791,2026-03-06,Organic Search,SEO - Product Pages,0,Visitor,0
104122,2026-05-03,Paid Search,Google Ads - Brand,0,Visitor,0
101738,2026-05-04,Organic Search,SEO - Product Pages,12,Lead,0
107884,2026-04-11,Social Media,Instagram Ads,0,Visitor,0
100672,2026-02-02,Organic Search,SEO - Product Pages,0,Visitor,0
109730,2026-05-15,Referral,Partner Referral,0,Visitor,0
104204,2026-04-29,Paid Search,Google Ads - Generic,0,Visitor,0
107902,2026-02-13,Social Media,LinkedIn Ads,0,Visitor,0
101892,2026-03-07,Organic Search,SEO - Product Pages,0,Visitor,0
107688,2026-02-25,Social Media,LinkedIn Ads,0,Visitor,0
101998,2026-05-18,Organic Search,SEO - Product Pages,0,Visitor,0
109521,2026-02-28,Referral,Partner Referral,5,SQL,0
106186,2026-01-23,Social Media,Instagram Ads,0,Visitor,0
106255,2026-03-13,Social Media,Instagram Ads,0,Visitor,0
100447,2026-03-08,Organic Search,SEO - Blog,0,Visitor,0
106003,2026-01-31,Social Media,LinkedIn Ads,0,Visitor,0
108210,2026-02-20,Email,Newsletter,0,Visitor,0
109273,2026-05-13,Referral,Partner Referral,0,Visitor,0
102949,2026-02-19,Paid Search,Google Ads - Generic,0,Visitor,0
108703,2026-06-14,Email,Product Drip Campaign,0,Visitor,0
102265,2026-03-15,Organic Search,SEO - Product Pages,0,Visitor,0
110309,2026-02-17,Direct,Direct/None,0,MQL,0
100478,2026-04-18,Organic Search,SEO - Product Pages,12,Lead,0
108768,2026-04-15,Email,Newsletter,0,Visitor,0
111492,2026-02-24,Direct,Direct/None,0,Visitor,0
100530,2026-06-02,Organic Search,SEO - Product Pages,0,Visitor,0
111650,2026-04-02,Direct,Direct/None,0,Visitor,0
103382,2026-03-18,Paid Search,Google Ads - Brand,0,Visitor,0
106919,2026-06-24,Social Media,Facebook Ads,0,Visitor,0
106941,2026-04-02,Social Media,Facebook Ads,0,Visitor,0
106132,2026-06-07,Social Media,Instagram Ads,0,Visitor,0
101266,2026-04-25,Organic Search,SEO - Product Pages,0,Visitor,0
111032,2026-05-11,Direct,Direct/None,0,Lead,0
100666,2026-03-14,Organic Search,SEO - Product Pages,12,MQL,0
104340,2026-03-01,Paid Search,Google Ads - Generic,48,Lead,0
109518,2026-04-22,Referral,Partner Referral,0,Visitor,0
110369,2026-04-25,Direct,Direct/None,0,Visitor,0
109480,2026-04-23,Referral,Customer Referral Program,0,Visitor,0
108005,2026-04-14,Email,Newsletter,0,Visitor,0
106645,2026-04-13,Social Media,Instagram Ads,0,Visitor,0
100014,2026-01-18,Organic Search,SEO - Product Pages,0,Visitor,0
105224,2026-04-11,Paid Search,Google Ads - Generic,0,Visitor,0
111668,2026-01-30,Direct,Direct/None,0,Visitor,0
108124,2026-03-14,Email,Product Drip Campaign,0,Visitor,0
109230,2026-04-24,Referral,Partner Referral,0,Visitor,0
109886,2026-04-07,Referral,Partner Referral,5,MQL,0
107820,2026-04-29,Social Media,Facebook Ads,0,Visitor,0
101709,2026-02-02,Organic Search,SEO - Product Pages,0,Visitor,0
110146,2026-02-09,Referral,Customer Referral Program,5,MQL,0
111300,2026-04-20,Direct,Direct/None,0,Visitor,0
101907,2026-04-07,Organic Search,SEO - Product Pages,0,Visitor,0
102776,2026-04-11,Organic Search,SEO - Blog,0,Visitor,0
104794,2026-04-14,Paid Search,Google Ads - Generic,0,Visitor,0
105183,2026-04-11,Paid Search,Google Ads - Generic,0,Visitor,0
103754,2026-04-30,Paid Search,Google Ads - Generic,0,Visitor,0
103018,2026-01-25,Paid Search,Google Ads - Generic,0,Visitor,0
107527,2026-04-19,Social Media,LinkedIn Ads,0,Visitor,0
104897,2026-06-08,Paid Search,Google Ads - Generic,0,Visitor,0
103031,2026-05-10,Paid Search,Google Ads - Brand,0,Visitor,0
103327,2026-04-09,Paid Search,Google Ads - Brand,0,Visitor,0
108013,2026-03-31,Email,Product Drip Campaign,8,Lead,0
104594,2026-04-17,Paid Search,Google Ads - Generic,0,Visitor,0
102656,2026-03-18,Organic Search,SEO - Product Pages,0,Visitor,0
111594,2026-04-19,Direct,Direct/None,0,Visitor,0
105855,2026-06-16,Social Media,Facebook Ads,35,Lead,0
103563,2026-04-30,Paid Search,Google Ads - Brand,48,MQL,0
108371,2026-03-29,Email,Newsletter,8,Lead,0
111842,2026-04-16,Direct,Direct/None,0,Visitor,0
111139,2026-02-05,Direct,Direct/None,0,Visitor,0
107470,2026-06-16,Social Media,Facebook Ads,0,Visitor,0
108455,2026-03-23,Email,Newsletter,8,MQL,0
105692,2026-02-06,Social Media,Instagram Ads,0,Visitor,0
105945,2026-05-09,Social Media,Instagram Ads,0,Visitor,0
110130,2026-03-20,Referral,Partner Referral,0,Visitor,0
102928,2026-04-16,Paid Search,Google Ads - Brand,48,Lead,0
105164,2026-03-13,Paid Search,Google Ads - Brand,0,Visitor,0
110396,2026-04-06,Direct,Direct/None,0,Lead,0
105082,2026-01-28,Paid Search,Google Ads - Generic,0,Visitor,0
105547,2026-04-02,Social Media,Instagram Ads,0,Visitor,0
110796,2026-06-09,Direct,Direct/None,0,Visitor,0
105647,2026-03-10,Social Media,LinkedIn Ads,0,Visitor,0
110885,2026-05-03,Direct,Direct/None,0,Customer,701
106022,2026-03-07,Social Media,LinkedIn Ads,0,Visitor,0
108387,2026-04-15,Email,Product Drip Campaign,0,Visitor,0
100341,2026-05-14,Organic Search,SEO - Blog,12,Customer,2194
106133,2026-03-27,Social Media,Instagram Ads,0,Visitor,0
104024,2026-05-21,Paid Search,Google Ads - Brand,48,MQL,0
101100,2026-04-05,Organic Search,SEO - Blog,0,Visitor,0
108869,2026-03-05,Email,Product Drip Campaign,0,Visitor,0
109449,2026-04-11,Referral,Partner Referral,5,Lead,0
100313,2026-04-03,Organic Search,SEO - Product Pages,0,Visitor,0
103749,2026-03-11,Paid Search,Google Ads - Generic,0,Visitor,0
103758,2026-03-21,Paid Search,Google Ads - Brand,0,Visitor,0
104453,2026-03-27,Paid Search,Google Ads - Brand,0,Visitor,0
106090,2026-03-01,Social Media,Instagram Ads,0,Visitor,0
100052,2026-02-23,Organic Search,SEO - Product Pages,12,Lead,0
110198,2026-03-19,Referral,Customer Referral Program,0,Visitor,0
111833,2026-04-06,Direct,Direct/None,0,Visitor,0
100786,2026-02-27,Organic Search,SEO - Product Pages,0,Visitor,0
109095,2026-02-11,Email,Product Drip Campaign,0,Visitor,0
105112,2026-02-10,Paid Search,Google Ads - Brand,0,Visitor,0
100039,2026-02-08,Organic Search,SEO - Blog,0,Visitor,0
103992,2026-03-28,Paid Search,Google Ads - Generic,0,Visitor,0
109353,2026-01-30,Referral,Partner Referral,0,Visitor,0
110413,2026-05-06,Direct,Direct/None,0,Visitor,0
111210,2026-04-23,Direct,Direct/None,0,Visitor,0
100285,2026-03-01,Organic Search,SEO - Product Pages,0,Visitor,0
100997,2026-03-05,Organic Search,SEO - Blog,0,Visitor,0
111703,2026-03-07,Direct,Direct/None,0,Visitor,0
104604,2026-04-20,Paid Search,Google Ads - Generic,48,SQL,0
102133,2026-03-10,Organic Search,SEO - Product Pages,12,MQL,0
109386,2026-02-24,Referral,Partner Referral,5,Customer,1601
102658,2026-02-17,Organic Search,SEO - Product Pages,0,Visitor,0
107778,2026-05-10,Social Media,Facebook Ads,35,Lead,0
111644,2026-03-23,Direct,Direct/None,0,Visitor,0
103237,2026-03-12,Paid Search,Google Ads - Generic,0,Visitor,0
111534,2026-03-18,Direct,Direct/None,0,Visitor,0
108472,2026-03-09,Email,Product Drip Campaign,0,Visitor,0
102400,2026-05-04,Organic Search,SEO - Blog,0,Visitor,0
108354,2026-03-09,Email,Product Drip Campaign,0,Visitor,0
105364,2026-02-16,Social Media,Instagram Ads,0,Visitor,0
102688,2026-05-19,Organic Search,SEO - Blog,0,Visitor,0
100327,2026-05-23,Organic Search,SEO - Blog,0,Visitor,0
106938,2026-02-16,Social Media,LinkedIn Ads,0,Visitor,0
106027,2026-04-09,Social Media,LinkedIn Ads,35,Lead,0
101818,2026-03-31,Organic Search,SEO - Product Pages,0,Visitor,0
111959,2026-06-13,Direct,Direct/None,0,Lead,0
102898,2026-05-02,Paid Search,Google Ads - Brand,0,Visitor,0
105986,2026-04-30,Social Media,Facebook Ads,0,Visitor,0
100917,2026-05-09,Organic Search,SEO - Product Pages,0,Visitor,0
105190,2026-04-30,Paid Search,Google Ads - Brand,0,Visitor,0
103789,2026-05-03,Paid Search,Google Ads - Generic,0,Visitor,0
106202,2026-04-11,Social Media,Facebook Ads,35,Lead,0
109639,2026-05-16,Referral,Partner Referral,0,Visitor,0
101167,2026-04-02,Organic Search,SEO - Blog,0,Visitor,0
108241,2026-02-20,Email,Product Drip Campaign,0,Visitor,0
111209,2026-04-26,Direct,Direct/None,0,Visitor,0
102779,2026-04-05,Organic Search,SEO - Blog,0,Visitor,0
105887,2026-02-26,Social Media,LinkedIn Ads,0,Visitor,0
108143,2026-05-19,Email,Newsletter,8,MQL,0
111606,2026-05-26,Direct,Direct/None,0,Visitor,0
103224,2026-02-26,Paid Search,Google Ads - Brand,0,Visitor,0
111514,2026-05-16,Direct,Direct/None,0,Lead,0
110828,2026-01-19,Direct,Direct/None,0,MQL,0
109843,2026-02-03,Referral,Partner Referral,5,Customer,1014
101189,2026-04-02,Organic Search,SEO - Product Pages,0,Visitor,0
105290,2026-04-25,Social Media,Instagram Ads,0,Visitor,0
109592,2026-03-27,Referral,Partner Referral,0,Visitor,0
107407,2026-05-24,Social Media,LinkedIn Ads,0,Visitor,0
103954,2026-01-17,Paid Search,Google Ads - Brand,0,Visitor,0
101516,2026-02-24,Organic Search,SEO - Blog,0,Visitor,0
100758,2026-03-15,Organic Search,SEO - Product Pages,0,Visitor,0
105503,2026-05-08,Social Media,LinkedIn Ads,0,Visitor,0
101708,2026-05-28,Organic Search,SEO - Product Pages,0,Visitor,0
111767,2026-04-17,Direct,Direct/None,0,SQL,0
101339,2026-02-09,Organic Search,SEO - Blog,0,Visitor,0
106019,2026-02-26,Social Media,Facebook Ads,0,Visitor,0
108838,2026-06-04,Email,Product Drip Campaign,0,Visitor,0
107870,2026-05-10,Social Media,Facebook Ads,0,Visitor,0
111206,2026-05-24,Direct,Direct/None,0,Visitor,0
106612,2026-05-09,Social Media,Facebook Ads,0,Visitor,0
103479,2026-01-19,Paid Search,Google Ads - Brand,0,Visitor,0
107035,2026-04-03,Social Media,Instagram Ads,0,Visitor,0
105409,2026-06-05,Social Media,Facebook Ads,0,Visitor,0
105669,2026-03-19,Social Media,Facebook Ads,0,Visitor,0
101055,2026-03-17,Organic Search,SEO - Blog,12,Lead,0
109306,2026-05-28,Referral,Partner Referral,0,Visitor,0
110063,2026-05-26,Referral,Partner Referral,0,Visitor,0
107982,2026-03-08,Email,Newsletter,0,Visitor,0
108638,2026-03-02,Email,Newsletter,8,Customer,938
103045,2026-05-27,Paid Search,Google Ads - Brand,0,Visitor,0
105935,2026-03-27,Social Media,Facebook Ads,0,Visitor,0
108876,2026-05-08,Email,Product Drip Campaign,8,SQL,0
110676,2026-03-28,Direct,Direct/None,0,Visitor,0
104618,2026-05-17,Paid Search,Google Ads - Brand,0,Visitor,0
104887,2026-05-11,Paid Search,Google Ads - Generic,0,Visitor,0
105373,2026-02-17,Social Media,Facebook Ads,0,Visitor,0
102234,2026-03-27,Organic Search,SEO - Blog,0,Visitor,0
107419,2026-05-18,Social Media,LinkedIn Ads,0,Visitor,0
105610,2026-06-07,Social Media,Instagram Ads,0,Visitor,0
103864,2026-04-25,Paid Search,Google Ads - Generic,48,Lead,0
100178,2026-05-27,Organic Search,SEO - Product Pages,0,Visitor,0
104644,2026-06-11,Paid Search,Google Ads - Brand,0,Visitor,0
105230,2026-05-20,Paid Search,Google Ads - Brand,0,Visitor,0
108219,2026-05-26,Email,Newsletter,0,Visitor,0
108251,2026-04-03,Email,Newsletter,8,Customer,1203
111059,2026-02-07,Direct,Direct/None,0,Visitor,0
105177,2026-04-29,Paid Search,Google Ads - Generic,48,Lead,0
107895,2026-03-15,Social Media,Instagram Ads,0,Visitor,0
100181,2026-02-08,Organic Search,SEO - Blog,0,Visitor,0
111233,2026-02-01,Direct,Direct/None,0,Visitor,0
102015,2026-05-19,Organic Search,SEO - Blog,0,Visitor,0
109888,2026-02-03,Referral,Customer Referral Program,0,Visitor,0
109150,2026-05-27,Referral,Customer Referral Program,0,Visitor,0
105272,2026-03-09,Paid Search,Google Ads - Generic,0,Visitor,0
102466,2026-04-08,Organic Search,SEO - Product Pages,0,Visitor,0
108932,2026-03-16,Email,Product Drip Campaign,0,Visitor,0
102783,2026-03-11,Organic Search,SEO - Blog,0,Visitor,0
111306,2026-06-04,Direct,Direct/None,0,Visitor,0
104597,2026-04-09,Paid Search,Google Ads - Generic,0,Visitor,0
101012,2026-04-19,Organic Search,SEO - Blog,12,MQL,0
110354,2026-05-10,Direct,Direct/None,0,Visitor,0
107405,2026-06-04,Social Media,Instagram Ads,0,Visitor,0
107011,2026-02-18,Social Media,LinkedIn Ads,0,Visitor,0
102681,2026-04-04,Organic Search,SEO - Product Pages,12,Lead,0
111497,2026-02-13,Direct,Direct/None,0,Visitor,0
106747,2026-05-11,Social Media,Instagram Ads,35,MQL,0
111333,2026-03-23,Direct,Direct/None,0,Visitor,0
101133,2026-04-25,Organic Search,SEO - Product Pages,0,Visitor,0
107618,2026-05-22,Social Media,LinkedIn Ads,0,Visitor,0
111585,2026-04-26,Direct,Direct/None,0,Visitor,0
103363,2026-03-17,Paid Search,Google Ads - Generic,48,Customer,1282
104955,2026-03-05,Paid Search,Google Ads - Brand,0,Visitor,0
108740,2026-03-07,Email,Newsletter,8,Lead,0
107364,2026-03-02,Social Media,LinkedIn Ads,0,Visitor,0
110817,2026-03-06,Direct,Direct/None,0,Visitor,0
111544,2026-04-16,Direct,Direct/None,0,Visitor,0
105565,2026-05-12,Social Media,Facebook Ads,0,Visitor,0
100084,2026-05-19,Organic Search,SEO - Product Pages,0,Visitor,0
110933,2026-06-24,Direct,Direct/None,0,Lead,0
107789,2026-04-19,Social Media,LinkedIn Ads,0,Visitor,0
101992,2026-04-03,Organic Search,SEO - Blog,0,Visitor,0
102110,2026-02-06,Organic Search,SEO - Blog,0,Visitor,0
101893,2026-02-02,Organic Search,SEO - Product Pages,0,Visitor,0
103835,2026-04-08,Paid Search,Google Ads - Brand,0,Visitor,0
101995,2026-02-21,Organic Search,SEO - Blog,12,MQL,0
103262,2026-03-30,Paid Search,Google Ads - Brand,0,Visitor,0
103778,2026-04-23,Paid Search,Google Ads - Generic,48,Lead,0
108389,2026-03-09,Email,Newsletter,0,Visitor,0
106706,2026-05-06,Social Media,LinkedIn Ads,0,Visitor,0
107603,2026-04-01,Social Media,Instagram Ads,0,Visitor,0
111614,2026-04-19,Direct,Direct/None,0,Visitor,0
111647,2026-05-03,Direct,Direct/None,0,Visitor,0
107062,2026-01-18,Social Media,LinkedIn Ads,35,MQL,0
102393,2026-03-24,Organic Search,SEO - Product Pages,0,Visitor,0
109541,2026-05-15,Referral,Customer Referral Program,0,Visitor,0
109048,2026-02-21,Email,Product Drip Campaign,0,Visitor,0
110110,2026-05-26,Referral,Customer Referral Program,0,Visitor,0
100132,2026-04-23,Organic Search,SEO - Blog,0,Visitor,0
104186,2026-04-15,Paid Search,Google Ads - Brand,48,Lead,0
111124,2026-02-18,Direct,Direct/None,0,Visitor,0
103174,2026-03-08,Paid Search,Google Ads - Generic,48,Lead,0
105944,2026-04-03,Social Media,LinkedIn Ads,0,Visitor,0
106890,2026-05-11,Social Media,Instagram Ads,0,Visitor,0
109761,2026-03-26,Referral,Customer Referral Program,0,Visitor,0
108810,2026-04-08,Email,Newsletter,8,Lead,0
108492,2026-04-27,Email,Newsletter,0,Visitor,0
102224,2026-02-22,Organic Search,SEO - Product Pages,0,Visitor,0
100742,2026-03-06,Organic Search,SEO - Product Pages,0,Visitor,0
105954,2026-05-24,Social Media,Facebook Ads,35,Lead,0
107196,2026-03-22,Social Media,Facebook Ads,35,MQL,0
111157,2026-04-28,Direct,Direct/None,0,MQL,0
109369,2026-03-23,Referral,Partner Referral,0,Visitor,0
102271,2026-02-02,Organic Search,SEO - Blog,0,Visitor,0
107242,2026-05-28,Social Media,Instagram Ads,0,Visitor,0
107363,2026-05-25,Social Media,Instagram Ads,0,Visitor,0
105193,2026-04-28,Paid Search,Google Ads - Generic,0,Visitor,0
105252,2026-02-13,Paid Search,Google Ads - Brand,0,Visitor,0
104707,2026-03-21,Paid Search,Google Ads - Generic,48,SQL,0
100041,2026-04-22,Organic Search,SEO - Product Pages,0,Visitor,0
108496,2026-05-27,Email,Newsletter,0,Visitor,0
107002,2026-04-13,Social Media,Instagram Ads,0,Visitor,0
100649,2026-05-02,Organic Search,SEO - Product Pages,0,Visitor,0
106663,2026-03-22,Social Media,Instagram Ads,0,Visitor,0
104863,2026-04-09,Paid Search,Google Ads - Brand,0,Visitor,0
105308,2026-04-02,Social Media,Instagram Ads,0,Visitor,0
100457,2026-03-04,Organic Search,SEO - Blog,0,Visitor,0
105993,2026-03-16,Social Media,Facebook Ads,0,Visitor,0
111467,2026-04-08,Direct,Direct/None,0,Visitor,0
102685,2026-02-16,Organic Search,SEO - Product Pages,0,Visitor,0
102918,2026-04-07,Paid Search,Google Ads - Generic,0,Visitor,0
102326,2026-04-23,Organic Search,SEO - Product Pages,0,Visitor,0
104732,2026-04-23,Paid Search,Google Ads - Generic,0,Visitor,0
107435,2026-05-14,Social Media,LinkedIn Ads,0,Visitor,0
100441,2026-03-07,Organic Search,SEO - Product Pages,0,Visitor,0
105101,2026-04-23,Paid Search,Google Ads - Brand,0,Visitor,0
100099,2026-05-11,Organic Search,SEO - Blog,0,Visitor,0
103360,2026-02-12,Paid Search,Google Ads - Generic,0,Visitor,0
109299,2026-03-28,Referral,Partner Referral,5,SQL,0
103735,2026-05-01,Paid Search,Google Ads - Brand,0,Visitor,0
108581,2026-05-10,Email,Product Drip Campaign,0,Visitor,0
104304,2026-04-03,Paid Search,Google Ads - Brand,0,Visitor,0
109448,2026-05-09,Referral,Partner Referral,0,Visitor,0
104765,2026-05-04,Paid Search,Google Ads - Brand,0,Visitor,0
101442,2026-03-06,Organic Search,SEO - Blog,0,Visitor,0
102417,2026-05-31,Organic Search,SEO - Product Pages,12,Lead,0
111414,2026-05-05,Direct,Direct/None,0,Visitor,0
100890,2026-04-14,Organic Search,SEO - Blog,0,Visitor,0
100744,2026-03-17,Organic Search,SEO - Blog,0,Visitor,0
108882,2026-04-02,Email,Product Drip Campaign,0,Visitor,0
103481,2026-04-27,Paid Search,Google Ads - Generic,0,Visitor,0
103017,2026-02-17,Paid Search,Google Ads - Brand,48,Lead,0
103485,2026-05-06,Paid Search,Google Ads - Generic,0,Visitor,0
110716,2026-04-19,Direct,Direct/None,0,Visitor,0
103054,2026-04-16,Paid Search,Google Ads - Generic,0,Visitor,0
105090,2026-01-21,Paid Search,Google Ads - Brand,0,Visitor,0
108333,2026-04-21,Email,Newsletter,8,Customer,1175
109995,2026-04-27,Referral,Customer Referral Program,0,Visitor,0
106865,2026-04-15,Social Media,LinkedIn Ads,0,Visitor,0
109782,2026-04-22,Referral,Customer Referral Program,0,Visitor,0
108906,2026-03-04,Email,Newsletter,8,MQL,0
103115,2026-05-03,Paid Search,Google Ads - Brand,0,Visitor,0
106945,2026-06-05,Social Media,LinkedIn Ads,0,Visitor,0
109439,2026-04-24,Referral,Customer Referral Program,0,Visitor,0
106188,2026-05-18,Social Media,Facebook Ads,35,Lead,0
104499,2026-05-11,Paid Search,Google Ads - Brand,0,Visitor,0
106856,2026-04-09,Social Media,Facebook Ads,0,Visitor,0
109905,2026-04-06,Referral,Customer Referral Program,5,Lead,0
106182,2026-04-12,Social Media,Facebook Ads,0,Visitor,0
106305,2026-03-02,Social Media,LinkedIn Ads,0,Visitor,0
105793,2026-01-29,Social Media,Instagram Ads,0,Visitor,0
101655,2026-05-08,Organic Search,SEO - Product Pages,0,Visitor,0
103505,2026-04-15,Paid Search,Google Ads - Generic,0,Visitor,0
107263,2026-05-21,Social Media,Instagram Ads,0,Visitor,0
100352,2026-04-13,Organic Search,SEO - Blog,0,Visitor,0
106272,2026-05-11,Social Media,Instagram Ads,0,Visitor,0
110785,2026-06-03,Direct,Direct/None,0,Visitor,0
104991,2026-04-18,Paid Search,Google Ads - Brand,0,Visitor,0
110893,2026-06-03,Direct,Direct/None,0,Visitor,0
108307,2026-05-30,Email,Newsletter,0,Visitor,0
110295,2026-04-23,Direct,Direct/None,0,Visitor,0
104655,2026-06-24,Paid Search,Google Ads - Brand,48,Lead,0
112000,2026-05-07,Direct,Direct/None,0,Visitor,0
102902,2026-04-15,Paid Search,Google Ads - Generic,0,Visitor,0
101750,2026-05-03,Organic Search,SEO - Product Pages,0,Visitor,0
110197,2026-04-16,Referral,Partner Referral,0,Visitor,0
104004,2026-03-17,Paid Search,Google Ads - Brand,0,Visitor,0
103130,2026-01-25,Paid Search,Google Ads - Brand,48,Customer,1616
104491,2026-02-09,Paid Search,Google Ads - Generic,0,Visitor,0
108873,2026-05-12,Email,Product Drip Campaign,0,Visitor,0
105480,2026-04-10,Social Media,Instagram Ads,0,Visitor,0
111998,2026-04-23,Direct,Direct/None,0,SQL,0
106711,2026-04-16,Social Media,Facebook Ads,0,Visitor,0
109506,2026-04-03,Referral,Partner Referral,0,Visitor,0
102001,2026-05-01,Organic Search,SEO - Blog,0,Visitor,0
111116,2026-04-11,Direct,Direct/None,0,Visitor,0
111822,2026-02-18,Direct,Direct/None,0,Lead,0
102956,2026-01-29,Paid Search,Google Ads - Brand,0,Visitor,0
106659,2026-02-20,Social Media,Facebook Ads,0,Visitor,0
100408,2026-03-12,Organic Search,SEO - Product Pages,0,Visitor,0
101041,2026-01-01,Organic Search,SEO - Blog,12,MQL,0
100083,2026-04-09,Organic Search,SEO - Product Pages,0,Visitor,0
109484,2026-06-05,Referral,Customer Referral Program,0,Visitor,0
109218,2026-04-11,Referral,Partner Referral,0,Visitor,0
100096,2026-03-17,Organic Search,SEO - Product Pages,0,Visitor,0
110489,2026-04-12,Direct,Direct/None,0,Visitor,0
108129,2026-04-23,Email,Newsletter,0,Visitor,0
110758,2026-02-08,Direct,Direct/None,0,Visitor,0
104231,2026-03-25,Paid Search,Google Ads - Generic,0,Visitor,0
107320,2026-05-09,Social Media,Instagram Ads,35,Lead,0
109419,2026-04-08,Referral,Customer Referral Program,0,Visitor,0
103595,2026-05-07,Paid Search,Google Ads - Generic,0,Visitor,0
109657,2026-05-10,Referral,Customer Referral Program,0,Visitor,0
108846,2026-05-04,Email,Newsletter,0,Visitor,0
111684,2026-04-27,Direct,Direct/None,0,Visitor,0
104165,2026-06-25,Paid Search,Google Ads - Brand,0,Visitor,0
100585,2026-03-21,Organic Search,SEO - Blog,0,Visitor,0
105232,2026-05-05,Paid Search,Google Ads - Brand,48,Lead,0
100688,2026-05-15,Organic Search,SEO - Product Pages,0,Visitor,0
111374,2026-02-27,Direct,Direct/None,0,Visitor,0
100597,2026-02-11,Organic Search,SEO - Blog,0,Visitor,0
106842,2026-01-28,Social Media,Instagram Ads,0,Visitor,0
107137,2026-04-26,Social Media,LinkedIn Ads,0,Visitor,0
108008,2026-03-05,Email,Newsletter,0,Visitor,0
105633,2026-05-20,Social Media,LinkedIn Ads,0,Visitor,0
101660,2026-05-11,Organic Search,SEO - Product Pages,0,Visitor,0
102005,2026-05-27,Organic Search,SEO - Product Pages,0,Visitor,0
108791,2026-04-22,Email,Product Drip Campaign,0,Visitor,0
106428,2026-03-11,Social Media,Facebook Ads,0,Visitor,0
106788,2026-03-25,Social Media,LinkedIn Ads,0,Visitor,0
102504,2026-03-24,Organic Search,SEO - Product Pages,12,MQL,0
105044,2026-04-27,Paid Search,Google Ads - Generic,48,MQL,0
105842,2026-05-16,Social Media,LinkedIn Ads,0,Visitor,0
101603,2026-03-29,Organic Search,SEO - Product Pages,12,Lead,0
100951,2026-03-26,Organic Search,SEO - Product Pages,0,Visitor,0
101767,2026-05-30,Organic Search,SEO - Blog,0,Visitor,0
100410,2026-06-07,Organic Search,SEO - Product Pages,0,Visitor,0
106634,2026-02-15,Social Media,Instagram Ads,0,Visitor,0
102202,2026-05-19,Organic Search,SEO - Blog,0,Visitor,0
100896,2026-04-19,Organic Search,SEO - Product Pages,0,Visitor,0
105072,2026-05-22,Paid Search,Google Ads - Brand,0,Visitor,0
103770,2026-04-06,Paid Search,Google Ads - Brand,0,Visitor,0
105811,2026-05-20,Social Media,LinkedIn Ads,0,Visitor,0
109531,2026-04-11,Referral,Partner Referral,0,Visitor,0
109117,2026-06-04,Email,Product Drip Campaign,0,Visitor,0
104343,2026-03-31,Paid Search,Google Ads - Brand,0,Visitor,0
102251,2026-03-24,Organic Search,SEO - Blog,0,Visitor,0
111423,2026-03-01,Direct,Direct/None,0,Visitor,0
103612,2026-03-23,Paid Search,Google Ads - Brand,0,Visitor,0
100950,2026-02-16,Organic Search,SEO - Product Pages,0,Visitor,0
100250,2026-05-15,Organic Search,SEO - Blog,0,Visitor,0
102070,2026-04-08,Organic Search,SEO - Product Pages,0,Visitor,0
108323,2026-04-04,Email,Newsletter,0,Visitor,0
108675,2026-05-17,Email,Product Drip Campaign,0,Visitor,0
111235,2026-05-10,Direct,Direct/None,0,Visitor,0
105678,2026-05-13,Social Media,LinkedIn Ads,0,Visitor,0
102629,2026-04-11,Organic Search,SEO - Product Pages,0,Visitor,0
111553,2026-04-11,Direct,Direct/None,0,Visitor,0
111986,2026-03-05,Direct,Direct/None,0,Lead,0
105077,2026-04-17,Paid Search,Google Ads - Brand,0,Visitor,0
111475,2026-04-22,Direct,Direct/None,0,Lead,0
105399,2026-05-10,Social Media,LinkedIn Ads,35,MQL,0
100140,2026-04-14,Organic Search,SEO - Blog,0,Visitor,0
110708,2026-04-26,Direct,Direct/None,0,Visitor,0
107147,2026-03-19,Social Media,Instagram Ads,0,Visitor,0
103601,2026-03-18,Paid Search,Google Ads - Generic,48,Lead,0
105990,2026-03-08,Social Media,Facebook Ads,0,Visitor,0
104241,2026-03-29,Paid Search,Google Ads - Brand,0,Visitor,0
110496,2026-05-29,Direct,Direct/None,0,Visitor,0
101618,2026-03-31,Organic Search,SEO - Blog,0,Visitor,0
102380,2026-03-16,Organic Search,SEO - Product Pages,0,Visitor,0
105731,2026-06-13,Social Media,Instagram Ads,0,Visitor,0
107531,2026-06-05,Social Media,Instagram Ads,0,Visitor,0
105823,2026-04-17,Social Media,LinkedIn Ads,0,Visitor,0
105706,2026-05-21,Social Media,Instagram Ads,0,Visitor,0
101128,2026-03-29,Organic Search,SEO - Product Pages,0,Visitor,0
111752,2026-05-15,Direct,Direct/None,0,Visitor,0
107648,2026-03-13,Social Media,Instagram Ads,0,Visitor,0
107454,2026-05-06,Social Media,Facebook Ads,0,Visitor,0
108296,2026-04-03,Email,Product Drip Campaign,0,Visitor,0
105654,2026-05-18,Social Media,Facebook Ads,0,Visitor,0
107857,2026-03-05,Social Media,LinkedIn Ads,0,Visitor,0
103268,2026-04-27,Paid Search,Google Ads - Generic,0,Visitor,0
103471,2026-04-09,Paid Search,Google Ads - Brand,0,Visitor,0
105058,2026-03-25,Paid Search,Google Ads - Brand,0,Visitor,0
104005,2026-04-25,Paid Search,Google Ads - Generic,0,Visitor,0
102482,2026-05-19,Organic Search,SEO - Blog,0,Visitor,0
104296,2026-04-11,Paid Search,Google Ads - Generic,0,Visitor,0
111717,2026-03-07,Direct,Direct/None,0,Lead,0
102696,2026-05-03,Organic Search,SEO - Blog,12,MQL,0
101475,2026-04-02,Organic Search,SEO - Product Pages,0,Visitor,0
108741,2026-04-18,Email,Product Drip Campaign,0,Visitor,0
106752,2026-04-30,Social Media,LinkedIn Ads,0,Visitor,0
102114,2026-02-20,Organic Search,SEO - Product Pages,0,Visitor,0
110747,2026-06-09,Direct,Direct/None,0,Visitor,0
109276,2026-04-26,Referral,Partner Referral,0,Visitor,0
104946,2026-05-03,Paid Search,Google Ads - Brand,48,Lead,0
108881,2026-04-04,Email,Newsletter,0,Visitor,0
102646,2026-05-07,Organic Search,SEO - Blog,0,Visitor,0
105027,2026-02-12,Paid Search,Google Ads - Brand,0,Visitor,0
109120,2026-05-31,Email,Product Drip Campaign,0,Visitor,0
101878,2026-05-19,Organic Search,SEO - Product Pages,0,Visitor,0
108789,2026-04-19,Email,Product Drip Campaign,0,Visitor,0
106972,2026-03-25,Social Media,LinkedIn Ads,0,Visitor,0
104294,2026-01-22,Paid Search,Google Ads - Generic,48,MQL,0
101964,2026-03-18,Organic Search,SEO - Product Pages,0,Visitor,0
111739,2026-05-03,Direct,Direct/None,0,Visitor,0
104203,2026-05-18,Paid Search,Google Ads - Generic,48,MQL,0
108486,2026-06-15,Email,Newsletter,0,Visitor,0
107334,2026-05-21,Social Media,Instagram Ads,0,Visitor,0
102874,2026-04-11,Organic Search,SEO - Product Pages,0,Visitor,0
104715,2026-04-15,Paid Search,Google Ads - Generic,0,Visitor,0
105440,2026-05-27,Social Media,LinkedIn Ads,0,Visitor,0
103913,2026-02-09,Paid Search,Google Ads - Brand,0,Visitor,0
111961,2026-01-20,Direct,Direct/None,0,Visitor,0
109153,2026-04-22,Referral,Customer Referral Program,0,Visitor,0
107366,2026-03-17,Social Media,Instagram Ads,0,Visitor,0
108414,2026-05-11,Email,Newsletter,0,Visitor,0
104252,2026-03-10,Paid Search,Google Ads - Generic,0,Visitor,0
101001,2026-06-21,Organic Search,SEO - Product Pages,0,Visitor,0
100406,2026-01-27,Organic Search,SEO - Blog,0,Visitor,0
100062,2026-03-24,Organic Search,SEO - Blog,0,Visitor,0
102964,2026-04-09,Paid Search,Google Ads - Brand,0,Visitor,0
103764,2026-05-17,Paid Search,Google Ads - Generic,48,Lead,0
102718,2026-05-02,Organic Search,SEO - Blog,0,Visitor,0
101931,2026-04-08,Organic Search,SEO - Blog,0,Visitor,0
103707,2026-06-24,Paid Search,Google Ads - Brand,0,Visitor,0
106380,2026-01-30,Social Media,LinkedIn Ads,0,Visitor,0
103250,2026-04-29,Paid Search,Google Ads - Generic,0,Visitor,0
108228,2026-06-11,Email,Product Drip Campaign,8,Lead,0
107489,2026-03-05,Social Media,LinkedIn Ads,0,Visitor,0
100841,2026-02-17,Organic Search,SEO - Product Pages,0,Visitor,0
106589,2026-05-11,Social Media,Facebook Ads,0,Visitor,0
102236,2026-04-08,Organic Search,SEO - Blog,0,Visitor,0
108696,2026-03-09,Email,Product Drip Campaign,0,Visitor,0
103872,2026-05-09,Paid Search,Google Ads - Brand,0,Visitor,0
106640,2026-05-17,Social Media,Instagram Ads,35,Lead,0
103295,2026-02-05,Paid Search,Google Ads - Brand,0,Visitor,0
103912,2026-03-13,Paid Search,Google Ads - Generic,0,Visitor,0
101079,2026-05-26,Organic Search,SEO - Product Pages,0,Visitor,0
103259,2026-04-30,Paid Search,Google Ads - Brand,0,Visitor,0
101073,2026-05-10,Organic Search,SEO - Blog,0,Visitor,0
108760,2026-03-01,Email,Newsletter,0,Visitor,0
106594,2026-04-21,Social Media,Instagram Ads,0,Visitor,0
104058,2026-02-21,Paid Search,Google Ads - Generic,0,Visitor,0
107942,2026-01-17,Email,Newsletter,0,Visitor,0
103572,2026-04-08,Paid Search,Unknown / Untagged,48,Lead,0
104797,2026-05-03,Paid Search,Google Ads - Brand,48,Lead,0
105573,2026-04-28,Social Media,Instagram Ads,0,Visitor,0
102290,2026-04-27,Organic Search,SEO - Blog,0,Visitor,0
101621,2026-04-06,Organic Search,SEO - Product Pages,12,Lead,0
108592,2026-04-04,Email,Product Drip Campaign,8,SQL,0
106501,2026-03-23,Social Media,LinkedIn Ads,0,Visitor,0
108067,2026-04-13,Email,Newsletter,0,Visitor,0
111399,2026-02-07,Direct,Direct/None,0,Visitor,0
105268,2026-04-09,Paid Search,Google Ads - Brand,0,Visitor,0
110502,2026-04-25,Direct,Direct/None,0,MQL,0
105418,2026-03-29,Social Media,LinkedIn Ads,0,Visitor,0
103994,2026-04-27,Paid Search,Google Ads - Generic,0,Visitor,0
105881,2026-05-03,Social Media,Facebook Ads,0,Visitor,0
108911,2026-03-30,Email,Product Drip Campaign,8,MQL,0
106822,2026-02-06,Social Media,LinkedIn Ads,35,Lead,0
107442,2026-04-07,Social Media,Facebook Ads,0,Visitor,0
104060,2026-02-21,Paid Search,Google Ads - Generic,0,Visitor,0
111109,2026-05-10,Direct,Direct/None,0,Visitor,0
105593,2026-04-25,Social Media,Facebook Ads,0,Visitor,0
105030,2026-05-30,Paid Search,Google Ads - Generic,0,Visitor,0
101883,2026-01-28,Organic Search,SEO - Blog,0,Visitor,0
100511,2026-04-07,Organic Search,SEO - Blog,0,Visitor,0
108261,2026-03-10,Email,Newsletter,0,Visitor,0
101258,2026-04-27,Organic Search,SEO - Blog,0,Visitor,0
103547,2026-05-19,Paid Search,Google Ads - Generic,0,Visitor,0
105139,2026-05-05,Paid Search,Google Ads - Generic,0,Visitor,0
110833,2026-05-02,Direct,Direct/None,0,Visitor,0
110519,2026-02-08,Direct,Direct/None,0,Visitor,0
102867,2026-04-24,Organic Search,SEO - Product Pages,0,Visitor,0
103716,2026-03-30,Paid Search,Google Ads - Generic,0,Visitor,0
100984,2026-03-20,Organic Search,SEO - Blog,12,Lead,0
103067,2026-04-04,Paid Search,Google Ads - Brand,0,Visitor,0
103525,2026-02-24,Paid Search,Google Ads - Brand,0,Visitor,0
107727,2026-06-15,Social Media,LinkedIn Ads,0,Visitor,0
110188,2026-04-07,Referral,Customer Referral Program,0,Visitor,0
108366,2026-04-20,Email,Newsletter,0,Visitor,0
101203,2026-05-04,Organic Search,SEO - Blog,0,Visitor,0
101479,2026-04-09,Organic Search,SEO - Product Pages,0,Visitor,0
100581,2026-03-03,Organic Search,SEO - Product Pages,0,Visitor,0
101265,2026-02-06,Organic Search,SEO - Blog,0,Visitor,0
107981,2026-05-03,Email,Newsletter,0,Visitor,0
109742,2026-05-29,Referral,Customer Referral Program,5,MQL,0
108598,2026-05-02,Email,Newsletter,8,Lead,0
111103,2026-03-30,Direct,Direct/None,0,Visitor,0
107014,2026-06-15,Social Media,LinkedIn Ads,0,Visitor,0
101397,2026-03-09,Organic Search,SEO - Product Pages,0,Visitor,0
102649,2026-04-01,Organic Search,SEO - Product Pages,12,MQL,0
102102,2026-04-30,Organic Search,SEO - Blog,0,Visitor,0
111419,2026-04-14,Direct,Direct/None,0,Visitor,0
108825,2026-02-24,Email,Newsletter,0,Visitor,0
111118,2026-04-23,Direct,Direct/None,0,Visitor,0
103145,2026-05-02,Paid Search,Google Ads - Brand,48,MQL,0
106642,2026-02-07,Social Media,Facebook Ads,0,Visitor,0
107797,2026-04-22,Social Media,LinkedIn Ads,0,Visitor,0
107829,2026-04-05,Social Media,Instagram Ads,0,Visitor,0
108885,2026-03-06,Email,Newsletter,0,Visitor,0
107128,2026-03-16,Social Media,LinkedIn Ads,0,Visitor,0
107953,2026-02-23,Email,Newsletter,0,Visitor,0
102811,2026-05-21,Organic Search,SEO - Blog,0,Visitor,0
108561,2026-04-25,Email,Newsletter,0,Visitor,0
108253,2026-05-11,Email,Newsletter,8,SQL,0
105117,2026-05-24,Paid Search,Google Ads - Generic,0,Visitor,0
110592,2026-04-10,Direct,Direct/None,0,Visitor,0
109308,2026-04-12,Referral,Customer Referral Program,0,Visitor,0
109870,2026-04-08,Referral,Customer Referral Program,0,Visitor,0
108059,2026-04-25,Email,Newsletter,0,Visitor,0
110175,2026-04-13,Referral,Customer Referral Program,0,Visitor,0
107109,2026-02-16,Social Media,LinkedIn Ads,0,Visitor,0
101492,2026-04-23,Organic Search,SEO - Product Pages,0,Visitor,0
101673,2026-05-20,Organic Search,SEO - Product Pages,0,Visitor,0
110763,2026-03-05,Direct,Direct/None,0,Visitor,0
110212,2026-04-11,Direct,Direct/None,0,MQL,0
110795,2026-03-01,Direct,Direct/None,0,Visitor,0
106110,2026-02-09,Social Media,Facebook Ads,0,Visitor,0
108360,2026-04-21,Email,Newsletter,0,Visitor,0
106981,2026-04-19,Social Media,Instagram Ads,0,Visitor,0
107443,2026-02-12,Social Media,Facebook Ads,0,Visitor,0
103914,2026-05-29,Paid Search,Google Ads - Brand,0,Visitor,0
100990,2026-04-09,Organic Search,Unknown / Untagged,0,Visitor,0
111539,2026-04-20,Direct,Direct/None,0,Visitor,0
104116,2026-05-10,Paid Search,Google Ads - Generic,0,Visitor,0
100837,2026-05-13,Organic Search,SEO - Blog,0,Visitor,0
111394,2026-03-31,Direct,Direct/None,0,Visitor,0
106358,2026-04-27,Social Media,LinkedIn Ads,0,Visitor,0
110550,2026-03-19,Direct,Direct/None,0,Visitor,0
104783,2026-03-22,Paid Search,Google Ads - Generic,0,Visitor,0
100165,2026-05-26,Organic Search,SEO - Blog,0,Visitor,0
101920,2026-04-19,Organic Search,SEO - Blog,0,Visitor,0
108666,2026-02-25,Email,Newsletter,0,Visitor,0
101914,2026-05-12,Organic Search,SEO - Blog,12,SQL,0
108186,2026-06-01,Email,Product Drip Campaign,8,MQL,0
104407,2026-04-22,Paid Search,Google Ads - Brand,48,Lead,0
110173,2026-04-10,Referral,Partner Referral,0,Visitor,0
107807,2026-05-24,Social Media,LinkedIn Ads,0,Visitor,0
100139,2026-05-02,Organic Search,SEO - Blog,0,Visitor,0
108271,2026-04-08,Email,Newsletter,0,Visitor,0
102886,2026-03-14,Paid Search,Google Ads - Brand,0,Visitor,0
106394,2026-03-18,Social Media,LinkedIn Ads,0,Visitor,0
111380,2026-03-09,Direct,Direct/None,0,Visitor,0
101387,2026-04-24,Organic Search,SEO - Blog,0,Visitor,0
107099,2026-02-27,Social Media,LinkedIn Ads,0,Visitor,0
101022,2026-03-31,Organic Search,SEO - Blog,0,Visitor,0
102079,2026-04-18,Organic Search,SEO - Product Pages,12,Lead,0
108519,2026-04-02,Email,Newsletter,0,Visitor,0
106253,2026-06-04,Social Media,LinkedIn Ads,35,Lead,0
100027,2026-05-01,Organic Search,SEO - Blog,0,Visitor,0
100301,2026-05-02,Organic Search,SEO - Blog,0,Visitor,0
107521,2026-02-21,Social Media,Facebook Ads,0,Visitor,0
101705,2026-02-18,Organic Search,SEO - Product Pages,0,Visitor,0
104377,2026-06-18,Paid Search,Google Ads - Generic,0,Visitor,0
111375,2026-03-16,Direct,Direct/None,0,Visitor,0
100360,2026-05-08,Organic Search,SEO - Blog,0,Visitor,0
101958,2026-03-07,Organic Search,SEO - Blog,0,Visitor,0
107317,2026-04-16,Social Media,Instagram Ads,0,Visitor,0
100509,2026-02-26,Organic Search,SEO - Product Pages,0,Visitor,0
102216,2026-04-23,Organic Search,SEO - Product Pages,12,Lead,0
110764,2026-01-30,Direct,Direct/None,0,Visitor,0
100792,2026-04-23,Organic Search,SEO - Product Pages,0,Visitor,0
109121,2026-01-25,Referral,Customer Referral Program,0,Visitor,0
102523,2026-04-04,Organic Search,SEO - Product Pages,0,Visitor,0
108320,2026-05-10,Email,Product Drip Campaign,0,Visitor,0
107259,2026-04-23,Social Media,Facebook Ads,0,Visitor,0
102851,2026-05-01,Organic Search,SEO - Blog,0,Visitor,0
111526,2026-03-27,Direct,Direct/None,0,Visitor,0
101514,2026-04-11,Organic Search,SEO - Blog,0,Visitor,0
107955,2026-01-22,Email,Product Drip Campaign,0,Visitor,0
101870,2026-03-10,Organic Search,SEO - Product Pages,0,Visitor,0
111592,2026-05-14,Direct,Direct/None,0,Visitor,0
102909,2026-04-09,Paid Search,Google Ads - Generic,0,Visitor,0
108841,2026-03-07,Email,Newsletter,8,MQL,0
106772,2026-03-31,Social Media,Facebook Ads,0,Visitor,0
111456,2026-02-27,Direct,Direct/None,0,Visitor,0
110335,2026-05-12,Direct,Direct/None,0,MQL,0
101275,2026-02-23,Organic Search,SEO - Product Pages,12,Lead,0
110362,2026-03-22,Direct,Direct/None,0,Visitor,0
108963,2026-03-15,Email,Newsletter,8,MQL,0
109938,2026-03-22,Referral,Customer Referral Program,5,Lead,0
109317,2026-04-06,Referral,Customer Referral Program,5,SQL,0
100994,2026-05-30,Organic Search,SEO - Product Pages,0,Visitor,0
104121,2026-05-26,Paid Search,Google Ads - Generic,0,Visitor,0
102925,2026-04-12,Paid Search,Google Ads - Brand,48,Lead,0
106113,2026-05-29,Social Media,LinkedIn Ads,0,Visitor,0
110143,2026-04-16,Referral,Customer Referral Program,0,Visitor,0
105299,2026-06-05,Social Media,Facebook Ads,0,Visitor,0
107072,2026-06-05,Social Media,Instagram Ads,0,Visitor,0
104809,2026-04-17,Paid Search,Google Ads - Brand,0,Visitor,0
107691,2026-04-13,Social Media,LinkedIn Ads,0,Visitor,0
100146,2026-04-12,Organic Search,SEO - Product Pages,0,Visitor,0
102538,2026-03-07,Organic Search,SEO - Blog,0,Visitor,0
108710,2026-03-07,Email,Newsletter,8,MQL,0
100579,2026-04-17,Organic Search,SEO - Blog,0,Visitor,0
106270,2026-04-13,Social Media,Instagram Ads,0,Visitor,0
110919,2026-04-11,Direct,Direct/None,0,Visitor,0
100128,2026-05-19,Organic Search,SEO - Product Pages,0,Visitor,0
102812,2026-03-05,Organic Search,SEO - Product Pages,0,Visitor,0
105403,2026-04-12,Social Media,Facebook Ads,0,Visitor,0
109743,2026-03-15,Referral,Partner Referral,0,Visitor,0
109540,2026-04-19,Referral,Customer Referral Program,0,Visitor,0
106447,2026-03-04,Social Media,Instagram Ads,0,Visitor,0
100504,2026-03-29,Organic Search,SEO - Blog,0,Visitor,0
103561,2026-04-16,Paid Search,Google Ads - Generic,0,Visitor,0
105779,2026-03-17,Social Media,Facebook Ads,0,Visitor,0
107068,2026-03-21,Social Media,Facebook Ads,35,SQL,0
102850,2026-02-23,Organic Search,SEO - Product Pages,12,Lead,0
106776,2026-04-24,Social Media,Facebook Ads,0,Visitor,0
103068,2026-04-03,Paid Search,Google Ads - Generic,0,Visitor,0
102307,2026-04-03,Organic Search,SEO - Product Pages,0,Visitor,0
102638,2026-03-09,Organic Search,SEO - Product Pages,0,Visitor,0
109959,2026-03-28,Referral,Customer Referral Program,0,Visitor,0
104393,2026-02-22,Paid Search,Google Ads - Generic,0,Visitor,0
110159,2026-03-26,Referral,Customer Referral Program,5,Lead,0
103370,2026-01-25,Paid Search,Google Ads - Generic,0,Visitor,0
102870,2026-03-18,Organic Search,SEO - Blog,12,Lead,0
103602,2026-04-22,Paid Search,Google Ads - Brand,48,Lead,0
104152,2026-02-06,Paid Search,Google Ads - Generic,48,SQL,0
100894,2026-03-18,Organic Search,SEO - Product Pages,0,Visitor,0
107223,2026-03-09,Social Media,LinkedIn Ads,0,Visitor,0
103388,2026-04-18,Paid Search,Google Ads - Brand,0,Visitor,0
103604,2026-04-30,Paid Search,Google Ads - Brand,48,Lead,0
109405,2026-04-01,Referral,Partner Referral,0,Visitor,0
106429,2026-05-27,Social Media,LinkedIn Ads,0,Visitor,0
100282,2026-03-31,Organic Search,SEO - Blog,0,Visitor,0
107353,2026-05-10,Social Media,LinkedIn Ads,0,Visitor,0
108317,2026-05-16,Email,Product Drip Campaign,0,Visitor,0
111520,2026-05-08,Direct,Direct/None,0,Visitor,0
100111,2026-03-14,Organic Search,SEO - Product Pages,0,Visitor,0
109889,2026-03-18,Referral,Customer Referral Program,5,MQL,0
108279,2026-02-05,Email,Newsletter,8,Lead,0
101716,2026-03-30,Organic Search,SEO - Product Pages,12,Lead,0
104379,2026-05-05,Paid Search,Google Ads - Brand,0,Visitor,0
104056,2026-05-04,Paid Search,Google Ads - Brand,0,Visitor,0
106313,2026-03-03,Social Media,LinkedIn Ads,0,Visitor,0
103836,2026-03-29,Paid Search,Google Ads - Brand,0,Visitor,0
106396,2026-05-22,Social Media,Facebook Ads,0,Visitor,0
107731,2026-04-12,Social Media,Facebook Ads,0,Visitor,0
107114,2026-05-24,Social Media,LinkedIn Ads,35,MQL,0
105371,2026-04-24,Social Media,Facebook Ads,0,Visitor,0
108527,2026-03-11,Email,Newsletter,0,Visitor,0
110925,2026-04-29,Direct,Direct/None,0,Visitor,0
103171,2026-01-16,Paid Search,Google Ads - Generic,0,Visitor,0
108010,2026-04-25,Email,Product Drip Campaign,0,Visitor,0
103215,2026-01-15,Paid Search,Google Ads - Generic,0,Visitor,0
108993,2026-04-24,Email,Newsletter,0,Visitor,0
108221,2026-04-04,Email,Newsletter,8,Lead,0
104572,2026-06-10,Paid Search,Google Ads - Brand,0,Visitor,0
104739,2026-04-09,Paid Search,Google Ads - Generic,0,Visitor,0
106231,2026-05-02,Social Media,LinkedIn Ads,35,Lead,0
107367,2026-03-24,Social Media,Facebook Ads,0,Visitor,0
105805,2026-02-09,Social Media,LinkedIn Ads,0,Visitor,0
108161,2026-04-14,Email,Product Drip Campaign,0,Visitor,0
104279,2026-04-24,Paid Search,Google Ads - Brand,0,Visitor,0
103151,2026-05-15,Paid Search,Google Ads - Generic,48,Lead,0
107697,2026-03-17,Social Media,Instagram Ads,0,Visitor,0
102062,2026-02-02,Organic Search,SEO - Blog,0,Visitor,0
100185,2026-05-13,Organic Search,SEO - Product Pages,0,Visitor,0
104076,2026-04-18,Paid Search,Google Ads - Generic,0,Visitor,0
106495,2026-03-10,Social Media,Facebook Ads,0,Visitor,0
107920,2026-03-09,Social Media,Instagram Ads,0,Visitor,0
108282,2026-05-06,Email,Product Drip Campaign,0,Visitor,0
105506,2026-04-05,Social Media,LinkedIn Ads,0,Visitor,0
110749,2026-02-18,Direct,Direct/None,0,MQL,0
106936,2026-05-08,Social Media,LinkedIn Ads,0,Visitor,0
103187,2026-04-14,Paid Search,Google Ads - Generic,0,Visitor,0
104649,2026-05-12,Paid Search,Google Ads - Generic,0,Visitor,0
106717,2026-06-28,Social Media,LinkedIn Ads,0,Visitor,0
107331,2026-05-03,Social Media,Instagram Ads,0,Visitor,0
106785,2026-06-10,Social Media,Instagram Ads,35,Lead,0
111002,2026-05-17,Direct,Direct/None,0,Visitor,0
106269,2026-06-18,Social Media,Facebook Ads,0,Visitor,0
104873,2026-03-20,Paid Search,Google Ads - Brand,0,Visitor,0
108091,2026-04-21,Email,Newsletter,0,Visitor,0
101882,2026-05-31,Organic Search,SEO - Product Pages,0,Visitor,0
100905,2026-05-01,Organic Search,SEO - Product Pages,0,Visitor,0
102377,2026-04-09,Organic Search,SEO - Blog,0,Visitor,0
103093,2026-04-01,Paid Search,Google Ads - Brand,0,Visitor,0
103588,2026-05-06,Paid Search,Google Ads - Brand,48,Lead,0
108928,2026-05-15,Email,Newsletter,0,Visitor,0
106539,2026-05-09,Social Media,Facebook Ads,35,Lead,0
107174,2026-03-23,Social Media,Facebook Ads,0,Visitor,0
110762,2026-02-20,Direct,Direct/None,0,Visitor,0
103407,2026-06-04,Paid Search,Google Ads - Brand,0,Visitor,0
111576,2026-06-13,Direct,Direct/None,0,Visitor,0
104602,2026-04-15,Paid Search,Google Ads - Generic,0,Visitor,0
105872,2026-04-06,Social Media,Facebook Ads,0,Visitor,0
109926,2026-04-02,Referral,Partner Referral,0,Visitor,0
110034,2026-03-14,Referral,Partner Referral,0,Visitor,0
101580,2026-03-22,Organic Search,SEO - Product Pages,0,Visitor,0
100454,2026-06-09,Organic Search,SEO - Product Pages,0,Visitor,0
101222,2026-03-31,Organic Search,SEO - Product Pages,0,Visitor,0
105997,2026-04-19,Social Media,Facebook Ads,0,Visitor,0
107385,2026-04-08,Social Media,LinkedIn Ads,0,Visitor,0
102512,2026-04-24,Organic Search,SEO - Blog,0,Visitor,0
101172,2026-05-31,Organic Search,SEO - Blog,12,Lead,0
102723,2026-05-01,Organic Search,SEO - Product Pages,0,Visitor,0
111757,2026-06-20,Direct,Direct/None,0,Visitor,0
101534,2026-03-29,Organic Search,SEO - Product Pages,0,Visitor,0
102225,2026-03-05,Organic Search,SEO - Product Pages,0,Visitor,0
106707,2026-05-02,Social Media,Instagram Ads,0,Visitor,0
101525,2026-03-31,Organic Search,SEO - Product Pages,0,Visitor,0
101186,2026-03-01,Organic Search,SEO - Product Pages,0,Visitor,0
104968,2026-04-28,Paid Search,Google Ads - Brand,0,Visitor,0
102306,2026-02-21,Organic Search,SEO - Product Pages,0,Visitor,0
111362,2026-05-07,Direct,Direct/None,0,Visitor,0
110621,2026-02-05,Direct,Direct/None,0,Visitor,0
102026,2026-03-30,Organic Search,SEO - Blog,0,Visitor,0
107387,2026-01-06,Social Media,LinkedIn Ads,0,Visitor,0
104892,2026-05-06,Paid Search,Google Ads - Brand,0,Visitor,0
101427,2026-03-29,Organic Search,SEO - Blog,0,Visitor,0
107303,2026-04-09,Social Media,Instagram Ads,0,Visitor,0
102443,2026-03-20,Organic Search,SEO - Blog,12,MQL,0
108553,2026-02-17,Email,Product Drip Campaign,0,Visitor,0
105352,2026-02-14,Social Media,LinkedIn Ads,0,Visitor,0
107092,2026-04-06,Social Media,Facebook Ads,0,Visitor,0
106577,2026-03-30,Social Media,Instagram Ads,0,Visitor,0
107718,2026-05-04,Social Media,Instagram Ads,0,Visitor,0
111641,2026-05-01,Direct,Direct/None,0,Visitor,0
102315,2026-04-08,Organic Search,SEO - Blog,0,Visitor,0
107698,2026-05-13,Social Media,Instagram Ads,0,Visitor,0
100432,2026-04-06,Organic Search,SEO - Product Pages,0,Visitor,0
105060,2026-05-12,Paid Search,Google Ads - Brand,48,SQL,0
106008,2026-03-09,Social Media,Facebook Ads,0,Visitor,0
111791,2026-03-24,Direct,Direct/None,0,Visitor,0
102888,2026-05-27,Paid Search,Google Ads - Brand,0,Visitor,0
108002,2026-04-12,Email,Product Drip Campaign,0,Visitor,0
109492,2026-03-04,Referral,Partner Referral,0,Visitor,0
104957,2026-03-03,Paid Search,Google Ads - Generic,0,Visitor,0
104427,2026-04-26,Paid Search,Google Ads - Brand,0,Visitor,0
109935,2026-03-26,Referral,Customer Referral Program,5,Lead,0
105928,2026-02-02,Social Media,Instagram Ads,0,Visitor,0
101027,2026-06-04,Organic Search,SEO - Blog,0,Visitor,0
100986,2026-04-22,Organic Search,SEO - Blog,0,Visitor,0
101982,2026-02-26,Organic Search,SEO - Blog,12,Lead,0
101033,2026-03-02,Organic Search,SEO - Blog,0,Visitor,0
108852,2026-01-28,Email,Product Drip Campaign,0,Visitor,0
100312,2026-04-30,Organic Search,SEO - Product Pages,0,Visitor,0
102579,2026-04-18,Organic Search,SEO - Blog,12,MQL,0
108856,2026-05-21,Email,Newsletter,0,Visitor,0
105999,2026-04-17,Social Media,Instagram Ads,0,Visitor,0
110251,2026-05-15,Direct,Direct/None,0,Lead,0
104325,2026-02-16,Paid Search,Google Ads - Brand,0,Visitor,0
103282,2026-04-20,Paid Search,Google Ads - Generic,48,MQL,0
103774,2026-04-11,Paid Search,Google Ads - Brand,0,Visitor,0
103625,2026-03-29,Paid Search,Google Ads - Brand,48,Lead,0
106727,2026-01-26,Social Media,LinkedIn Ads,0,Visitor,0
105635,2026-04-01,Social Media,LinkedIn Ads,0,Visitor,0
111562,2026-02-21,Direct,Direct/None,0,Visitor,0
108328,2026-06-28,Email,Newsletter,0,Visitor,0
106421,2026-06-15,Social Media,Instagram Ads,35,Lead,0
101939,2026-03-27,Organic Search,SEO - Product Pages,12,MQL,0
111296,2026-01-15,Direct,Direct/None,0,Visitor,0
106513,2026-04-05,Social Media,Facebook Ads,0,Visitor,0
111247,2026-05-03,Direct,Direct/None,0,Visitor,0
109895,2026-06-08,Referral,Partner Referral,0,Visitor,0
104069,2026-03-21,Paid Search,Google Ads - Brand,0,Visitor,0
106265,2026-05-01,Social Media,LinkedIn Ads,0,Visitor,0
100852,2026-02-06,Organic Search,SEO - Blog,0,Visitor,0
102682,2026-02-09,Organic Search,SEO - Blog,0,Visitor,0
103064,2026-04-01,Paid Search,Google Ads - Brand,0,Visitor,0
102671,2026-05-20,Organic Search,SEO - Blog,0,Visitor,0
108783,2026-04-03,Email,Product Drip Campaign,0,Visitor,0
101515,2026-03-12,Organic Search,SEO - Product Pages,0,Visitor,0
100627,2026-05-11,Organic Search,SEO - Blog,0,Visitor,0
101061,2026-03-03,Organic Search,SEO - Blog,0,Visitor,0
104065,2026-06-18,Paid Search,Google Ads - Brand,0,Visitor,0
103855,2026-03-31,Paid Search,Google Ads - Brand,48,Lead,0
101404,2026-04-24,Organic Search,SEO - Product Pages,0,Visitor,0
110847,2026-03-17,Direct,Direct/None,0,Visitor,0
104620,2026-04-13,Paid Search,Google Ads - Generic,48,MQL,0
102414,2026-05-03,Organic Search,SEO - Blog,0,Visitor,0
100866,2026-04-17,Organic Search,SEO - Product Pages,0,Visitor,0
104046,2026-03-23,Paid Search,Google Ads - Generic,0,Visitor,0
106671,2026-05-22,Social Media,Facebook Ads,0,Visitor,0
101107,2026-03-04,Organic Search,SEO - Product Pages,0,Visitor,0
100595,2026-05-30,Organic Search,SEO - Product Pages,0,Visitor,0
105260,2026-04-25,Paid Search,Google Ads - Brand,0,Visitor,0
105354,2026-04-22,Social Media,LinkedIn Ads,0,Visitor,0
104228,2026-06-01,Paid Search,Google Ads - Generic,0,Visitor,0
100600,2026-03-24,Organic Search,SEO - Blog,0,Visitor,0
111473,2026-04-25,Direct,Direct/None,0,Visitor,0
110207,2026-04-10,Direct,Direct/None,0,Visitor,0
109728,2026-05-21,Referral,Customer Referral Program,0,Visitor,0
102332,2026-03-15,Organic Search,SEO - Blog,0,Visitor,0
107524,2026-03-06,Social Media,Instagram Ads,35,Lead,0
106251,2026-03-26,Social Media,Instagram Ads,0,Visitor,0
102352,2026-04-28,Organic Search,SEO - Blog,0,Visitor,0
101147,2026-03-24,Organic Search,SEO - Product Pages,0,Visitor,0
110225,2026-01-22,Direct,Direct/None,0,Visitor,0
102652,2026-04-21,Organic Search,SEO - Product Pages,0,Visitor,0
110119,2026-02-01,Referral,Customer Referral Program,0,Visitor,0
101797,2026-03-10,Organic Search,SEO - Blog,0,Visitor,0
102288,2026-04-17,Organic Search,SEO - Blog,0,Visitor,0
107582,2026-06-25,Social Media,LinkedIn Ads,0,Visitor,0
109734,2026-05-22,Referral,Customer Referral Program,0,Visitor,0
108615,2026-05-19,Email,Product Drip Campaign,0,Visitor,0
105971,2026-04-27,Social Media,LinkedIn Ads,0,Visitor,0
106238,2026-04-05,Social Media,LinkedIn Ads,35,SQL,0
100295,2026-05-15,Organic Search,SEO - Product Pages,0,Visitor,0
107371,2026-06-18,Social Media,Facebook Ads,0,Visitor,0
102192,2026-04-17,Organic Search,SEO - Blog,0,Visitor,0
108098,2026-01-27,Email,Newsletter,0,Visitor,0
111880,2026-05-17,Direct,Direct/None,0,Visitor,0
105431,2026-03-24,Social Media,LinkedIn Ads,0,Visitor,0
110508,2026-05-10,Direct,Direct/None,0,Visitor,0
110081,2026-03-07,Referral,Partner Referral,5,SQL,0
111158,2026-03-06,Direct,Direct/None,0,Visitor,0
107238,2026-01-27,Social Media,Facebook Ads,0,Visitor,0
104088,2026-05-05,Paid Search,Google Ads - Brand,0,Visitor,0
106422,2026-03-15,Social Media,Instagram Ads,0,Visitor,0
109329,2026-03-22,Referral,Partner Referral,5,MQL,0
105916,2026-04-26,Social Media,Facebook Ads,0,Visitor,0
102911,2026-03-15,Paid Search,Google Ads - Brand,0,Visitor,0
104980,2026-02-16,Paid Search,Google Ads - Brand,0,Visitor,0
110778,2026-04-14,Direct,Direct/None,0,Visitor,0
109731,2026-05-16,Referral,Partner Referral,0,Visitor,0
106914,2026-05-22,Social Media,Instagram Ads,0,Visitor,0
108304,2026-05-04,Email,Newsletter,0,Visitor,0
102593,2026-06-10,Organic Search,SEO - Blog,0,Visitor,0
100187,2026-05-31,Organic Search,SEO - Product Pages,0,Visitor,0
109932,2026-03-18,Referral,Partner Referral,5,SQL,0
100318,2026-05-15,Organic Search,SEO - Blog,0,Visitor,0
110183,2026-03-31,Referral,Customer Referral Program,0,Visitor,0
101438,2026-03-16,Organic Search,SEO - Blog,0,Visitor,0
102250,2026-03-23,Organic Search,SEO - Product Pages,0,Visitor,0
105356,2026-06-06,Social Media,Instagram Ads,0,Visitor,0
102719,2026-01-05,Organic Search,SEO - Blog,0,Visitor,0
111285,2026-04-26,Direct,Direct/None,0,Visitor,0
101556,2026-01-16,Organic Search,SEO - Blog,0,Visitor,0
111357,2026-03-06,Direct,Direct/None,0,MQL,0
109513,2026-05-14,Referral,Partner Referral,0,Visitor,0
104212,2026-04-12,Paid Search,Google Ads - Brand,48,SQL,0
107581,2026-03-21,Social Media,Instagram Ads,0,Visitor,0
110301,2026-05-28,Direct,Direct/None,0,Visitor,0
111505,2026-03-27,Direct,Direct/None,0,Visitor,0
108724,2026-04-28,Email,Newsletter,8,MQL,0
108267,2026-05-09,Email,Newsletter,0,Visitor,0
106464,2026-02-23,Social Media,Facebook Ads,0,Visitor,0
103346,2026-03-08,Paid Search,Unknown / Untagged,48,MQL,0
100004,2026-02-03,Organic Search,SEO - Product Pages,0,Visitor,0
109097,2026-05-04,Email,Newsletter,0,Visitor,0
111904,2026-05-04,Direct,Direct/None,0,Visitor,0
102433,2026-04-09,Organic Search,SEO - Product Pages,0,Visitor,0
109775,2026-04-25,Referral,Customer Referral Program,5,Lead,0
110801,2026-03-27,Direct,Direct/None,0,Visitor,0
107609,2026-05-10,Social Media,LinkedIn Ads,0,Visitor,0
101003,2026-04-03,Organic Search,SEO - Blog,0,Visitor,0
100633,2026-01-15,Organic Search,Unknown / Untagged,12,MQL,0
107186,2026-01-09,Social Media,Instagram Ads,0,Visitor,0
107116,2026-03-18,Social Media,Facebook Ads,0,Visitor,0
111719,2026-05-03,Direct,Direct/None,0,Visitor,0
102014,2026-02-14,Organic Search,SEO - Product Pages,0,Visitor,0
109636,2026-06-19,Referral,Partner Referral,0,Visitor,0
103228,2026-04-18,Paid Search,Google Ads - Brand,0,Visitor,0
107073,2026-05-12,Social Media,Instagram Ads,0,Visitor,0
108677,2026-03-16,Email,Product Drip Campaign,0,Visitor,0
106094,2026-03-14,Social Media,Facebook Ads,0,Visitor,0
111068,2026-03-16,Direct,Direct/None,0,Visitor,0
108281,2026-05-17,Email,Product Drip Campaign,0,Visitor,0
110557,2026-04-22,Direct,Direct/None,0,Visitor,0
106041,2026-03-16,Social Media,Instagram Ads,0,Visitor,0
105696,2026-01-27,Social Media,Facebook Ads,0,Visitor,0
102003,2026-04-23,Organic Search,SEO - Blog,0,Visitor,0
101333,2026-03-20,Organic Search,SEO - Product Pages,0,Visitor,0
106664,2026-03-02,Social Media,LinkedIn Ads,0,Visitor,0
101351,2026-05-26,Organic Search,SEO - Blog,0,Visitor,0
108482,2026-01-13,Email,Newsletter,0,Visitor,0
111101,2026-02-14,Direct,Direct/None,0,Visitor,0
107422,2026-05-02,Social Media,LinkedIn Ads,0,Visitor,0
104569,2026-03-18,Paid Search,Google Ads - Brand,48,Lead,0
101431,2026-04-13,Organic Search,SEO - Blog,0,Visitor,0
108892,2026-02-27,Email,Newsletter,0,Visitor,0
102745,2026-03-20,Organic Search,SEO - Product Pages,0,Visitor,0
103989,2026-04-19,Paid Search,Google Ads - Generic,0,Visitor,0
109877,2026-05-13,Referral,Partner Referral,0,Visitor,0
106180,2026-03-31,Social Media,Instagram Ads,0,Visitor,0
103622,2026-02-18,Paid Search,Google Ads - Generic,48,MQL,0
104314,2026-03-16,Paid Search,Google Ads - Generic,0,Visitor,0
111289,2026-05-02,Direct,Direct/None,0,Visitor,0
105314,2026-04-14,Social Media,Facebook Ads,0,Visitor,0
103596,2026-04-13,Paid Search,Google Ads - Generic,48,Lead,0
102065,2026-06-19,Organic Search,SEO - Blog,0,Visitor,0
103672,2026-05-07,Paid Search,Google Ads - Generic,48,Lead,0
100651,2026-04-24,Organic Search,SEO - Product Pages,0,Visitor,0
102489,2026-04-09,Organic Search,SEO - Product Pages,0,Visitor,0
105788,2026-03-23,Social Media,Instagram Ads,0,Visitor,0
107772,2026-03-20,Social Media,Instagram Ads,0,Visitor,0
101582,2026-06-15,Organic Search,SEO - Product Pages,12,Customer,1840
108750,2026-04-28,Email,Product Drip Campaign,0,Visitor,0
107344,2026-04-21,Social Media,Instagram Ads,35,Lead,0
103782,2026-03-08,Paid Search,Google Ads - Brand,48,Lead,0
110042,2026-04-04,Referral,Partner Referral,0,Visitor,0
102899,2026-04-24,Paid Search,Google Ads - Brand,0,Visitor,0
104456,2026-03-17,Paid Search,Google Ads - Brand,0,Visitor,0
101961,2026-04-29,Organic Search,SEO - Blog,0,Visitor,0
101028,2026-04-15,Organic Search,SEO - Blog,0,Visitor,0
111975,2026-04-25,Direct,Direct/None,0,Visitor,0
102205,2026-04-13,Organic Search,SEO - Product Pages,0,Visitor,0
109444,2026-03-26,Referral,Partner Referral,5,Customer,1491
100420,2026-04-06,Organic Search,SEO - Blog,0,Visitor,0
105904,2026-03-08,Social Media,LinkedIn Ads,0,Visitor,0
107856,2026-03-24,Social Media,LinkedIn Ads,0,Visitor,0
104185,2026-04-16,Paid Search,Google Ads - Brand,48,Lead,0
111954,2026-03-06,Direct,Direct/None,0,Visitor,0
105885,2026-02-26,Social Media,Instagram Ads,0,Visitor,0
105758,2026-04-16,Social Media,Instagram Ads,0,Visitor,0
110664,2026-05-23,Direct,Direct/None,0,Lead,0
100978,2026-02-24,Organic Search,SEO - Product Pages,12,SQL,0
104883,2026-01-17,Paid Search,Google Ads - Brand,0,Visitor,0
100371,2026-03-20,Organic Search,SEO - Product Pages,0,Visitor,0
107792,2026-02-08,Social Media,Facebook Ads,0,Visitor,0
106693,2026-04-15,Social Media,Instagram Ads,0,Visitor,0
109495,2026-04-24,Referral,Partner Referral,0,Visitor,0
101183,2026-05-21,Organic Search,SEO - Blog,12,MQL,0
110538,2026-05-03,Direct,Direct/None,0,Visitor,0
107523,2026-02-18,Social Media,Instagram Ads,0,Visitor,0
109311,2026-02-22,Referral,Partner Referral,0,Visitor,0
110996,2026-02-24,Direct,Direct/None,0,Lead,0
111311,2026-05-10,Direct,Direct/None,0,Visitor,0
107086,2026-06-10,Social Media,Facebook Ads,0,Visitor,0
101071,2026-02-01,Organic Search,SEO - Blog,0,Visitor,0
111522,2026-05-21,Direct,Direct/None,0,Visitor,0
109609,2026-04-08,Referral,Customer Referral Program,0,Visitor,0
110645,2026-04-16,Direct,Direct/None,0,Visitor,0
102770,2026-02-02,Organic Search,SEO - Product Pages,0,Visitor,0
100207,2026-03-29,Organic Search,SEO - Blog,12,Lead,0
100503,2026-03-21,Organic Search,SEO - Product Pages,0,Visitor,0
104853,2026-04-15,Paid Search,Google Ads - Generic,0,Visitor,0
111231,2026-01-27,Direct,Direct/None,0,SQL,0
108483,2026-02-11,Email,Product Drip Campaign,0,Visitor,0
104628,2026-01-27,Paid Search,Google Ads - Brand,0,Visitor,0
102087,2026-02-11,Organic Search,SEO - Product Pages,0,Visitor,0
111188,2026-05-05,Direct,Direct/None,0,Customer,1700
100556,2026-05-13,Organic Search,SEO - Product Pages,0,Visitor,0
110752,2026-05-21,Direct,Direct/None,0,Visitor,0
108068,2026-03-15,Email,Newsletter,0,Visitor,0
109310,2026-04-19,Referral,Customer Referral Program,0,Visitor,0
103891,2026-02-24,Paid Search,Google Ads - Brand,0,Visitor,0
110896,2026-02-25,Direct,Direct/None,0,Visitor,0
111234,2026-04-23,Direct,Direct/None,0,Lead,0
106596,2026-04-22,Social Media,LinkedIn Ads,0,Visitor,0
100988,2026-04-13,Organic Search,SEO - Blog,0,Visitor,0
109476,2026-03-28,Referral,Partner Referral,5,Customer,2032
105059,2026-04-09,Paid Search,Google Ads - Generic,0,Visitor,0
106360,2026-02-07,Social Media,Facebook Ads,0,Visitor,0
101976,2026-04-30,Organic Search,SEO - Blog,0,Visitor,0
106545,2026-04-10,Social Media,Instagram Ads,0,Visitor,0
100626,2026-04-20,Organic Search,SEO - Product Pages,0,Visitor,0
100544,2026-06-04,Organic Search,SEO - Product Pages,0,Visitor,0
103718,2026-04-19,Paid Search,Google Ads - Brand,48,Lead,0
110517,2026-05-05,Direct,Direct/None,0,SQL,0
110419,2026-03-30,Direct,Direct/None,0,Visitor,0
106209,2026-05-11,Social Media,Instagram Ads,0,Visitor,0
101565,2026-06-06,Organic Search,SEO - Product Pages,0,Visitor,0
106641,2026-03-23,Social Media,Instagram Ads,0,Visitor,0
110827,2026-03-14,Direct,Direct/None,0,Visitor,0
105212,2026-03-28,Paid Search,Google Ads - Generic,0,Visitor,0
109911,2026-05-23,Referral,Partner Referral,0,Visitor,0
105216,2026-04-03,Paid Search,Google Ads - Brand,0,Visitor,0
102270,2026-03-20,Organic Search,SEO - Blog,0,Visitor,0
101869,2026-05-30,Organic Search,SEO - Product Pages,12,SQL,0
107859,2026-03-18,Social Media,LinkedIn Ads,0,Visitor,0
100713,2026-03-14,Organic Search,SEO - Blog,0,Visitor,0
103071,2026-05-06,Paid Search,Google Ads - Brand,48,MQL,0
110596,2026-04-14,Direct,Direct/None,0,Visitor,0
109028,2026-03-19,Email,Newsletter,0,Visitor,0
102789,2026-04-09,Organic Search,SEO - Blog,0,Visitor,0
109524,2026-05-16,Referral,Customer Referral Program,0,Visitor,0
103274,2026-04-10,Paid Search,Google Ads - Brand,0,Visitor,0
103435,2026-02-15,Paid Search,Google Ads - Brand,0,Visitor,0
108151,2026-05-05,Email,Newsletter,0,Visitor,0
106801,2026-02-27,Social Media,Facebook Ads,0,Visitor,0
104366,2026-03-06,Paid Search,Google Ads - Brand,0,Visitor,0
103945,2026-04-30,Paid Search,Google Ads - Generic,0,Visitor,0
107324,2026-03-16,Social Media,Instagram Ads,0,Visitor,0
108182,2026-03-13,Email,Newsletter,0,Visitor,0
111261,2026-05-20,Direct,Direct/None,0,Visitor,0
110520,2026-04-22,Direct,Direct/None,0,Visitor,0
106310,2026-04-02,Social Media,LinkedIn Ads,0,Visitor,0
111163,2026-03-15,Direct,Direct/None,0,Visitor,0
103862,2026-06-04,Paid Search,Google Ads - Generic,0,Visitor,0
100173,2026-04-12,Organic Search,SEO - Blog,0,Visitor,0
109558,2026-04-09,Referral,Partner Referral,0,Visitor,0
104962,2026-03-06,Paid Search,Google Ads - Generic,0,Visitor,0
109205,2026-03-29,Referral,Customer Referral Program,0,Visitor,0
110876,2026-06-28,Direct,Direct/None,0,Visitor,0
101140,2026-01-15,Organic Search,SEO - Blog,0,Visitor,0
101752,2026-04-15,Organic Search,SEO - Product Pages,0,Visitor,0
102559,2026-04-08,Organic Search,SEO - Product Pages,0,Visitor,0
107571,2026-02-25,Social Media,LinkedIn Ads,35,Lead,0
101760,2026-03-27,Organic Search,SEO - Product Pages,0,Visitor,0
101550,2026-03-21,Organic Search,SEO - Product Pages,0,Visitor,0
101209,2026-03-06,Organic Search,SEO - Product Pages,0,Visitor,0
105236,2026-04-08,Paid Search,Google Ads - Generic,0,Visitor,0
110980,2026-04-17,Direct,Direct/None,0,Visitor,0
101238,2026-05-02,Organic Search,SEO - Product Pages,0,Visitor,0
103041,2026-06-21,Paid Search,Google Ads - Brand,48,MQL,0
105637,2026-03-28,Social Media,Instagram Ads,0,Visitor,0
103469,2026-03-24,Paid Search,Google Ads - Brand,48,MQL,0
109667,2026-04-05,Referral,Partner Referral,5,Lead,0
103642,2026-03-02,Paid Search,Google Ads - Brand,0,Visitor,0
106063,2026-05-01,Social Media,Instagram Ads,0,Visitor,0
108619,2026-03-10,Email,Product Drip Campaign,0,Visitor,0
103201,2026-05-07,Paid Search,Google Ads - Brand,0,Visitor,0
104661,2026-04-13,Paid Search,Google Ads - Generic,0,Visitor,0
110638,2026-04-25,Direct,Direct/None,0,Visitor,0
108667,2026-04-28,Email,Product Drip Campaign,0,Visitor,0
111150,2026-05-23,Direct,Direct/None,0,Visitor,0
109508,2026-05-18,Referral,Partner Referral,5,SQL,0
100440,2026-04-12,Organic Search,SEO - Blog,0,Visitor,0
108478,2026-03-27,Email,Newsletter,8,Lead,0
100665,2026-04-03,Organic Search,SEO - Blog,0,Visitor,0
101425,2026-05-30,Organic Search,SEO - Product Pages,0,Visitor,0
109007,2026-04-09,Email,Product Drip Campaign,0,Visitor,0
108477,2026-02-03,Email,Newsletter,8,MQL,0
106923,2026-03-20,Social Media,Instagram Ads,0,Visitor,0
111646,2026-04-09,Direct,Direct/None,0,Visitor,0
101115,2026-05-27,Organic Search,SEO - Product Pages,0,Visitor,0
109760,2026-04-06,Referral,Partner Referral,5,Lead,0
110447,2026-03-12,Direct,Direct/None,0,MQL,0
101006,2026-03-25,Organic Search,SEO - Blog,0,Visitor,0
100474,2026-04-21,Organic Search,SEO - Product Pages,0,Visitor,0
110064,2026-01-25,Referral,Customer Referral Program,0,Visitor,0
108326,2026-05-18,Email,Newsletter,0,Visitor,0
104803,2026-03-30,Paid Search,Google Ads - Generic,0,Visitor,0
109570,2026-05-15,Referral,Customer Referral Program,0,Visitor,0
107033,2026-05-06,Social Media,Instagram Ads,35,Lead,0
105620,2026-05-10,Social Media,Facebook Ads,0,Visitor,0
108024,2026-02-03,Email,Product Drip Campaign,0,Visitor,0
106666,2026-05-09,Social Media,Instagram Ads,0,Visitor,0
103803,2026-05-16,Paid Search,Google Ads - Generic,0,Visitor,0
106136,2026-06-17,Social Media,LinkedIn Ads,0,Visitor,0
100985,2026-04-22,Organic Search,SEO - Blog,0,Visitor,0
104521,2026-02-21,Paid Search,Google Ads - Brand,48,Lead,0
108533,2026-06-07,Email,Product Drip Campaign,8,Lead,0
105285,2026-02-06,Social Media,LinkedIn Ads,35,MQL,0
100947,2026-03-18,Organic Search,SEO - Blog,0,Visitor,0
107346,2026-05-21,Social Media,Instagram Ads,0,Visitor,0
104579,2026-03-30,Paid Search,Google Ads - Generic,0,Visitor,0
103537,2026-04-30,Paid Search,Google Ads - Generic,0,Visitor,0
110498,2026-04-27,Direct,Direct/None,0,Visitor,0
101458,2026-04-20,Organic Search,SEO - Product Pages,0,Visitor,0
100252,2026-05-02,Organic Search,SEO - Product Pages,12,Lead,0
100333,2026-04-08,Organic Search,SEO - Product Pages,0,Visitor,0
109757,2026-04-21,Referral,Partner Referral,5,Lead,0
105442,2026-03-25,Social Media,Unknown / Untagged,0,Visitor,0
104128,2026-04-11,Paid Search,Google Ads - Brand,0,Visitor,0
100060,2026-05-18,Organic Search,SEO - Product Pages,0,Visitor,0
108613,2026-04-22,Email,Product Drip Campaign,0,Visitor,0
103582,2026-06-01,Paid Search,Google Ads - Generic,48,Lead,0
104322,2026-03-08,Paid Search,Google Ads - Brand,0,Visitor,0
101508,2026-05-06,Organic Search,SEO - Product Pages,0,Visitor,0
110809,2026-05-01,Direct,Direct/None,0,Lead,0
101652,2026-02-23,Organic Search,SEO - Blog,0,Visitor,0
109185,2026-03-17,Referral,Customer Referral Program,5,Customer,1371
106096,2026-01-09,Social Media,Instagram Ads,0,Visitor,0
111218,2026-03-16,Direct,Direct/None,0,Visitor,0
102691,2026-06-03,Organic Search,SEO - Product Pages,0,Visitor,0
102196,2026-04-11,Organic Search,SEO - Product Pages,12,MQL,0
102664,2026-05-15,Organic Search,SEO - Blog,0,Visitor,0
110079,2026-03-13,Referral,Customer Referral Program,5,SQL,0
102699,2026-04-14,Organic Search,SEO - Blog,0,Visitor,0
103708,2026-02-02,Paid Search,Google Ads - Generic,0,Visitor,0
109586,2026-05-09,Referral,Customer Referral Program,5,Customer,1811
106901,2026-05-08,Social Media,Instagram Ads,0,Visitor,0
104537,2026-03-11,Paid Search,Google Ads - Generic,48,Customer,1511
110241,2026-04-20,Direct,Direct/None,0,Visitor,0
110421,2026-03-11,Direct,Direct/None,0,Visitor,0
111322,2026-04-09,Direct,Direct/None,0,Visitor,0
106658,2026-02-03,Social Media,LinkedIn Ads,0,Visitor,0
106336,2026-04-05,Social Media,LinkedIn Ads,0,Visitor,0
107354,2026-06-24,Social Media,LinkedIn Ads,0,Visitor,0
109727,2026-03-21,Referral,Customer Referral Program,0,Visitor,0
110323,2026-05-17,Direct,Direct/None,0,Visitor,0
103618,2026-04-26,Paid Search,Google Ads - Generic,0,Visitor,0
100351,2026-05-02,Organic Search,SEO - Blog,0,Visitor,0
110920,2026-03-01,Direct,Direct/None,0,MQL,0
107962,2026-04-15,Email,Newsletter,0,Visitor,0
104202,2026-03-03,Paid Search,Google Ads - Generic,0,Visitor,0
102359,2026-04-15,Organic Search,SEO - Blog,0,Visitor,0
107990,2026-03-03,Email,Newsletter,8,SQL,0
100443,2026-06-04,Organic Search,SEO - Product Pages,12,Lead,0
107715,2026-03-31,Social Media,Instagram Ads,0,Visitor,0
106191,2026-05-24,Social Media,Instagram Ads,0,Visitor,0
104667,2026-02-05,Paid Search,Google Ads - Brand,0,Visitor,0
108859,2026-03-17,Email,Newsletter,0,Visitor,0
105906,2026-05-08,Social Media,Instagram Ads,35,MQL,0
100654,2026-02-10,Organic Search,SEO - Product Pages,0,Visitor,0
102613,2026-04-13,Organic Search,SEO - Product Pages,0,Visitor,0
101223,2026-04-15,Organic Search,SEO - Product Pages,0,Visitor,0
104688,2026-03-09,Paid Search,Google Ads - Brand,0,Visitor,0
111149,2026-04-01,Direct,Direct/None,0,Visitor,0
106917,2026-02-08,Social Media,LinkedIn Ads,35,MQL,0
111290,2026-04-07,Direct,Direct/None,0,Lead,0
104812,2026-05-24,Paid Search,Google Ads - Brand,0,Visitor,0
105148,2026-04-06,Paid Search,Google Ads - Brand,0,Visitor,0
104779,2026-03-15,Paid Search,Google Ads - Brand,48,MQL,0
102030,2026-06-21,Organic Search,SEO - Blog,12,Lead,0
108288,2026-01-24,Email,Newsletter,8,MQL,0
108774,2026-03-15,Email,Newsletter,0,Visitor,0
108109,2026-03-17,Email,Product Drip Campaign,0,Visitor,0
102634,2026-04-26,Organic Search,SEO - Product Pages,0,Visitor,0
109056,2026-02-11,Email,Newsletter,0,Visitor,0
105226,2026-04-24,Paid Search,Google Ads - Generic,0,Visitor,0
102465,2026-04-02,Organic Search,SEO - Product Pages,0,Visitor,0
105158,2026-05-27,Paid Search,Google Ads - Generic,0,Visitor,0
103084,2026-04-23,Paid Search,Google Ads - Brand,0,Visitor,0
108921,2026-05-15,Email,Product Drip Campaign,0,Visitor,0
110346,2026-02-10,Direct,Direct/None,0,Visitor,0
108045,2026-04-04,Email,Newsletter,0,Visitor,0
108130,2026-05-25,Email,Product Drip Campaign,8,Customer,1480
105144,2026-05-15,Paid Search,Google Ads - Generic,48,MQL,0
102686,2026-02-27,Organic Search,SEO - Product Pages,0,Visitor,0
108635,2026-03-04,Email,Newsletter,0,Visitor,0
108365,2026-02-10,Email,Newsletter,0,Visitor,0
108879,2026-01-29,Email,Newsletter,0,Visitor,0
105828,2026-05-07,Social Media,Instagram Ads,0,Visitor,0
109572,2026-05-30,Referral,Customer Referral Program,0,Visitor,0
110981,2026-03-31,Direct,Direct/None,0,Visitor,0
109577,2026-05-03,Referral,Partner Referral,0,Visitor,0
106307,2026-04-20,Social Media,Instagram Ads,0,Visitor,0
107192,2026-05-21,Social Media,Facebook Ads,0,Visitor,0
103497,2026-04-13,Paid Search,Google Ads - Generic,0,Visitor,0
105367,2026-03-14,Social Media,LinkedIn Ads,0,Visitor,0
103987,2026-04-30,Paid Search,Google Ads - Brand,0,Visitor,0
103166,2026-06-19,Paid Search,Google Ads - Generic,48,Lead,0
103936,2026-01-25,Paid Search,Google Ads - Brand,0,Visitor,0
110585,2026-04-01,Direct,Direct/None,0,Lead,0
104028,2026-05-23,Paid Search,Google Ads - Brand,0,Visitor,0
108374,2026-03-27,Email,Newsletter,0,Visitor,0
102748,2026-02-16,Organic Search,SEO - Blog,0,Visitor,0
104762,2026-03-25,Paid Search,Google Ads - Generic,48,Customer,918
105215,2026-03-19,Paid Search,Google Ads - Generic,0,Visitor,0
101715,2026-03-11,Organic Search,SEO - Blog,0,Visitor,0
103459,2026-01-22,Paid Search,Google Ads - Brand,0,Visitor,0
110542,2026-05-07,Direct,Direct/None,0,SQL,0
100748,2026-05-05,Organic Search,SEO - Product Pages,0,Visitor,0
106494,2026-05-11,Social Media,Facebook Ads,0,Visitor,0
103907,2026-03-04,Paid Search,Google Ads - Generic,0,Visitor,0
102970,2026-04-04,Paid Search,Google Ads - Generic,0,Visitor,0
107077,2026-04-11,Social Media,LinkedIn Ads,0,Visitor,0
108950,2026-05-09,Email,Newsletter,0,Visitor,0
105750,2026-05-05,Social Media,Instagram Ads,0,Visitor,0
107310,2026-04-09,Social Media,LinkedIn Ads,0,Visitor,0
104240,2026-02-18,Paid Search,Google Ads - Brand,48,SQL,0
111871,2026-04-20,Direct,Direct/None,0,Visitor,0
107054,2026-04-29,Social Media,Facebook Ads,0,Visitor,0
105265,2026-06-17,Paid Search,Google Ads - Brand,0,Visitor,0
102178,2026-04-17,Organic Search,SEO - Product Pages,0,Visitor,0
106741,2026-05-28,Social Media,LinkedIn Ads,0,Visitor,0
101839,2026-06-09,Organic Search,SEO - Product Pages,0,Visitor,0
105790,2026-03-31,Social Media,Facebook Ads,0,Visitor,0
106884,2026-05-04,Social Media,Instagram Ads,0,Visitor,0
109810,2026-02-13,Referral,Customer Referral Program,5,SQL,0
111898,2026-05-07,Direct,Direct/None,0,Visitor,0
103693,2026-02-11,Paid Search,Google Ads - Generic,48,MQL,0
105020,2026-04-25,Paid Search,Google Ads - Brand,0,Visitor,0
105084,2026-05-11,Paid Search,Google Ads - Generic,0,Visitor,0
108897,2026-03-29,Email,Product Drip Campaign,8,Customer,1788
109574,2026-02-06,Referral,Partner Referral,0,Visitor,0
108947,2026-05-23,Email,Newsletter,0,Visitor,0
108112,2026-02-28,Email,Newsletter,8,Lead,0
106615,2026-03-17,Social Media,Instagram Ads,0,Visitor,0
104119,2026-06-10,Paid Search,Google Ads - Generic,48,Lead,0
101118,2026-04-14,Organic Search,SEO - Blog,0,Visitor,0
100394,2026-03-08,Organic Search,SEO - Blog,0,Visitor,0
101642,2026-01-22,Organic Search,SEO - Product Pages,0,Visitor,0
106406,2026-04-29,Social Media,Facebook Ads,0,Visitor,0
102447,2026-06-08,Organic Search,SEO - Product Pages,0,Visitor,0
104669,2026-06-03,Paid Search,Google Ads - Brand,0,Visitor,0
108401,2026-05-10,Email,Newsletter,0,Visitor,0
110382,2026-03-01,Direct,Direct/None,0,MQL,0
107756,2026-05-25,Social Media,Facebook Ads,0,Visitor,0
109633,2026-02-12,Referral,Partner Referral,0,Visitor,0
103555,2026-03-22,Paid Search,Google Ads - Generic,0,Visitor,0
107122,2026-02-17,Social Media,LinkedIn Ads,0,Visitor,0
101263,2026-06-11,Organic Search,SEO - Product Pages,0,Visitor,0
111695,2026-05-10,Direct,Direct/None,0,Lead,0
110477,2026-03-25,Direct,Direct/None,0,Visitor,0
100471,2026-04-29,Organic Search,SEO - Product Pages,0,Visitor,0
105584,2026-05-05,Social Media,LinkedIn Ads,0,Visitor,0
106327,2026-06-05,Social Media,Instagram Ads,0,Visitor,0
110467,2026-04-23,Direct,Direct/None,0,Visitor,0
108544,2026-04-17,Email,Newsletter,8,Customer,842
106430,2026-02-09,Social Media,LinkedIn Ads,0,Visitor,0
102156,2026-05-12,Organic Search,SEO - Blog,0,Visitor,0
106692,2026-04-23,Social Media,LinkedIn Ads,0,Visitor,0
107654,2026-02-12,Social Media,Facebook Ads,0,Visitor,0
102773,2026-04-13,Organic Search,SEO - Product Pages,0,Visitor,0
107543,2026-02-27,Social Media,Instagram Ads,0,Visitor,0
107376,2026-04-17,Social Media,LinkedIn Ads,35,MQL,0
111945,2026-03-21,Direct,Direct/None,0,Visitor,0
110293,2026-03-16,Direct,Direct/None,0,Visitor,0
103324,2026-04-03,Paid Search,Google Ads - Generic,0,Visitor,0
110394,2026-05-09,Direct,Direct/None,0,Visitor,0
108441,2026-05-08,Email,Newsletter,8,MQL,0
105468,2026-03-20,Social Media,Facebook Ads,0,Visitor,0
109695,2026-05-18,Referral,Partner Referral,0,Visitor,0
105012,2026-05-02,Paid Search,Google Ads - Generic,0,Visitor,0
104699,2026-06-12,Paid Search,Google Ads - Brand,0,Visitor,0
103911,2026-03-07,Paid Search,Google Ads - Brand,0,Visitor,0
105087,2026-02-20,Paid Search,Google Ads - Brand,0,Visitor,0
101702,2026-03-15,Organic Search,SEO - Product Pages,0,Visitor,0
111339,2026-06-03,Direct,Direct/None,0,Visitor,0
101536,2026-04-12,Organic Search,SEO - Product Pages,0,Visitor,0
107530,2026-03-12,Social Media,Instagram Ads,0,Visitor,0
105202,2026-05-07,Paid Search,Google Ads - Brand,0,Visitor,0
107449,2026-05-01,Social Media,LinkedIn Ads,0,Visitor,0
101190,2026-01-29,Organic Search,SEO - Blog,0,Visitor,0
111085,2026-05-27,Direct,Direct/None,0,Visitor,0
100741,2026-04-08,Organic Search,SEO - Blog,12,Lead,0
100130,2026-02-19,Organic Search,SEO - Blog,0,Visitor,0
103355,2026-03-18,Paid Search,Google Ads - Brand,48,Lead,0
104868,2026-03-20,Paid Search,Google Ads - Brand,0,Visitor,0
101410,2026-04-29,Organic Search,SEO - Product Pages,0,Visitor,0
103095,2026-04-03,Paid Search,Google Ads - Brand,0,Visitor,0
102725,2026-01-16,Organic Search,SEO - Blog,0,Visitor,0
106458,2026-04-21,Social Media,LinkedIn Ads,0,Visitor,0
108509,2026-06-13,Email,Newsletter,0,Visitor,0
100046,2026-02-26,Organic Search,SEO - Blog,0,Visitor,0
103767,2026-05-02,Paid Search,Google Ads - Generic,0,Visitor,0
102041,2026-03-20,Organic Search,SEO - Blog,12,Lead,0
107184,2026-05-07,Social Media,Instagram Ads,0,Visitor,0
108000,2026-04-01,Email,Newsletter,0,Visitor,0
102068,2026-03-15,Organic Search,SEO - Blog,0,Visitor,0
102868,2026-04-19,Organic Search,SEO - Product Pages,12,SQL,0
105747,2026-03-24,Social Media,Instagram Ads,35,Lead,0
105471,2026-01-30,Social Media,LinkedIn Ads,0,Visitor,0
107461,2026-02-19,Social Media,Instagram Ads,0,Visitor,0
105478,2026-02-04,Social Media,Facebook Ads,35,Lead,0
111265,2026-03-29,Direct,Direct/None,0,Visitor,0
110636,2026-03-08,Direct,Direct/None,0,Lead,0
103158,2026-02-21,Paid Search,Google Ads - Generic,0,Visitor,0
104937,2026-05-29,Paid Search,Google Ads - Generic,48,MQL,0
103423,2026-03-30,Paid Search,Google Ads - Brand,48,MQL,0
109713,2026-02-12,Referral,Partner Referral,5,Customer,1759
104956,2026-05-03,Paid Search,Google Ads - Generic,0,Visitor,0
109140,2026-05-01,Referral,Partner Referral,5,Customer,239
108425,2026-03-05,Email,Newsletter,8,Lead,0
101850,2026-05-10,Organic Search,SEO - Blog,0,Visitor,0
109151,2026-03-14,Referral,Customer Referral Program,0,Visitor,0
104911,2026-03-15,Paid Search,Google Ads - Generic,48,Lead,0
100337,2026-04-12,Organic Search,SEO - Blog,0,Visitor,0
105552,2026-03-31,Social Media,Instagram Ads,0,Visitor,0
101283,2026-05-01,Organic Search,SEO - Product Pages,0,Visitor,0
104412,2026-05-19,Paid Search,Google Ads - Generic,0,Visitor,0
110733,2026-03-29,Direct,Direct/None,0,Visitor,0
109733,2026-01-12,Referral,Partner Referral,5,SQL,0
108954,2026-03-25,Email,Product Drip Campaign,0,Visitor,0
105864,2026-04-05,Social Media,Facebook Ads,0,Visitor,0
104030,2026-01-31,Paid Search,Google Ads - Generic,0,Visitor,0
102562,2026-04-06,Organic Search,SEO - Blog,0,Visitor,0
101052,2026-01-21,Organic Search,SEO - Product Pages,0,Visitor,0
109402,2026-04-21,Referral,Partner Referral,0,Visitor,0
104882,2026-02-08,Paid Search,Google Ads - Brand,48,Lead,0
109776,2026-06-16,Referral,Partner Referral,5,Lead,0
111336,2026-05-06,Direct,Direct/None,0,Visitor,0
100189,2026-05-11,Organic Search,SEO - Product Pages,0,Visitor,0
111922,2026-05-18,Direct,Direct/None,0,Lead,0
104842,2026-03-28,Paid Search,Google Ads - Generic,0,Visitor,0
100623,2026-06-15,Organic Search,SEO - Blog,0,Visitor,0
102639,2026-04-13,Organic Search,SEO - Blog,0,Visitor,0
105528,2026-03-12,Social Media,Instagram Ads,0,Visitor,0
104757,2026-02-02,Paid Search,Google Ads - Brand,0,Visitor,0
108898,2026-05-04,Email,Product Drip Campaign,0,Visitor,0
106691,2026-02-05,Social Media,Facebook Ads,0,Visitor,0
103099,2026-04-02,Paid Search,Google Ads - Generic,48,Lead,0
110002,2026-02-03,Referral,Customer Referral Program,0,Visitor,0
110126,2026-01-17,Referral,Partner Referral,0,Visitor,0
110178,2026-05-26,Referral,Partner Referral,5,Lead,0
109346,2026-03-17,Referral,Customer Referral Program,0,Visitor,0
107972,2026-04-24,Email,Newsletter,0,Visitor,0
102159,2026-02-07,Organic Search,SEO - Product Pages,0,Visitor,0
106603,2026-04-22,Social Media,Facebook Ads,0,Visitor,0
102617,2026-02-20,Organic Search,SEO - Product Pages,0,Visitor,0
111502,2026-01-18,Direct,Direct/None,0,MQL,0
105585,2026-03-28,Social Media,LinkedIn Ads,0,Visitor,0
100861,2026-03-23,Organic Search,SEO - Product Pages,0,Visitor,0
111590,2026-05-13,Direct,Direct/None,0,Visitor,0
107247,2026-03-30,Social Media,Facebook Ads,0,Visitor,0
106796,2026-04-11,Social Media,Facebook Ads,0,Visitor,0
106622,2026-05-02,Social Media,Facebook Ads,0,Visitor,0
110614,2026-04-01,Direct,Direct/None,0,Visitor,0
107172,2026-04-25,Social Media,Facebook Ads,0,Visitor,0
104243,2026-03-22,Paid Search,Google Ads - Generic,0,Visitor,0
102341,2026-06-14,Organic Search,SEO - Blog,0,Visitor,0
109041,2026-02-06,Email,Product Drip Campaign,0,Visitor,0
103859,2026-03-27,Paid Search,Google Ads - Generic,0,Visitor,0
100424,2026-03-03,Organic Search,SEO - Blog,0,Visitor,0
100428,2026-03-29,Organic Search,SEO - Blog,0,Visitor,0
107180,2026-05-13,Social Media,Facebook Ads,0,Visitor,0
110594,2026-04-03,Direct,Direct/None,0,Visitor,0
111580,2026-04-24,Direct,Direct/None,0,Visitor,0
100204,2026-05-08,Organic Search,SEO - Product Pages,0,Visitor,0
109642,2026-04-10,Referral,Partner Referral,5,Customer,2103
104713,2026-05-17,Paid Search,Unknown / Untagged,0,Visitor,0
106833,2026-01-26,Social Media,Facebook Ads,0,Visitor,0
104125,2026-06-03,Paid Search,Google Ads - Generic,0,Visitor,0
104469,2026-04-24,Paid Search,Google Ads - Brand,0,Visitor,0
108778,2026-05-01,Email,Product Drip Campaign,8,Lead,0
104790,2026-05-20,Paid Search,Google Ads - Generic,0,Visitor,0
110998,2026-04-23,Direct,Direct/None,0,MQL,0
100827,2026-04-11,Organic Search,SEO - Product Pages,0,Visitor,0
106960,2026-03-05,Social Media,Facebook Ads,0,Visitor,0
100319,2026-01-23,Organic Search,SEO - Blog,0,Visitor,0
111936,2026-04-19,Direct,Direct/None,0,Visitor,0
104101,2026-04-15,Paid Search,Google Ads - Brand,0,Visitor,0
103474,2026-05-07,Paid Search,Google Ads - Generic,48,Lead,0
101216,2026-03-15,Organic Search,SEO - Blog,0,Visitor,0
100752,2026-04-15,Organic Search,SEO - Product Pages,12,MQL,0
106137,2026-03-10,Social Media,LinkedIn Ads,0,Visitor,0
101735,2026-05-26,Organic Search,Unknown / Untagged,0,Visitor,0
100635,2026-04-14,Organic Search,SEO - Blog,0,Visitor,0
110740,2026-03-09,Direct,Direct/None,0,Visitor,0
100272,2026-02-05,Organic Search,SEO - Product Pages,0,Visitor,0
106029,2026-04-21,Social Media,Instagram Ads,35,MQL,0
101558,2026-01-22,Organic Search,SEO - Product Pages,12,Lead,0
101353,2026-03-01,Organic Search,SEO - Product Pages,0,Visitor,0
105890,2026-03-14,Social Media,LinkedIn Ads,0,Visitor,0
103116,2026-03-06,Paid Search,Google Ads - Brand,0,Visitor,0
101043,2026-03-18,Organic Search,SEO - Blog,0,Visitor,0
110111,2026-06-13,Referral,Partner Referral,0,Visitor,0
110355,2026-02-05,Direct,Direct/None,0,Visitor,0
101956,2026-03-19,Organic Search,SEO - Blog,12,Lead,0
102037,2026-04-17,Organic Search,SEO - Product Pages,0,Visitor,0
107069,2026-02-12,Social Media,Instagram Ads,0,Visitor,0
110815,2026-04-27,Direct,Direct/None,0,MQL,0
106665,2026-04-28,Social Media,Facebook Ads,0,Visitor,0
108769,2026-04-09,Email,Product Drip Campaign,0,Visitor,0
106497,2026-05-02,Social Media,LinkedIn Ads,0,Visitor,0
109856,2026-03-09,Referral,Customer Referral Program,0,Visitor,0
102439,2026-03-19,Organic Search,SEO - Blog,12,MQL,0
103689,2026-06-06,Paid Search,Google Ads - Brand,0,Visitor,0
102007,2026-04-28,Organic Search,SEO - Product Pages,0,Visitor,0
105071,2026-02-23,Paid Search,Google Ads - Generic,0,Visitor,0
101812,2026-02-14,Organic Search,SEO - Blog,0,Visitor,0
106200,2026-06-15,Social Media,LinkedIn Ads,0,Visitor,0
101648,2026-02-24,Organic Search,SEO - Blog,0,Visitor,0
101977,2026-04-21,Organic Search,SEO - Product Pages,0,Visitor,0
108739,2026-04-29,Email,Newsletter,8,SQL,0
109157,2026-04-04,Referral,Partner Referral,5,Customer,1785
103338,2026-05-26,Paid Search,Google Ads - Brand,0,Visitor,0
104726,2026-02-19,Paid Search,Google Ads - Brand,0,Visitor,0
106694,2026-04-27,Social Media,Facebook Ads,0,Visitor,0
111507,2026-04-05,Direct,Direct/None,0,Visitor,0
110523,2026-03-24,Direct,Direct/None,0,Visitor,0
103443,2026-03-16,Paid Search,Google Ads - Brand,0,Visitor,0
103356,2026-04-30,Paid Search,Google Ads - Brand,0,Visitor,0
108123,2026-02-20,Email,Product Drip Campaign,8,Lead,0
106196,2026-06-18,Social Media,LinkedIn Ads,0,Visitor,0
111746,2026-04-04,Direct,Direct/None,0,Visitor,0
104818,2026-04-30,Paid Search,Google Ads - Brand,0,Visitor,0
101776,2026-03-06,Organic Search,SEO - Blog,0,Visitor,0
110236,2026-06-06,Direct,Direct/None,0,Visitor,0
104268,2026-03-11,Paid Search,Google Ads - Generic,0,Visitor,0
103399,2026-03-16,Paid Search,Google Ads - Brand,48,Lead,0
105010,2026-03-11,Paid Search,Google Ads - Generic,0,Visitor,0
110607,2026-05-14,Direct,Direct/None,0,Visitor,0
104836,2026-01-31,Paid Search,Google Ads - Generic,0,Visitor,0
105616,2026-02-20,Social Media,Facebook Ads,0,Visitor,0
107000,2026-02-15,Social Media,Facebook Ads,0,Visitor,0
104826,2026-04-19,Paid Search,Google Ads - Brand,48,Lead,0
105018,2026-05-15,Paid Search,Google Ads - Brand,0,Visitor,0
105065,2026-05-07,Paid Search,Google Ads - Generic,0,Visitor,0
111887,2026-03-15,Direct,Direct/None,0,Lead,0
104563,2026-06-07,Paid Search,Google Ads - Brand,48,Lead,0
100934,2026-05-07,Organic Search,SEO - Product Pages,0,Visitor,0
111912,2026-02-19,Direct,Direct/None,0,Lead,0
107899,2026-04-27,Social Media,Instagram Ads,35,Lead,0
106125,2026-05-11,Social Media,LinkedIn Ads,0,Visitor,0
102011,2026-03-25,Organic Search,SEO - Product Pages,0,Visitor,0
108715,2026-05-07,Email,Newsletter,0,Visitor,0
104538,2026-05-11,Paid Search,Google Ads - Brand,48,MQL,0
111146,2026-04-16,Direct,Direct/None,0,Visitor,0
110972,2026-01-31,Direct,Direct/None,0,Visitor,0
106146,2026-05-01,Social Media,Instagram Ads,0,Visitor,0
105191,2026-05-13,Paid Search,Google Ads - Brand,0,Visitor,0
109852,2026-03-06,Referral,Customer Referral Program,0,Visitor,0
101615,2026-04-08,Organic Search,SEO - Blog,0,Visitor,0
102526,2026-04-10,Organic Search,SEO - Blog,12,Lead,0
107548,2026-04-13,Social Media,Facebook Ads,0,Visitor,0
100427,2026-04-13,Organic Search,SEO - Product Pages,0,Visitor,0
101704,2026-05-01,Organic Search,SEO - Blog,0,Visitor,0
103635,2026-04-11,Paid Search,Google Ads - Brand,0,Visitor,0
111896,2026-04-26,Direct,Direct/None,0,Visitor,0
109899,2026-05-07,Referral,Customer Referral Program,0,Visitor,0
107139,2026-06-16,Social Media,Facebook Ads,0,Visitor,0
102164,2026-01-04,Organic Search,SEO - Blog,12,SQL,0
103291,2026-04-18,Paid Search,Google Ads - Generic,0,Visitor,0
101327,2026-04-26,Organic Search,SEO - Blog,0,Visitor,0
110525,2026-04-16,Direct,Direct/None,0,MQL,0
105695,2026-04-15,Social Media,LinkedIn Ads,0,Visitor,0
106958,2026-04-06,Social Media,Facebook Ads,0,Visitor,0
110651,2026-06-01,Direct,Direct/None,0,Visitor,0
100464,2026-02-23,Organic Search,SEO - Product Pages,0,Visitor,0
102312,2026-03-27,Organic Search,SEO - Product Pages,12,Customer,1866
104549,2026-04-26,Paid Search,Google Ads - Brand,0,Visitor,0
111096,2026-02-01,Direct,Direct/None,0,Visitor,0
108674,2026-06-06,Email,Newsletter,0,Visitor,0
111830,2026-02-20,Direct,Direct/None,0,Visitor,0
108551,2026-03-31,Email,Product Drip Campaign,0,Visitor,0
109396,2026-03-09,Referral,Customer Referral Program,5,MQL,0
105457,2026-04-27,Social Media,Instagram Ads,0,Visitor,0
109842,2026-05-11,Referral,Partner Referral,0,Visitor,0
102677,2026-03-22,Organic Search,SEO - Blog,0,Visitor,0
105888,2026-04-28,Social Media,Facebook Ads,35,MQL,0
103239,2026-06-05,Paid Search,Google Ads - Generic,0,Visitor,0
108237,2026-02-02,Email,Product Drip Campaign,0,Visitor,0
107614,2026-05-01,Social Media,Facebook Ads,0,Visitor,0
103336,2026-05-15,Paid Search,Google Ads - Generic,0,Visitor,0
111992,2026-04-20,Direct,Direct/None,0,Visitor,0
111369,2026-06-19,Direct,Direct/None,0,Visitor,0
109885,2026-02-14,Referral,Customer Referral Program,0,Visitor,0
111582,2026-04-10,Direct,Direct/None,0,Visitor,0
108108,2026-04-29,Email,Newsletter,0,Visitor,0
108364,2026-04-24,Email,Newsletter,8,Lead,0
107104,2026-03-29,Social Media,Facebook Ads,0,Visitor,0
108330,2026-04-14,Email,Newsletter,8,SQL,0
104376,2026-06-03,Paid Search,Google Ads - Generic,0,Visitor,0
105491,2026-02-06,Social Media,LinkedIn Ads,0,Visitor,0
102121,2026-02-13,Organic Search,SEO - Blog,0,Visitor,0
100399,2026-06-21,Organic Search,SEO - Blog,0,Visitor,0
101985,2026-04-16,Organic Search,SEO - Product Pages,0,Visitor,0
111547,2026-03-26,Direct,Direct/None,0,Visitor,0
107647,2026-03-22,Social Media,LinkedIn Ads,0,Visitor,0
105927,2026-03-16,Social Media,Instagram Ads,0,Visitor,0
102963,2026-04-20,Paid Search,Google Ads - Brand,48,Lead,0
108385,2026-04-25,Email,Product Drip Campaign,0,Visitor,0
109446,2026-02-18,Referral,Customer Referral Program,0,Visitor,0
100136,2026-04-26,Organic Search,SEO - Product Pages,0,Visitor,0
106836,2026-04-23,Social Media,Facebook Ads,0,Visitor,0
111816,2026-02-16,Direct,Direct/None,0,Visitor,0
109010,2026-05-07,Email,Newsletter,0,Visitor,0
100231,2026-04-12,Organic Search,SEO - Blog,12,Lead,0
102742,2026-06-11,Organic Search,SEO - Blog,0,Visitor,0
109285,2026-04-19,Referral,Customer Referral Program,0,Visitor,0
111278,2026-04-17,Direct,Direct/None,0,Visitor,0
110344,2026-03-23,Direct,Direct/None,0,Visitor,0
104335,2026-04-14,Paid Search,Google Ads - Generic,0,Visitor,0
100745,2026-05-10,Organic Search,SEO - Product Pages,0,Visitor,0
106532,2026-04-08,Social Media,Facebook Ads,0,Visitor,0
101919,2026-06-04,Organic Search,SEO - Blog,0,Visitor,0
109545,2026-05-09,Referral,Partner Referral,0,Visitor,0
110871,2026-04-14,Direct,Direct/None,0,Visitor,0
101948,2026-01-12,Organic Search,SEO - Product Pages,0,Visitor,0
106158,2026-04-03,Social Media,Instagram Ads,0,Visitor,0
108925,2026-05-10,Email,Newsletter,8,Lead,0
107120,2026-02-22,Social Media,Facebook Ads,0,Visitor,0
102016,2026-06-15,Organic Search,SEO - Blog,12,Lead,0
102856,2026-04-17,Organic Search,SEO - Product Pages,12,MQL,0
111174,2026-04-07,Direct,Direct/None,0,Visitor,0
105397,2026-02-18,Social Media,Facebook Ads,0,Visitor,0
100965,2026-04-12,Organic Search,SEO - Product Pages,0,Visitor,0
108870,2026-02-27,Email,Newsletter,0,Visitor,0
100828,2026-02-01,Organic Search,SEO - Product Pages,12,SQL,0
109801,2026-06-19,Referral,Customer Referral Program,5,Lead,0
109360,2026-02-22,Referral,Customer Referral Program,5,MQL,0
109312,2026-03-07,Referral,Partner Referral,0,Visitor,0
101941,2026-06-06,Organic Search,SEO - Blog,0,Visitor,0
106670,2026-03-22,Social Media,Facebook Ads,0,Visitor,0
100158,2026-04-02,Organic Search,SEO - Product Pages,12,Lead,0
110180,2026-03-30,Referral,Customer Referral Program,0,Visitor,0
102855,2026-02-24,Organic Search,SEO - Product Pages,0,Visitor,0
111705,2026-03-22,Direct,Direct/None,0,Visitor,0
109822,2026-03-12,Referral,Customer Referral Program,5,Customer,1043
106058,2026-03-24,Social Media,Facebook Ads,0,Visitor,0
100962,2026-03-10,Organic Search,SEO - Product Pages,0,Visitor,0
107746,2026-03-25,Social Media,Facebook Ads,0,Visitor,0
101241,2026-03-23,Organic Search,SEO - Blog,0,Visitor,0
107736,2026-03-10,Social Media,Instagram Ads,0,Visitor,0
111948,2026-03-19,Direct,Direct/None,0,Visitor,0
103512,2026-05-18,Paid Search,Google Ads - Generic,48,Lead,0
100980,2026-04-17,Organic Search,SEO - Product Pages,0,Visitor,0
105967,2026-04-14,Social Media,LinkedIn Ads,0,Visitor,0
110429,2026-02-01,Direct,Direct/None,0,Visitor,0
104825,2026-05-28,Paid Search,Google Ads - Brand,48,MQL,0
110363,2026-05-29,Direct,Direct/None,0,Visitor,0
103806,2026-04-19,Paid Search,Google Ads - Generic,0,Visitor,0
103113,2026-05-13,Paid Search,Google Ads - Generic,0,Visitor,0
104711,2026-04-29,Paid Search,Google Ads - Brand,0,Visitor,0
105862,2026-03-06,Social Media,Facebook Ads,0,Visitor,0
110501,2026-05-29,Direct,Direct/None,0,Visitor,0
102345,2026-03-26,Organic Search,SEO - Blog,0,Visitor,0
107947,2026-01-14,Email,Newsletter,8,SQL,0
108293,2026-01-25,Email,Product Drip Campaign,0,Visitor,0
105572,2026-04-20,Social Media,Instagram Ads,0,Visitor,0
106715,2026-05-07,Social Media,LinkedIn Ads,0,Visitor,0
109525,2026-03-26,Referral,Partner Referral,0,Visitor,0
110139,2026-02-23,Referral,Customer Referral Program,0,Visitor,0
111325,2026-04-19,Direct,Direct/None,0,Lead,0
102191,2026-04-15,Organic Search,SEO - Product Pages,0,Visitor,0
109324,2026-04-22,Referral,Partner Referral,0,Visitor,0
104102,2026-05-23,Paid Search,Google Ads - Generic,0,Visitor,0
100954,2026-05-19,Organic Search,SEO - Product Pages,0,Visitor,0
105296,2026-05-30,Social Media,Facebook Ads,0,Visitor,0
108173,2026-04-04,Email,Product Drip Campaign,8,Lead,0
111667,2026-04-12,Direct,Direct/None,0,Lead,0
111303,2026-03-07,Direct,Direct/None,0,Visitor,0
100505,2026-03-09,Organic Search,SEO - Blog,0,Visitor,0
104888,2026-03-10,Paid Search,Google Ads - Brand,0,Visitor,0
110718,2026-03-28,Direct,Direct/None,0,Visitor,0
107602,2026-04-13,Social Media,Facebook Ads,0,Visitor,0
109251,2026-01-29,Referral,Partner Referral,5,Lead,0
111617,2026-05-08,Direct,Direct/None,0,Visitor,0
111971,2026-05-13,Direct,Direct/None,0,Visitor,0
109563,2026-04-07,Referral,Customer Referral Program,0,Visitor,0
105527,2026-04-07,Social Media,LinkedIn Ads,0,Visitor,0
106418,2026-03-28,Social Media,Facebook Ads,0,Visitor,0
103015,2026-02-23,Paid Search,Google Ads - Brand,0,Visitor,0
102061,2026-05-12,Organic Search,SEO - Product Pages,12,Customer,1251
102966,2026-03-01,Paid Search,Google Ads - Generic,0,Visitor,0
104298,2026-03-30,Paid Search,Google Ads - Generic,48,Lead,0
109000,2026-03-09,Email,Newsletter,0,Visitor,0
106903,2026-06-22,Social Media,Instagram Ads,0,Visitor,0
109575,2026-03-03,Referral,Partner Referral,0,Visitor,0
104115,2026-04-27,Paid Search,Google Ads - Brand,0,Visitor,0
105846,2026-02-27,Social Media,LinkedIn Ads,0,Visitor,0
102637,2026-06-03,Organic Search,SEO - Product Pages,0,Visitor,0
110040,2026-03-31,Referral,Partner Referral,0,Visitor,0
108391,2026-03-31,Email,Product Drip Campaign,0,Visitor,0
103523,2026-05-18,Paid Search,Google Ads - Generic,0,Visitor,0
102382,2026-05-12,Organic Search,SEO - Blog,0,Visitor,0
108488,2026-02-20,Email,Newsletter,0,Visitor,0
109242,2026-03-04,Referral,Partner Referral,0,Visitor,0
108798,2026-05-15,Email,Newsletter,0,Visitor,0
110771,2026-04-01,Direct,Direct/None,0,Visitor,0
110624,2026-06-12,Direct,Direct/None,0,Visitor,0
104338,2026-02-15,Paid Search,Google Ads - Brand,0,Visitor,0
100328,2026-03-22,Organic Search,SEO - Blog,0,Visitor,0
107892,2026-05-05,Social Media,Instagram Ads,0,Visitor,0
106301,2026-03-30,Social Media,Facebook Ads,0,Visitor,0
107793,2026-05-05,Social Media,Instagram Ads,0,Visitor,0
108252,2026-04-24,Email,Newsletter,8,MQL,0
104780,2026-03-21,Paid Search,Google Ads - Generic,0,Visitor,0
111061,2026-06-17,Direct,Direct/None,0,MQL,0
111052,2026-01-12,Direct,Direct/None,0,Visitor,0
108285,2026-05-01,Email,Unknown / Untagged,0,Visitor,0
105586,2026-03-26,Social Media,LinkedIn Ads,35,Lead,0
100690,2026-04-26,Organic Search,SEO - Product Pages,12,MQL,0
100370,2026-05-03,Organic Search,SEO - Product Pages,0,Visitor,0
107799,2026-02-21,Social Media,Facebook Ads,0,Visitor,0
107462,2026-06-11,Social Media,LinkedIn Ads,0,Visitor,0
100079,2026-04-16,Organic Search,SEO - Product Pages,0,Visitor,0
110887,2026-04-20,Direct,Direct/None,0,Visitor,0
108793,2026-02-10,Email,Product Drip Campaign,0,Visitor,0
106675,2026-05-23,Social Media,LinkedIn Ads,0,Visitor,0
105455,2026-04-23,Social Media,Instagram Ads,0,Visitor,0
104328,2026-04-04,Paid Search,Google Ads - Generic,48,Lead,0
102551,2026-04-30,Organic Search,SEO - Blog,12,Lead,0
110654,2026-03-26,Direct,Direct/None,0,Visitor,0
102228,2026-05-30,Organic Search,SEO - Blog,0,Visitor,0
106434,2026-04-09,Social Media,Facebook Ads,0,Visitor,0
111342,2026-04-08,Direct,Direct/None,0,Visitor,0
101805,2026-05-19,Organic Search,SEO - Blog,12,MQL,0
106142,2026-02-04,Social Media,Facebook Ads,0,Visitor,0
101306,2026-02-02,Organic Search,SEO - Product Pages,0,Visitor,0
103010,2026-04-01,Paid Search,Google Ads - Generic,0,Visitor,0
111634,2026-04-05,Direct,Direct/None,0,Visitor,0
108597,2026-03-26,Email,Newsletter,0,Visitor,0
110395,2026-03-09,Direct,Direct/None,0,Visitor,0
103083,2026-06-06,Paid Search,Google Ads - Brand,0,Visitor,0
105817,2026-04-11,Social Media,LinkedIn Ads,0,Visitor,0
109160,2026-02-28,Referral,Partner Referral,0,Visitor,0
104455,2026-03-21,Paid Search,Google Ads - Generic,0,Visitor,0
106263,2026-01-30,Social Media,Facebook Ads,0,Visitor,0
102420,2026-04-22,Organic Search,SEO - Blog,0,Visitor,0
101342,2026-04-04,Organic Search,SEO - Product Pages,12,SQL,0
110643,2026-06-03,Direct,Direct/None,0,MQL,0
107465,2026-02-19,Social Media,Instagram Ads,0,Visitor,0
106376,2026-02-16,Social Media,LinkedIn Ads,35,Lead,0
100384,2026-04-11,Organic Search,SEO - Blog,0,Visitor,0
108632,2026-04-03,Email,Product Drip Campaign,8,SQL,0
104552,2026-04-02,Paid Search,Google Ads - Generic,0,Visitor,0
105886,2026-06-14,Social Media,LinkedIn Ads,0,Visitor,0
108153,2026-03-31,Email,Newsletter,0,Visitor,0
108350,2026-04-29,Email,Product Drip Campaign,0,Visitor,0
103802,2026-03-17,Paid Search,Google Ads - Generic,0,Visitor,0
106590,2026-05-04,Social Media,LinkedIn Ads,0,Visitor,0
104245,2026-02-18,Paid Search,Google Ads - Generic,0,Visitor,0
111796,2026-03-07,Direct,Direct/None,0,SQL,0
107526,2026-04-17,Social Media,Instagram Ads,0,Visitor,0
102594,2026-04-16,Organic Search,SEO - Product Pages,0,Visitor,0
105295,2026-04-09,Social Media,LinkedIn Ads,0,Visitor,0
101577,2026-04-15,Organic Search,SEO - Blog,12,Lead,0
109830,2026-04-01,Referral,Partner Referral,0,Visitor,0
108314,2026-06-04,Email,Product Drip Campaign,0,Visitor,0
105852,2026-04-13,Social Media,LinkedIn Ads,0,Visitor,0
109716,2026-04-10,Referral,Partner Referral,0,Visitor,0
107119,2026-04-24,Social Media,LinkedIn Ads,0,Visitor,0
103947,2026-05-10,Paid Search,Google Ads - Brand,0,Visitor,0
105991,2026-06-17,Social Media,Facebook Ads,0,Visitor,0
105896,2026-04-06,Social Media,LinkedIn Ads,0,Visitor,0
109790,2026-03-25,Referral,Customer Referral Program,5,SQL,0
103930,2026-04-17,Paid Search,Google Ads - Brand,48,Lead,0
104330,2026-05-07,Paid Search,Google Ads - Brand,0,Visitor,0
105462,2026-05-11,Social Media,Facebook Ads,0,Visitor,0
106229,2026-05-17,Social Media,Instagram Ads,0,Visitor,0
102781,2026-04-24,Organic Search,SEO - Blog,0,Visitor,0
104663,2026-02-15,Paid Search,Google Ads - Brand,48,Lead,0
100197,2026-04-04,Organic Search,SEO - Product Pages,0,Visitor,0
108618,2026-06-08,Email,Product Drip Campaign,0,Visitor,0
100743,2026-03-31,Organic Search,SEO - Blog,0,Visitor,0
110700,2026-03-11,Direct,Direct/None,0,Visitor,0
110112,2026-06-20,Referral,Customer Referral Program,0,Visitor,0
108874,2026-03-11,Email,Newsletter,0,Visitor,0
111952,2026-04-24,Direct,Direct/None,0,Visitor,0
106020,2026-02-09,Social Media,Instagram Ads,0,Visitor,0
109954,2026-03-07,Referral,Partner Referral,5,SQL,0
100956,2026-01-27,Organic Search,SEO - Blog,12,Lead,0
104800,2026-06-24,Paid Search,Google Ads - Generic,0,Visitor,0
109978,2026-05-19,Referral,Customer Referral Program,0,Visitor,0
103455,2026-04-28,Paid Search,Google Ads - Brand,0,Visitor,0
110666,2026-04-30,Direct,Direct/None,0,MQL,0
106297,2026-04-28,Social Media,LinkedIn Ads,0,Visitor,0
108821,2026-03-25,Email,Newsletter,0,Visitor,0
102943,2026-02-25,Paid Search,Google Ads - Generic,0,Visitor,0
100466,2026-03-05,Organic Search,SEO - Blog,0,Visitor,0
110950,2026-05-03,Direct,Direct/None,0,Visitor,0
104541,2026-02-24,Paid Search,Google Ads - Brand,0,Visitor,0
100593,2026-05-09,Organic Search,SEO - Product Pages,0,Visitor,0
108298,2026-03-29,Email,Product Drip Campaign,0,Visitor,0
109232,2026-04-10,Referral,Customer Referral Program,0,Visitor,0
110068,2026-06-01,Referral,Customer Referral Program,5,Lead,0
101068,2026-04-20,Organic Search,SEO - Product Pages,0,Visitor,0
100908,2026-04-12,Organic Search,SEO - Product Pages,12,Lead,0
105362,2026-04-06,Social Media,LinkedIn Ads,0,Visitor,0
101871,2026-06-15,Organic Search,SEO - Product Pages,12,Customer,1478
101679,2026-05-13,Organic Search,SEO - Product Pages,0,Visitor,0
106315,2026-04-19,Social Media,LinkedIn Ads,0,Visitor,0
102630,2026-05-08,Organic Search,SEO - Product Pages,0,Visitor,0
100761,2026-05-09,Organic Search,SEO - Blog,0,Visitor,0
100979,2026-05-03,Organic Search,SEO - Blog,0,Visitor,0
103315,2026-04-11,Paid Search,Google Ads - Brand,0,Visitor,0
103114,2026-04-23,Paid Search,Google Ads - Generic,0,Visitor,0
107883,2026-04-04,Social Media,Instagram Ads,0,Visitor,0
107402,2026-03-08,Social Media,LinkedIn Ads,0,Visitor,0
103053,2026-04-22,Paid Search,Google Ads - Brand,48,MQL,0
105651,2026-04-20,Social Media,Instagram Ads,0,Visitor,0
101796,2026-04-02,Organic Search,SEO - Product Pages,12,Lead,0
104169,2026-01-21,Paid Search,Google Ads - Brand,0,Visitor,0
107640,2026-04-22,Social Media,Instagram Ads,0,Visitor,0
107729,2026-05-28,Social Media,LinkedIn Ads,0,Visitor,0
108056,2026-03-19,Email,Newsletter,8,Customer,723
109194,2026-04-13,Referral,Customer Referral Program,0,Visitor,0
106557,2026-06-21,Social Media,LinkedIn Ads,0,Visitor,0
103418,2026-04-10,Paid Search,Google Ads - Generic,0,Visitor,0
101083,2026-05-02,Organic Search,SEO - Product Pages,0,Visitor,0
109470,2026-05-01,Referral,Partner Referral,0,Visitor,0
100013,2026-06-08,Organic Search,SEO - Product Pages,0,Visitor,0
104846,2026-04-18,Paid Search,Google Ads - Generic,0,Visitor,0
111489,2026-03-25,Direct,Direct/None,0,Visitor,0
110232,2026-04-25,Direct,Direct/None,0,Visitor,0
111665,2026-03-11,Direct,Direct/None,0,MQL,0
100364,2026-06-14,Organic Search,SEO - Product Pages,0,Visitor,0
103713,2026-05-23,Paid Search,Google Ads - Brand,0,Visitor,0
100484,2026-02-09,Organic Search,SEO - Blog,0,Visitor,0
105798,2026-01-22,Social Media,Facebook Ads,0,Visitor,0
105830,2026-05-01,Social Media,Instagram Ads,0,Visitor,0
104079,2026-03-26,Paid Search,Google Ads - Brand,0,Visitor,0
111881,2026-04-07,Direct,Direct/None,0,Visitor,0
109289,2026-03-04,Referral,Customer Referral Program,0,Visitor,0
108165,2026-04-09,Email,Product Drip Campaign,0,Visitor,0
107528,2026-03-05,Social Media,LinkedIn Ads,0,Visitor,0
100372,2026-04-23,Organic Search,SEO - Product Pages,0,Visitor,0
108313,2026-05-19,Email,Product Drip Campaign,0,Visitor,0
102644,2026-03-25,Organic Search,SEO - Blog,0,Visitor,0
100137,2026-03-16,Organic Search,SEO - Product Pages,0,Visitor,0
111985,2026-04-02,Direct,Direct/None,0,Visitor,0
103734,2026-06-03,Paid Search,Google Ads - Brand,0,Visitor,0
104629,2026-05-16,Paid Search,Google Ads - Generic,0,Visitor,0
110877,2026-05-15,Direct,Direct/None,0,Visitor,0
108230,2026-04-24,Email,Newsletter,0,Visitor,0
111541,2026-02-21,Direct,Direct/None,0,Lead,0
107088,2026-03-25,Social Media,LinkedIn Ads,0,Visitor,0
102100,2026-02-27,Organic Search,SEO - Product Pages,0,Visitor,0
107636,2026-04-07,Social Media,Instagram Ads,35,Lead,0
105795,2026-06-06,Social Media,Instagram Ads,0,Visitor,0
104303,2026-05-20,Paid Search,Google Ads - Generic,0,Visitor,0
101077,2026-05-09,Organic Search,SEO - Blog,0,Visitor,0
109258,2026-03-01,Referral,Partner Referral,0,Visitor,0
110712,2026-05-27,Direct,Direct/None,0,Visitor,0
111561,2026-04-06,Direct,Direct/None,0,Visitor,0
102256,2026-02-04,Organic Search,SEO - Product Pages,0,Visitor,0
107056,2026-02-27,Social Media,LinkedIn Ads,0,Visitor,0
107201,2026-05-27,Social Media,Facebook Ads,0,Visitor,0
111143,2026-06-01,Direct,Direct/None,0,Visitor,0
102784,2026-06-07,Organic Search,SEO - Product Pages,0,Visitor,0
110007,2026-03-04,Referral,Partner Referral,5,MQL,0
109798,2026-03-25,Referral,Partner Referral,5,Customer,1637
100526,2026-03-12,Organic Search,SEO - Blog,0,Visitor,0
101938,2026-04-04,Organic Search,SEO - Blog,0,Visitor,0
101955,2026-01-25,Organic Search,SEO - Product Pages,0,Visitor,0
102084,2026-03-23,Organic Search,SEO - Product Pages,0,Visitor,0
106932,2026-04-20,Social Media,Instagram Ads,0,Visitor,0
107555,2026-02-26,Social Media,Instagram Ads,0,Visitor,0
103860,2026-05-07,Paid Search,Google Ads - Brand,0,Visitor,0
101991,2026-04-06,Organic Search,SEO - Blog,0,Visitor,0
106877,2026-05-24,Social Media,LinkedIn Ads,0,Visitor,0
108272,2026-05-02,Email,Product Drip Campaign,0,Visitor,0
102279,2026-05-28,Organic Search,SEO - Product Pages,0,Visitor,0
107130,2026-04-06,Social Media,LinkedIn Ads,0,Visitor,0
110911,2026-04-28,Direct,Direct/None,0,Visitor,0
108814,2026-04-03,Email,Newsletter,0,Visitor,0
100020,2026-04-04,Organic Search,SEO - Product Pages,0,Visitor,0
100468,2026-02-10,Organic Search,SEO - Blog,12,SQL,0
105004,2026-01-30,Paid Search,Google Ads - Brand,0,Visitor,0
103746,2026-03-12,Paid Search,Google Ads - Brand,0,Visitor,0
101719,2026-03-22,Organic Search,SEO - Product Pages,12,Lead,0
101037,2026-05-06,Organic Search,SEO - Product Pages,0,Visitor,0
102379,2026-04-13,Organic Search,SEO - Product Pages,0,Visitor,0
101235,2026-04-20,Organic Search,SEO - Blog,0,Visitor,0
109286,2026-06-06,Referral,Partner Referral,5,Lead,0
110965,2026-05-01,Direct,Direct/None,0,Visitor,0
106997,2026-05-13,Social Media,LinkedIn Ads,0,Visitor,0
106633,2026-03-16,Social Media,LinkedIn Ads,0,Visitor,0
104440,2026-06-10,Paid Search,Google Ads - Brand,0,Visitor,0
111616,2026-03-15,Direct,Direct/None,0,Visitor,0
102148,2026-06-08,Organic Search,SEO - Blog,0,Visitor,0
111268,2026-02-12,Direct,Direct/None,0,Visitor,0
106700,2026-05-09,Social Media,Instagram Ads,0,Visitor,0
106373,2026-03-21,Social Media,Instagram Ads,35,Lead,0
102853,2026-02-03,Organic Search,SEO - Blog,0,Visitor,0
100948,2026-04-22,Organic Search,SEO - Blog,12,MQL,0
106387,2026-04-18,Social Media,Instagram Ads,35,Lead,0
102165,2026-02-20,Organic Search,SEO - Product Pages,12,Lead,0
105262,2026-05-31,Paid Search,Google Ads - Brand,48,SQL,0
103448,2026-06-17,Paid Search,Google Ads - Brand,48,SQL,0
106489,2026-04-16,Social Media,Facebook Ads,0,Visitor,0
105001,2026-05-07,Paid Search,Google Ads - Generic,48,MQL,0
110338,2026-04-26,Direct,Direct/None,0,Visitor,0
108312,2026-04-12,Email,Newsletter,8,Lead,0
101493,2026-02-17,Organic Search,SEO - Blog,12,MQL,0
110237,2026-05-05,Direct,Direct/None,0,Visitor,0
102586,2026-04-08,Organic Search,SEO - Blog,0,Visitor,0
101135,2026-04-29,Organic Search,SEO - Product Pages,0,Visitor,0
110941,2026-06-01,Direct,Direct/None,0,Visitor,0
106372,2026-04-16,Social Media,Instagram Ads,0,Visitor,0
107944,2026-03-03,Email,Newsletter,0,Visitor,0
101524,2026-05-31,Organic Search,SEO - Blog,0,Visitor,0
109250,2026-04-13,Referral,Customer Referral Program,0,Visitor,0
105120,2026-03-29,Paid Search,Google Ads - Generic,0,Visitor,0
101626,2026-05-11,Organic Search,SEO - Blog,0,Visitor,0
103195,2026-03-29,Paid Search,Google Ads - Generic,0,Visitor,0
103533,2026-04-01,Paid Search,Google Ads - Generic,0,Visitor,0
105723,2026-03-09,Social Media,Facebook Ads,0,Visitor,0
101337,2026-04-29,Organic Search,SEO - Blog,0,Visitor,0
100778,2026-05-12,Organic Search,SEO - Product Pages,0,Visitor,0
108506,2026-04-12,Email,Product Drip Campaign,8,MQL,0
109288,2026-04-17,Referral,Customer Referral Program,0,Visitor,0
101669,2026-05-04,Organic Search,SEO - Product Pages,0,Visitor,0
108066,2026-03-31,Email,Newsletter,0,Visitor,0
109945,2026-06-03,Referral,Partner Referral,0,Visitor,0
105611,2026-04-17,Social Media,Instagram Ads,35,Lead,0
101433,2026-03-27,Organic Search,SEO - Product Pages,0,Visitor,0
102426,2026-02-05,Organic Search,SEO - Blog,12,SQL,0
110497,2026-05-24,Direct,Direct/None,0,Visitor,0
105652,2026-03-10,Social Media,LinkedIn Ads,0,Visitor,0
104752,2026-04-24,Paid Search,Google Ads - Generic,0,Visitor,0
110204,2026-04-01,Direct,Direct/None,0,Visitor,0
110349,2026-04-17,Direct,Direct/None,0,Visitor,0
110234,2026-03-02,Direct,Direct/None,0,MQL,0
105715,2026-03-16,Social Media,LinkedIn Ads,0,Visitor,0
108443,2026-04-10,Email,Product Drip Campaign,0,Visitor,0
106662,2026-05-02,Social Media,Instagram Ads,0,Visitor,0
101725,2026-02-15,Organic Search,SEO - Blog,0,Visitor,0
100636,2026-03-13,Organic Search,SEO - Blog,0,Visitor,0
102985,2026-04-08,Paid Search,Google Ads - Generic,0,Visitor,0
110451,2026-04-08,Direct,Direct/None,0,Visitor,0
105688,2026-02-15,Social Media,LinkedIn Ads,0,Visitor,0
100513,2026-03-05,Organic Search,SEO - Blog,12,Lead,0
110881,2026-05-03,Direct,Direct/None,0,Visitor,0
102687,2026-02-09,Organic Search,SEO - Blog,0,Visitor,0
105284,2026-04-17,Social Media,LinkedIn Ads,0,Visitor,0
111441,2026-02-12,Direct,Direct/None,0,Visitor,0
107423,2026-04-20,Social Media,Instagram Ads,0,Visitor,0
107842,2026-03-31,Social Media,LinkedIn Ads,0,Visitor,0
109334,2026-01-29,Referral,Partner Referral,0,Visitor,0
108609,2026-03-07,Email,Product Drip Campaign,0,Visitor,0
102437,2026-03-30,Organic Search,SEO - Blog,0,Visitor,0
111760,2026-03-23,Direct,Direct/None,0,Visitor,0
111279,2026-02-11,Direct,Direct/None,0,Visitor,0
100961,2026-03-14,Organic Search,SEO - Blog,0,Visitor,0
109726,2026-03-17,Referral,Partner Referral,5,Lead,0
104385,2026-04-18,Paid Search,Google Ads - Brand,0,Visitor,0
104670,2026-04-25,Paid Search,Unknown / Untagged,0,Visitor,0
100608,2026-03-21,Organic Search,SEO - Blog,0,Visitor,0
105658,2026-02-27,Social Media,Instagram Ads,0,Visitor,0
101432,2026-04-15,Organic Search,SEO - Product Pages,0,Visitor,0
108978,2026-03-23,Email,Product Drip Campaign,0,Visitor,0
108910,2026-03-14,Email,Newsletter,0,Visitor,0
109999,2026-04-12,Referral,Customer Referral Program,0,Visitor,0
102427,2026-05-26,Organic Search,SEO - Product Pages,0,Visitor,0
109908,2026-06-12,Referral,Partner Referral,0,Visitor,0
105849,2026-03-30,Social Media,Facebook Ads,0,Visitor,0
104220,2026-05-21,Paid Search,Google Ads - Brand,0,Visitor,0
106907,2026-04-23,Social Media,LinkedIn Ads,0,Visitor,0
104195,2026-04-10,Paid Search,Google Ads - Generic,0,Visitor,0
107393,2026-03-16,Social Media,Facebook Ads,0,Visitor,0
108189,2026-06-12,Email,Newsletter,8,SQL,0
107352,2026-03-19,Social Media,Facebook Ads,0,Visitor,0
108245,2026-06-10,Email,Newsletter,0,Visitor,0
104559,2026-03-09,Paid Search,Google Ads - Generic,48,Lead,0
100892,2026-06-04,Organic Search,SEO - Product Pages,0,Visitor,0
107482,2026-04-21,Social Media,LinkedIn Ads,0,Visitor,0
106530,2026-02-05,Social Media,Facebook Ads,35,MQL,0
103902,2026-03-31,Paid Search,Google Ads - Generic,0,Visitor,0
102127,2026-02-16,Organic Search,SEO - Blog,0,Visitor,0
111778,2026-03-11,Direct,Direct/None,0,Visitor,0
105194,2026-01-24,Paid Search,Google Ads - Brand,0,Visitor,0
100194,2026-04-12,Organic Search,SEO - Blog,0,Visitor,0
101605,2026-06-19,Organic Search,SEO - Blog,0,Visitor,0
102235,2026-02-18,Organic Search,SEO - Product Pages,12,MQL,0
100116,2026-04-22,Organic Search,Unknown / Untagged,0,Visitor,0
105127,2026-05-06,Paid Search,Google Ads - Generic,0,Visitor,0
106384,2026-01-19,Social Media,LinkedIn Ads,0,Visitor,0
107737,2026-05-22,Social Media,Instagram Ads,0,Visitor,0
105541,2026-05-20,Social Media,Instagram Ads,0,Visitor,0
111555,2026-01-27,Direct,Direct/None,0,Visitor,0
106829,2026-05-16,Social Media,Instagram Ads,0,Visitor,0
111972,2026-02-06,Direct,Direct/None,0,Visitor,0
100335,2026-04-22,Organic Search,SEO - Blog,0,Visitor,0
109998,2026-04-27,Referral,Partner Referral,0,Visitor,0
109946,2026-04-14,Referral,Customer Referral Program,0,Visitor,0
100652,2026-03-31,Organic Search,SEO - Blog,0,Visitor,0
102389,2026-02-11,Organic Search,SEO - Product Pages,0,Visitor,0
102124,2026-05-31,Organic Search,SEO - Product Pages,0,Visitor,0
102195,2026-05-26,Organic Search,SEO - Product Pages,0,Visitor,0
108617,2026-05-19,Email,Product Drip Campaign,0,Visitor,0
103594,2026-02-21,Paid Search,Google Ads - Generic,0,Visitor,0
109395,2026-01-25,Referral,Customer Referral Program,0,Visitor,0
106068,2026-04-23,Social Media,Facebook Ads,0,Visitor,0
107977,2026-03-29,Email,Product Drip Campaign,0,Visitor,0
103229,2026-03-14,Paid Search,Google Ads - Brand,48,Lead,0
101853,2026-03-04,Organic Search,SEO - Blog,0,Visitor,0
105286,2026-05-11,Social Media,Instagram Ads,0,Visitor,0
101402,2026-01-29,Organic Search,SEO - Blog,0,Visitor,0
106319,2026-04-29,Social Media,Instagram Ads,0,Visitor,0
109327,2026-05-20,Referral,Partner Referral,0,Visitor,0
102845,2026-02-27,Organic Search,SEO - Product Pages,0,Visitor,0
103492,2026-05-13,Paid Search,Google Ads - Generic,48,Lead,0
104750,2026-03-01,Paid Search,Google Ads - Generic,0,Visitor,0
105049,2026-05-17,Paid Search,Google Ads - Generic,0,Visitor,0
108685,2026-01-19,Email,Product Drip Campaign,8,Lead,0
107309,2026-04-06,Social Media,Facebook Ads,0,Visitor,0
100801,2026-05-01,Organic Search,SEO - Blog,0,Visitor,0
102002,2026-03-24,Organic Search,SEO - Product Pages,12,Lead,0
108030,2026-03-25,Email,Newsletter,0,Visitor,0
111075,2026-03-28,Direct,Direct/None,0,Visitor,0
109189,2026-03-14,Referral,Customer Referral Program,5,SQL,0
106262,2026-02-15,Social Media,LinkedIn Ads,0,Visitor,0
107732,2026-04-01,Social Media,LinkedIn Ads,0,Visitor,0
103636,2026-04-07,Paid Search,Google Ads - Generic,48,MQL,0
106341,2026-04-10,Social Media,Instagram Ads,0,Visitor,0
111612,2026-04-03,Direct,Direct/None,0,Lead,0
100928,2026-03-18,Organic Search,SEO - Blog,0,Visitor,0
101310,2026-04-19,Organic Search,SEO - Blog,0,Visitor,0
104477,2026-03-23,Paid Search,Google Ads - Brand,48,Lead,0
101352,2026-02-15,Organic Search,SEO - Product Pages,0,Visitor,0
101346,2026-04-23,Organic Search,SEO - Product Pages,0,Visitor,0
111240,2026-05-18,Direct,Direct/None,0,Visitor,0
107735,2026-04-28,Social Media,Instagram Ads,0,Visitor,0
111436,2026-05-06,Direct,Direct/None,0,Visitor,0
102502,2026-04-22,Organic Search,SEO - Blog,0,Visitor,0
109464,2026-04-30,Referral,Partner Referral,5,MQL,0
111348,2026-04-10,Direct,Direct/None,0,Visitor,0
111386,2026-05-16,Direct,Direct/None,0,Visitor,0
110565,2026-02-25,Direct,Direct/None,0,Visitor,0
104120,2026-03-24,Paid Search,Google Ads - Brand,0,Visitor,0
105645,2026-03-07,Social Media,LinkedIn Ads,0,Visitor,0
109379,2026-05-02,Referral,Partner Referral,0,Visitor,0
106943,2026-04-23,Social Media,LinkedIn Ads,0,Visitor,0
102575,2026-06-19,Organic Search,SEO - Product Pages,0,Visitor,0
104408,2026-02-23,Paid Search,Google Ads - Brand,0,Visitor,0
108050,2026-04-25,Email,Newsletter,0,Visitor,0
105517,2026-04-08,Social Media,Instagram Ads,0,Visitor,0
110814,2026-04-23,Direct,Direct/None,0,Visitor,0
104034,2026-03-24,Paid Search,Google Ads - Generic,48,Lead,0
108716,2026-04-26,Email,Newsletter,0,Visitor,0
107824,2026-02-22,Social Media,Facebook Ads,0,Visitor,0
102926,2026-02-15,Paid Search,Google Ads - Brand,48,Lead,0
104945,2026-02-12,Paid Search,Google Ads - Brand,0,Visitor,0
102890,2026-03-21,Paid Search,Google Ads - Brand,0,Visitor,0
101228,2026-04-29,Organic Search,SEO - Product Pages,12,Lead,0
111527,2026-04-30,Direct,Direct/None,0,Visitor,0
108828,2026-03-07,Email,Newsletter,8,Lead,0
104055,2026-05-04,Paid Search,Google Ads - Generic,48,Customer,1557
104647,2026-05-18,Paid Search,Google Ads - Generic,0,Visitor,0
105390,2026-02-07,Social Media,LinkedIn Ads,0,Visitor,0
107915,2026-04-28,Social Media,LinkedIn Ads,0,Visitor,0
110416,2026-01-28,Direct,Direct/None,0,Visitor,0
104067,2026-04-20,Paid Search,Google Ads - Generic,0,Visitor,0
107440,2026-06-03,Social Media,Facebook Ads,0,Visitor,0
100437,2026-04-08,Organic Search,SEO - Blog,0,Visitor,0
102453,2026-02-25,Organic Search,SEO - Product Pages,0,Visitor,0
109875,2026-02-15,Referral,Customer Referral Program,0,Visitor,0
106723,2026-01-24,Social Media,Instagram Ads,0,Visitor,0
104193,2026-02-17,Paid Search,Google Ads - Generic,48,Lead,0
109648,2026-05-06,Referral,Partner Referral,5,MQL,0
108701,2026-04-30,Email,Newsletter,0,Visitor,0
102698,2026-05-08,Organic Search,SEO - Product Pages,0,Visitor,0
111836,2026-03-02,Direct,Direct/None,0,Visitor,0
105569,2026-05-08,Social Media,LinkedIn Ads,0,Visitor,0
106679,2026-03-26,Social Media,Facebook Ads,0,Visitor,0
101423,2026-04-19,Organic Search,SEO - Product Pages,12,MQL,0
100049,2026-04-11,Organic Search,SEO - Blog,0,Visitor,0
109724,2026-02-21,Referral,Customer Referral Program,5,Customer,367
101289,2026-05-15,Organic Search,SEO - Blog,12,Lead,0
109398,2026-04-12,Referral,Customer Referral Program,0,Visitor,0
107534,2026-05-22,Social Media,LinkedIn Ads,0,Visitor,0
104206,2026-04-24,Paid Search,Google Ads - Generic,0,Visitor,0
107751,2026-03-15,Social Media,LinkedIn Ads,0,Visitor,0
107997,2026-05-13,Email,Newsletter,0,Visitor,0
109825,2026-05-13,Referral,Partner Referral,5,SQL,0
107831,2026-03-15,Social Media,Unknown / Untagged,0,Visitor,0
106771,2026-04-24,Social Media,Instagram Ads,0,Visitor,0
100417,2026-05-15,Organic Search,SEO - Blog,0,Visitor,0
107013,2026-03-25,Social Media,LinkedIn Ads,35,Lead,0
100694,2026-01-07,Organic Search,SEO - Blog,12,Lead,0
102459,2026-03-15,Organic Search,SEO - Product Pages,0,Visitor,0
101426,2026-03-06,Organic Search,SEO - Product Pages,0,Visitor,0
109681,2026-01-24,Referral,Customer Referral Program,5,Customer,1632
107589,2026-03-28,Social Media,Facebook Ads,0,Visitor,0
105115,2026-04-29,Paid Search,Google Ads - Brand,0,Visitor,0
107853,2026-02-25,Social Media,Instagram Ads,0,Visitor,0
108084,2026-01-19,Email,Newsletter,0,Visitor,0
104969,2026-03-05,Paid Search,Google Ads - Generic,0,Visitor,0
110688,2026-03-30,Direct,Direct/None,0,Visitor,0
102139,2026-03-19,Organic Search,SEO - Blog,0,Visitor,0
106576,2026-01-30,Social Media,LinkedIn Ads,0,Visitor,0
103009,2026-04-04,Paid Search,Google Ads - Generic,0,Visitor,0
103293,2026-04-27,Paid Search,Google Ads - Brand,0,Visitor,0
110177,2026-04-16,Referral,Partner Referral,0,Visitor,0
111448,2026-06-12,Direct,Direct/None,0,Visitor,0
102764,2026-04-29,Organic Search,SEO - Blog,0,Visitor,0
107590,2026-01-16,Social Media,Instagram Ads,0,Visitor,0
100604,2026-04-15,Organic Search,SEO - Product Pages,0,Visitor,0
110190,2026-02-13,Referral,Partner Referral,0,Visitor,0
101460,2026-04-11,Organic Search,SEO - Product Pages,12,Lead,0
103857,2026-02-06,Paid Search,Google Ads - Generic,0,Visitor,0
103149,2026-05-05,Paid Search,Google Ads - Generic,0,Visitor,0
109032,2026-03-08,Email,Newsletter,0,Visitor,0
101472,2026-03-01,Organic Search,SEO - Blog,0,Visitor,0
109003,2026-05-24,Email,Newsletter,0,Visitor,0
110574,2026-06-02,Direct,Direct/None,0,Visitor,0
110989,2026-05-08,Direct,Direct/None,0,Visitor,0
108063,2026-05-16,Email,Newsletter,8,MQL,0
107009,2026-03-27,Social Media,Instagram Ads,0,Visitor,0
109897,2026-02-02,Referral,Partner Referral,0,Visitor,0
104399,2026-05-09,Paid Search,Google Ads - Brand,0,Visitor,0
103136,2026-04-18,Paid Search,Google Ads - Brand,0,Visitor,0
110978,2026-01-21,Direct,Direct/None,0,Visitor,0
102554,2026-02-16,Organic Search,SEO - Blog,12,MQL,0
101578,2026-05-07,Organic Search,SEO - Product Pages,0,Visitor,0
111392,2026-03-10,Direct,Direct/None,0,Visitor,0
110535,2026-04-26,Direct,Direct/None,0,SQL,0
110598,2026-01-21,Direct,Direct/None,0,Visitor,0
105179,2026-05-22,Paid Search,Google Ads - Brand,0,Visitor,0
111207,2026-04-29,Direct,Direct/None,0,Visitor,0
111222,2026-04-28,Direct,Direct/None,0,Visitor,0
107927,2026-02-28,Email,Newsletter,0,Visitor,0
103973,2026-05-17,Paid Search,Google Ads - Generic,0,Visitor,0
106942,2026-01-15,Social Media,Instagram Ads,0,Visitor,0
110615,2026-06-11,Direct,Direct/None,0,Visitor,0
100105,2026-03-25,Organic Search,SEO - Product Pages,0,Visitor,0
107112,2026-05-01,Social Media,Instagram Ads,0,Visitor,0
100183,2026-03-19,Organic Search,SEO - Product Pages,0,Visitor,0
109922,2026-03-09,Referral,Partner Referral,0,Visitor,0
101691,2026-05-21,Organic Search,SEO - Blog,12,SQL,0
101329,2026-04-11,Organic Search,SEO - Blog,0,Visitor,0
104689,2026-05-15,Paid Search,Google Ads - Brand,0,Visitor,0
109688,2026-05-23,Referral,Customer Referral Program,0,Visitor,0
100881,2026-06-09,Organic Search,SEO - Blog,0,Visitor,0
107513,2026-04-16,Social Media,Instagram Ads,0,Visitor,0
104181,2026-03-05,Paid Search,Google Ads - Brand,0,Visitor,0
105235,2026-04-05,Paid Search,Google Ads - Generic,0,Visitor,0
103043,2026-06-11,Paid Search,Google Ads - Brand,0,Visitor,0
103033,2026-03-17,Paid Search,Google Ads - Generic,48,Customer,1517
103052,2026-04-12,Paid Search,Google Ads - Brand,0,Visitor,0
106892,2026-03-30,Social Media,LinkedIn Ads,0,Visitor,0
110942,2026-02-27,Direct,Direct/None,0,Visitor,0
108765,2026-04-04,Email,Newsletter,0,Visitor,0
108824,2026-05-16,Email,Newsletter,0,Visitor,0
100732,2026-04-21,Organic Search,SEO - Blog,0,Visitor,0
107319,2026-05-22,Social Media,Instagram Ads,0,Visitor,0
110511,2026-05-13,Direct,Direct/None,0,Visitor,0
111027,2026-02-26,Direct,Direct/None,0,Visitor,0
106620,2026-04-10,Social Media,Facebook Ads,0,Visitor,0
110209,2026-02-21,Direct,Direct/None,0,Visitor,0
101606,2026-03-18,Organic Search,SEO - Blog,0,Visitor,0
105755,2026-05-23,Social Media,LinkedIn Ads,0,Visitor,0
107507,2026-01-30,Social Media,Instagram Ads,0,Visitor,0
107101,2026-04-07,Social Media,Facebook Ads,0,Visitor,0
104387,2026-04-10,Paid Search,Google Ads - Brand,0,Visitor,0
109781,2026-05-23,Referral,Customer Referral Program,5,MQL,0
108396,2026-02-19,Email,Product Drip Campaign,0,Visitor,0
101105,2026-05-19,Organic Search,SEO - Blog,12,MQL,0
111138,2026-05-23,Direct,Unknown / Untagged,0,Visitor,0
108452,2026-03-06,Email,Newsletter,8,MQL,0
110928,2026-05-10,Direct,Direct/None,0,Visitor,0
111946,2026-06-18,Direct,Direct/None,0,Visitor,0
108832,2026-05-04,Email,Newsletter,8,MQL,0
102298,2026-05-09,Organic Search,SEO - Product Pages,0,Visitor,0
105450,2026-01-31,Social Media,Instagram Ads,0,Visitor,0
109719,2026-03-08,Referral,Partner Referral,0,Visitor,0
101701,2026-01-03,Organic Search,SEO - Product Pages,0,Visitor,0
111428,2026-01-16,Direct,Direct/None,0,Visitor,0
106764,2026-06-14,Social Media,Instagram Ads,0,Visitor,0
104923,2026-03-24,Paid Search,Google Ads - Generic,0,Visitor,0
102088,2026-04-01,Organic Search,SEO - Product Pages,0,Visitor,0
104507,2026-04-25,Paid Search,Google Ads - Generic,0,Visitor,0
101538,2026-04-26,Organic Search,SEO - Product Pages,0,Visitor,0
104611,2026-03-04,Paid Search,Google Ads - Generic,48,Lead,0
101732,2026-05-02,Organic Search,SEO - Product Pages,0,Visitor,0
109352,2026-06-15,Referral,Customer Referral Program,5,MQL,0
100677,2026-04-13,Organic Search,SEO - Blog,0,Visitor,0
110705,2026-04-19,Direct,Direct/None,0,Visitor,0
103220,2026-05-08,Paid Search,Google Ads - Generic,48,Lead,0
104953,2026-05-01,Paid Search,Google Ads - Generic,0,Visitor,0
104301,2026-04-05,Paid Search,Google Ads - Brand,0,Visitor,0
103824,2026-02-12,Paid Search,Google Ads - Generic,0,Visitor,0
106582,2026-06-01,Social Media,LinkedIn Ads,0,Visitor,0
109281,2026-01-23,Referral,Partner Referral,5,SQL,0
102967,2026-05-20,Paid Search,Google Ads - Brand,0,Visitor,0
104651,2026-02-27,Paid Search,Google Ads - Generic,0,Visitor,0
101748,2026-05-06,Organic Search,SEO - Blog,0,Visitor,0
111643,2026-03-18,Direct,Direct/None,0,Visitor,0
106190,2026-06-06,Social Media,Instagram Ads,0,Visitor,0
111586,2026-03-11,Direct,Direct/None,0,MQL,0
101713,2026-05-19,Organic Search,SEO - Blog,12,SQL,0
102077,2026-04-21,Organic Search,SEO - Blog,12,Lead,0
108069,2026-04-04,Email,Product Drip Campaign,8,SQL,0
106437,2026-06-15,Social Media,Facebook Ads,0,Visitor,0
101528,2026-04-06,Organic Search,SEO - Blog,0,Visitor,0
111297,2026-05-02,Direct,Direct/None,0,MQL,0
101284,2026-06-19,Organic Search,SEO - Blog,0,Visitor,0
109522,2026-05-03,Referral,Partner Referral,0,Visitor,0
103025,2026-02-17,Paid Search,Google Ads - Generic,0,Visitor,0
110765,2026-04-21,Direct,Direct/None,0,Visitor,0
101922,2026-04-27,Organic Search,SEO - Blog,0,Visitor,0
105867,2026-03-15,Social Media,Facebook Ads,0,Visitor,0
103940,2026-03-02,Paid Search,Google Ads - Brand,0,Visitor,0
105727,2026-04-02,Social Media,Facebook Ads,0,Visitor,0
102758,2026-05-02,Organic Search,SEO - Product Pages,0,Visitor,0
108104,2026-04-08,Email,Product Drip Campaign,0,Visitor,0
102826,2026-01-18,Organic Search,SEO - Product Pages,0,Visitor,0
111312,2026-03-10,Direct,Direct/None,0,Visitor,0
108654,2026-04-29,Email,Product Drip Campaign,0,Visitor,0
102608,2026-02-19,Organic Search,SEO - Product Pages,0,Visitor,0
101370,2026-02-22,Organic Search,SEO - Blog,12,Lead,0
110017,2026-04-10,Referral,Partner Referral,5,Lead,0
105150,2026-04-28,Paid Search,Google Ads - Brand,0,Visitor,0
102854,2026-05-27,Organic Search,SEO - Blog,0,Visitor,0
107164,2026-03-09,Social Media,Instagram Ads,0,Visitor,0
101529,2026-02-26,Organic Search,SEO - Product Pages,0,Visitor,0
104483,2026-04-22,Paid Search,Google Ads - Brand,48,Lead,0
108026,2026-04-09,Email,Product Drip Campaign,0,Visitor,0
103218,2026-04-26,Paid Search,Google Ads - Generic,0,Visitor,0
105580,2026-03-30,Social Media,LinkedIn Ads,0,Visitor,0
106164,2026-03-20,Social Media,Instagram Ads,0,Visitor,0
111186,2026-03-23,Direct,Direct/None,0,Visitor,0
102046,2026-03-07,Organic Search,SEO - Product Pages,12,Lead,0
109568,2026-04-25,Referral,Customer Referral Program,0,Visitor,0
110132,2026-04-27,Referral,Partner Referral,5,SQL,0
109520,2026-03-31,Referral,Partner Referral,0,Visitor,0
100343,2026-04-25,Organic Search,SEO - Blog,0,Visitor,0
107948,2026-05-27,Email,Newsletter,0,Visitor,0
104958,2026-01-28,Paid Search,Google Ads - Generic,48,MQL,0
101634,2026-03-28,Organic Search,SEO - Product Pages,0,Visitor,0
100391,2026-06-03,Organic Search,SEO - Blog,0,Visitor,0
104224,2026-02-13,Paid Search,Google Ads - Generic,0,Visitor,0
106857,2026-03-13,Social Media,LinkedIn Ads,0,Visitor,0
100610,2026-04-16,Organic Search,SEO - Product Pages,0,Visitor,0
101454,2026-02-17,Organic Search,SEO - Product Pages,0,Visitor,0
105691,2026-03-12,Social Media,LinkedIn Ads,0,Visitor,0
105799,2026-05-03,Social Media,Instagram Ads,0,Visitor,0
105111,2026-04-20,Paid Search,Google Ads - Brand,0,Visitor,0
108719,2026-05-17,Email,Product Drip Campaign,8,Lead,0
101039,2026-03-16,Organic Search,SEO - Blog,0,Visitor,0
110746,2026-04-27,Direct,Direct/None,0,Visitor,0
110846,2026-05-20,Direct,Direct/None,0,Visitor,0
101450,2026-05-20,Organic Search,SEO - Blog,0,Visitor,0
106236,2026-04-26,Social Media,Facebook Ads,0,Visitor,0
102938,2026-02-18,Paid Search,Google Ads - Generic,0,Visitor,0
106283,2026-03-28,Social Media,Facebook Ads,0,Visitor,0
101772,2026-03-04,Organic Search,SEO - Product Pages,0,Visitor,0
111901,2026-03-19,Direct,Unknown / Untagged,0,Visitor,0
109766,2026-06-23,Referral,Customer Referral Program,0,Visitor,0
108565,2026-04-30,Email,Newsletter,0,Visitor,0
109989,2026-04-08,Referral,Partner Referral,5,SQL,0
107368,2026-05-27,Social Media,Instagram Ads,0,Visitor,0
100405,2026-02-20,Organic Search,SEO - Blog,12,Lead,0
107535,2026-04-27,Social Media,Facebook Ads,0,Visitor,0
107599,2026-04-16,Social Media,LinkedIn Ads,0,Visitor,0
101622,2026-03-25,Organic Search,SEO - Product Pages,0,Visitor,0
105980,2026-06-04,Social Media,Instagram Ads,35,Lead,0
109260,2026-05-26,Referral,Customer Referral Program,5,MQL,0
107188,2026-05-17,Social Media,Instagram Ads,0,Visitor,0
110963,2026-04-03,Direct,Direct/None,0,Visitor,0
105820,2026-05-16,Social Media,LinkedIn Ads,0,Visitor,0
109190,2026-03-23,Referral,Customer Referral Program,0,Visitor,0
105301,2026-04-04,Social Media,Instagram Ads,0,Visitor,0
102636,2026-02-08,Organic Search,SEO - Blog,0,Visitor,0
110969,2026-04-21,Direct,Direct/None,0,Visitor,0
111316,2026-04-27,Direct,Direct/None,0,Visitor,0
110319,2026-03-25,Direct,Direct/None,0,Visitor,0
100133,2026-02-06,Organic Search,SEO - Blog,0,Visitor,0
104468,2026-04-01,Paid Search,Google Ads - Brand,0,Visitor,0
100362,2026-05-05,Organic Search,SEO - Blog,0,Visitor,0
107463,2026-03-07,Social Media,Instagram Ads,0,Visitor,0
111885,2026-03-07,Direct,Direct/None,0,Visitor,0
100329,2026-04-18,Organic Search,SEO - Product Pages,0,Visitor,0
100491,2026-05-01,Organic Search,SEO - Product Pages,0,Visitor,0
102190,2026-04-08,Organic Search,SEO - Blog,0,Visitor,0
104062,2026-05-19,Paid Search,Google Ads - Generic,0,Visitor,0
101381,2026-02-18,Organic Search,SEO - Product Pages,12,MQL,0
102605,2026-04-03,Organic Search,SEO - Blog,0,Visitor,0
104374,2026-01-29,Paid Search,Google Ads - Generic,0,Visitor,0
105551,2026-04-02,Social Media,Instagram Ads,0,Visitor,0
109548,2026-04-26,Referral,Partner Referral,5,MQL,0
100168,2026-05-13,Organic Search,SEO - Blog,0,Visitor,0
109981,2026-04-06,Referral,Partner Referral,0,Visitor,0
102695,2026-05-12,Organic Search,SEO - Product Pages,0,Visitor,0
109902,2026-03-01,Referral,Customer Referral Program,0,Visitor,0
101959,2026-02-19,Organic Search,SEO - Blog,0,Visitor,0
104170,2026-05-03,Paid Search,Google Ads - Brand,0,Visitor,0
111034,2026-03-20,Direct,Direct/None,0,Visitor,0
108933,2026-03-19,Email,Newsletter,0,Visitor,0
102497,2026-04-28,Organic Search,SEO - Blog,0,Visitor,0
110099,2026-05-24,Referral,Customer Referral Program,0,Visitor,0
110900,2026-05-10,Direct,Direct/None,0,Visitor,0
101700,2026-04-07,Organic Search,SEO - Product Pages,0,Visitor,0
104458,2026-04-22,Paid Search,Google Ads - Brand,48,Lead,0
111619,2026-04-01,Direct,Direct/None,0,Lead,0
108372,2026-02-09,Email,Newsletter,0,Visitor,0
105729,2026-03-03,Social Media,Facebook Ads,0,Visitor,0
105764,2026-04-04,Social Media,Instagram Ads,0,Visitor,0
103531,2026-02-11,Paid Search,Google Ads - Brand,0,Visitor,0
100723,2026-03-11,Organic Search,SEO - Product Pages,0,Visitor,0
109546,2026-03-17,Referral,Customer Referral Program,0,Visitor,0
109008,2026-05-06,Email,Newsletter,8,MQL,0
102751,2026-03-25,Organic Search,SEO - Blog,12,Lead,0
107755,2026-04-11,Social Media,Instagram Ads,35,MQL,0
106730,2026-04-17,Social Media,Facebook Ads,0,Visitor,0
107396,2026-03-22,Social Media,Instagram Ads,0,Visitor,0
102163,2026-02-11,Organic Search,Unknown / Untagged,0,Visitor,0
111477,2026-03-29,Direct,Direct/None,0,Visitor,0
107194,2026-04-24,Social Media,Instagram Ads,0,Visitor,0
102506,2026-04-06,Organic Search,SEO - Blog,0,Visitor,0
102986,2026-04-16,Paid Search,Google Ads - Generic,0,Visitor,0
111409,2026-03-26,Direct,Direct/None,0,Visitor,0
109680,2026-05-29,Referral,Customer Referral Program,0,Visitor,0
109262,2026-03-26,Referral,Customer Referral Program,0,Visitor,0
106351,2026-04-22,Social Media,Facebook Ads,0,Visitor,0
108234,2026-03-28,Email,Product Drip Campaign,8,Customer,886
102975,2026-03-23,Paid Search,Google Ads - Brand,0,Visitor,0
107917,2026-04-08,Social Media,LinkedIn Ads,35,Lead,0
108529,2026-05-31,Email,Newsletter,8,Lead,0
111933,2026-01-01,Direct,Direct/None,0,Visitor,0
105818,2026-03-11,Social Media,Facebook Ads,0,Visitor,0
108689,2026-05-17,Email,Product Drip Campaign,0,Visitor,0
109294,2026-01-26,Referral,Customer Referral Program,0,Visitor,0
106560,2026-04-04,Social Media,Instagram Ads,0,Visitor,0
107837,2026-04-12,Social Media,LinkedIn Ads,0,Visitor,0
109089,2026-06-24,Email,Newsletter,8,Lead,0
100756,2026-03-03,Organic Search,SEO - Product Pages,0,Visitor,0
100316,2026-03-14,Organic Search,SEO - Blog,0,Visitor,0
111442,2026-03-06,Direct,Direct/None,0,Visitor,0
102651,2026-04-27,Organic Search,SEO - Blog,0,Visitor,0
109370,2026-02-09,Referral,Customer Referral Program,0,Visitor,0
100215,2026-03-01,Organic Search,SEO - Product Pages,0,Visitor,0
102257,2026-04-16,Organic Search,SEO - Blog,12,Customer,915
107439,2026-03-16,Social Media,Instagram Ads,0,Visitor,0
102137,2026-02-23,Organic Search,SEO - Blog,0,Visitor,0
100533,2026-03-30,Organic Search,SEO - Product Pages,0,Visitor,0
102174,2026-03-25,Organic Search,SEO - Product Pages,0,Visitor,0
103939,2026-05-14,Paid Search,Google Ads - Brand,0,Visitor,0
104755,2026-02-28,Paid Search,Google Ads - Generic,0,Visitor,0
104664,2026-03-29,Paid Search,Google Ads - Generic,48,Lead,0
107559,2026-05-04,Social Media,Facebook Ads,0,Visitor,0
108469,2026-02-28,Email,Newsletter,0,Visitor,0
105977,2026-05-26,Social Media,Instagram Ads,35,Lead,0
110857,2026-02-22,Direct,Direct/None,0,Visitor,0
105672,2026-03-17,Social Media,Instagram Ads,0,Visitor,0
109807,2026-01-29,Referral,Customer Referral Program,0,Visitor,0
105475,2026-02-08,Social Media,LinkedIn Ads,0,Visitor,0
109275,2026-01-28,Referral,Customer Referral Program,5,Lead,0
104433,2026-04-20,Paid Search,Google Ads - Brand,48,Lead,0
105965,2026-05-09,Social Media,Instagram Ads,0,Visitor,0
101510,2026-03-08,Organic Search,SEO - Product Pages,0,Visitor,0
101309,2026-05-28,Organic Search,SEO - Blog,0,Visitor,0
111779,2026-06-09,Direct,Direct/None,0,Visitor,0
100747,2026-03-12,Organic Search,SEO - Product Pages,0,Visitor,0
101304,2026-04-11,Organic Search,SEO - Blog,0,Visitor,0
108048,2026-01-30,Email,Newsletter,0,Visitor,0
106984,2026-04-24,Social Media,Instagram Ads,0,Visitor,0
107427,2026-03-29,Social Media,Instagram Ads,35,MQL,0
105427,2026-03-10,Social Media,Instagram Ads,35,Lead,0
108421,2026-05-19,Email,Product Drip Campaign,8,Lead,0
101887,2026-04-05,Organic Search,SEO - Product Pages,0,Visitor,0
110466,2026-04-24,Direct,Direct/None,0,MQL,0
106078,2026-02-23,Social Media,Facebook Ads,0,Visitor,0
111918,2026-03-19,Direct,Direct/None,0,Visitor,0
111094,2026-02-28,Direct,Direct/None,0,Visitor,0
102495,2026-01-12,Organic Search,SEO - Product Pages,0,Visitor,0
102423,2026-03-16,Organic Search,SEO - Product Pages,0,Visitor,0
107964,2026-02-16,Email,Product Drip Campaign,8,Lead,0
108180,2026-03-16,Email,Product Drip Campaign,8,Customer,1368
100802,2026-04-12,Organic Search,SEO - Blog,0,Visitor,0
104413,2026-04-12,Paid Search,Google Ads - Generic,48,Lead,0
102973,2026-04-23,Paid Search,Google Ads - Generic,48,MQL,0
100290,2026-02-14,Organic Search,SEO - Product Pages,0,Visitor,0
105577,2026-01-27,Social Media,LinkedIn Ads,0,Visitor,0
101802,2026-04-09,Organic Search,SEO - Product Pages,12,MQL,0
109143,2026-02-04,Referral,Customer Referral Program,5,Lead,0
109858,2026-02-16,Referral,Customer Referral Program,0,Visitor,0
102883,2026-03-24,Paid Search,Google Ads - Generic,48,Lead,0
108941,2026-04-26,Email,Newsletter,0,Visitor,0
108211,2026-03-23,Email,Product Drip Campaign,8,MQL,0
103182,2026-03-18,Paid Search,Google Ads - Generic,48,MQL,0
110174,2026-03-23,Referral,Customer Referral Program,5,Customer,962
103638,2026-04-04,Paid Search,Google Ads - Generic,0,Visitor,0
101059,2026-04-05,Organic Search,SEO - Blog,12,MQL,0
109406,2026-05-26,Referral,Partner Referral,5,Lead,0
103667,2026-04-09,Paid Search,Google Ads - Brand,48,MQL,0
105812,2026-01-09,Social Media,Facebook Ads,0,Visitor,0
107028,2026-04-12,Social Media,LinkedIn Ads,0,Visitor,0
109605,2026-03-17,Referral,Customer Referral Program,5,SQL,0
104610,2026-04-12,Paid Search,Google Ads - Brand,48,MQL,0
104942,2026-03-19,Paid Search,Google Ads - Generic,48,Lead,0
106728,2026-02-17,Social Media,LinkedIn Ads,35,Lead,0
101343,2026-02-24,Organic Search,SEO - Product Pages,0,Visitor,0
111891,2026-05-10,Direct,Direct/None,0,Visitor,0
102051,2026-03-17,Organic Search,SEO - Product Pages,12,Lead,0
102833,2026-04-03,Organic Search,SEO - Product Pages,0,Visitor,0
105858,2026-02-28,Social Media,LinkedIn Ads,0,Visitor,0
103405,2026-02-08,Paid Search,Google Ads - Generic,0,Visitor,0
111057,2026-02-14,Direct,Direct/None,0,Visitor,0
108656,2026-03-18,Email,Newsletter,8,Customer,1960
100074,2026-06-02,Organic Search,SEO - Blog,12,MQL,0
101490,2026-05-29,Organic Search,SEO - Product Pages,0,Visitor,0
104635,2026-04-13,Paid Search,Google Ads - Generic,0,Visitor,0
109840,2026-06-22,Referral,Customer Referral Program,5,Customer,1425
105022,2026-06-03,Paid Search,Google Ads - Brand,0,Visitor,0
100826,2026-04-04,Organic Search,SEO - Product Pages,0,Visitor,0
104417,2026-04-26,Paid Search,Google Ads - Brand,48,Lead,0
102728,2026-05-15,Organic Search,SEO - Blog,0,Visitor,0
105909,2026-06-12,Social Media,Instagram Ads,0,Visitor,0
104082,2026-02-20,Paid Search,Google Ads - Brand,0,Visitor,0
100493,2026-03-15,Organic Search,SEO - Blog,0,Visitor,0
100736,2026-03-01,Organic Search,SEO - Blog,12,SQL,0
107544,2026-06-13,Social Media,LinkedIn Ads,0,Visitor,0
103570,2026-04-26,Paid Search,Google Ads - Generic,0,Visitor,0
108055,2026-04-17,Email,Product Drip Campaign,8,SQL,0
109535,2026-04-23,Referral,Customer Referral Program,0,Visitor,0
105922,2026-04-11,Social Media,Facebook Ads,0,Visitor,0
100650,2026-06-19,Organic Search,SEO - Product Pages,0,Visitor,0
106599,2026-03-09,Social Media,Instagram Ads,0,Visitor,0
111487,2026-04-25,Direct,Direct/None,0,Visitor,0
111099,2026-02-28,Direct,Direct/None,0,Lead,0
101213,2026-04-27,Organic Search,SEO - Blog,0,Visitor,0
107483,2026-03-19,Social Media,Instagram Ads,0,Visitor,0
103465,2026-03-09,Paid Search,Google Ads - Generic,48,Lead,0
101845,2026-05-17,Organic Search,SEO - Blog,12,Lead,0
108634,2026-06-03,Email,Product Drip Campaign,0,Visitor,0
102749,2026-04-22,Organic Search,SEO - Blog,0,Visitor,0
104352,2026-04-30,Paid Search,Google Ads - Brand,0,Visitor,0
105781,2026-05-10,Social Media,LinkedIn Ads,0,Visitor,0
107291,2026-03-26,Social Media,Facebook Ads,0,Visitor,0
108559,2026-04-22,Email,Newsletter,8,Lead,0
109053,2026-04-17,Email,Product Drip Campaign,0,Visitor,0
106834,2026-04-12,Social Media,Instagram Ads,0,Visitor,0
105039,2026-03-28,Paid Search,Google Ads - Brand,48,Lead,0
104222,2026-05-15,Paid Search,Google Ads - Generic,48,Lead,0
104965,2026-05-28,Paid Search,Google Ads - Generic,0,Visitor,0
105278,2026-03-23,Paid Search,Google Ads - Brand,0,Visitor,0
104529,2026-05-26,Paid Search,Google Ads - Brand,0,Visitor,0
107565,2026-06-07,Social Media,Facebook Ads,0,Visitor,0
102355,2026-01-13,Organic Search,SEO - Product Pages,12,MQL,0
108376,2026-04-25,Email,Newsletter,8,Customer,1386
104045,2026-02-22,Paid Search,Google Ads - Brand,0,Visitor,0
103760,2026-04-18,Paid Search,Google Ads - Brand,0,Visitor,0
107800,2026-04-08,Social Media,LinkedIn Ads,0,Visitor,0
100774,2026-06-11,Organic Search,SEO - Product Pages,0,Visitor,0
107611,2026-04-11,Social Media,Instagram Ads,0,Visitor,0
104758,2026-05-06,Paid Search,Google Ads - Generic,48,MQL,0
105050,2026-02-13,Paid Search,Google Ads - Generic,48,Lead,0
100026,2026-01-17,Organic Search,SEO - Blog,0,Visitor,0
107667,2026-04-15,Social Media,LinkedIn Ads,0,Visitor,0
108631,2026-01-21,Email,Product Drip Campaign,8,MQL,0
104839,2026-05-04,Paid Search,Google Ads - Generic,0,Visitor,0
103087,2026-03-15,Paid Search,Google Ads - Generic,0,Visitor,0
102058,2026-03-22,Organic Search,SEO - Blog,12,MQL,0
107628,2026-05-01,Social Media,LinkedIn Ads,0,Visitor,0
103277,2026-04-19,Paid Search,Google Ads - Brand,0,Visitor,0
103873,2026-02-20,Paid Search,Google Ads - Generic,48,Lead,0
108979,2026-05-08,Email,Newsletter,0,Visitor,0
102923,2026-01-21,Paid Search,Google Ads - Brand,0,Visitor,0
103391,2026-04-20,Paid Search,Google Ads - Brand,0,Visitor,0
103059,2026-05-10,Paid Search,Google Ads - Generic,0,Visitor,0
109641,2026-03-01,Referral,Customer Referral Program,0,Visitor,0
108831,2026-05-01,Email,Newsletter,8,MQL,0
108649,2026-04-22,Email,Newsletter,0,Visitor,0
109530,2026-03-18,Referral,Partner Referral,0,Visitor,0
103213,2026-03-22,Paid Search,Google Ads - Brand,0,Visitor,0
104179,2026-06-04,Paid Search,Google Ads - Generic,48,Customer,1610
102367,2026-04-04,Organic Search,SEO - Product Pages,0,Visitor,0
105307,2026-04-19,Social Media,Instagram Ads,0,Visitor,0
108449,2026-04-12,Email,Newsletter,0,Visitor,0
108511,2026-05-08,Email,Product Drip Campaign,8,Lead,0
106799,2026-04-15,Social Media,LinkedIn Ads,0,Visitor,0
100658,2026-02-06,Organic Search,SEO - Blog,0,Visitor,0
111242,2026-02-28,Direct,Direct/None,0,SQL,0
106602,2026-03-22,Social Media,LinkedIn Ads,0,Visitor,0
101786,2026-01-20,Organic Search,SEO - Product Pages,0,Visitor,0
111440,2026-05-27,Direct,Direct/None,0,Lead,0
109498,2026-02-14,Referral,Customer Referral Program,5,Lead,0
104834,2026-04-17,Paid Search,Google Ads - Generic,0,Visitor,0
111862,2026-04-16,Direct,Direct/None,0,Visitor,0
105330,2026-03-18,Social Media,LinkedIn Ads,0,Visitor,0
109108,2026-03-29,Email,Newsletter,0,Visitor,0
110878,2026-06-22,Direct,Direct/None,0,Visitor,0
110404,2026-04-20,Direct,Direct/None,0,Visitor,0
108349,2026-01-24,Email,Product Drip Campaign,0,Visitor,0
104929,2026-05-31,Paid Search,Google Ads - Generic,0,Visitor,0
107825,2026-02-08,Social Media,Instagram Ads,0,Visitor,0
104900,2026-03-28,Paid Search,Google Ads - Brand,0,Visitor,0
106114,2026-04-15,Social Media,LinkedIn Ads,0,Visitor,0
111861,2026-04-22,Direct,Direct/None,0,Visitor,0
104416,2026-05-21,Paid Search,Google Ads - Generic,0,Visitor,0
111193,2026-01-31,Direct,Direct/None,0,Visitor,0
109777,2026-05-01,Referral,Partner Referral,0,Visitor,0
109077,2026-04-13,Email,Product Drip Campaign,0,Visitor,0
108726,2026-02-08,Email,Product Drip Campaign,0,Visitor,0
108607,2026-03-08,Email,Newsletter,0,Visitor,0
111951,2026-03-24,Direct,Direct/None,0,Visitor,0
111430,2026-02-13,Direct,Direct/None,0,Visitor,0
105263,2026-03-08,Paid Search,Google Ads - Generic,0,Visitor,0
100910,2026-01-11,Organic Search,SEO - Product Pages,0,Visitor,0
109394,2026-01-17,Referral,Partner Referral,0,Visitor,0
108356,2026-04-16,Email,Product Drip Campaign,0,Visitor,0
108773,2026-03-02,Email,Product Drip Campaign,0,Visitor,0
105195,2026-03-06,Paid Search,Google Ads - Generic,0,Visitor,0
107167,2026-03-31,Social Media,LinkedIn Ads,0,Visitor,0
110759,2026-03-11,Direct,Direct/None,0,Visitor,0
101979,2026-03-19,Organic Search,SEO - Blog,12,Lead,0
100933,2026-03-20,Organic Search,SEO - Blog,0,Visitor,0
107031,2026-06-03,Social Media,Instagram Ads,0,Visitor,0
101975,2026-04-16,Organic Search,SEO - Blog,12,MQL,0
101946,2026-02-21,Organic Search,SEO - Blog,0,Visitor,0
109118,2026-02-02,Email,Newsletter,0,Visitor,0
101421,2026-02-10,Organic Search,SEO - Product Pages,0,Visitor,0
110418,2026-05-13,Direct,Direct/None,0,Visitor,0
101537,2026-03-23,Organic Search,SEO - Blog,0,Visitor,0
105015,2026-02-22,Paid Search,Google Ads - Brand,0,Visitor,0
104701,2026-05-01,Paid Search,Google Ads - Brand,0,Visitor,0
108340,2026-01-31,Email,Newsletter,8,MQL,0
106289,2026-05-21,Social Media,LinkedIn Ads,35,MQL,0
104281,2026-05-30,Paid Search,Google Ads - Brand,0,Visitor,0
101604,2026-04-16,Organic Search,SEO - Product Pages,0,Visitor,0
111444,2026-04-28,Direct,Direct/None,0,MQL,0
102935,2026-03-16,Paid Search,Google Ads - Brand,0,Visitor,0
108266,2026-05-24,Email,Product Drip Campaign,8,Lead,0
100226,2026-04-13,Organic Search,SEO - Product Pages,0,Visitor,0
108684,2026-05-08,Email,Newsletter,8,Customer,1344
101031,2026-05-07,Organic Search,SEO - Product Pages,0,Visitor,0
101072,2026-04-07,Organic Search,SEO - Product Pages,0,Visitor,0
107216,2026-05-05,Social Media,Facebook Ads,0,Visitor,0
102557,2026-06-03,Organic Search,SEO - Blog,0,Visitor,0
106909,2026-03-13,Social Media,Instagram Ads,0,Visitor,0
108490,2026-05-27,Email,Newsletter,0,Visitor,0
106413,2026-04-01,Social Media,Facebook Ads,0,Visitor,0
107370,2026-05-04,Social Media,Facebook Ads,0,Visitor,0
108964,2026-05-26,Email,Newsletter,0,Visitor,0
104925,2026-04-24,Paid Search,Google Ads - Brand,0,Visitor,0
105029,2026-04-02,Paid Search,Google Ads - Brand,0,Visitor,0
105746,2026-05-26,Social Media,Facebook Ads,0,Visitor,0
109717,2026-05-05,Referral,Partner Referral,0,Visitor,0
110305,2026-05-22,Direct,Direct/None,0,Visitor,0
101350,2026-05-17,Organic Search,SEO - Product Pages,0,Visitor,0
108861,2026-04-03,Email,Product Drip Campaign,8,Lead,0
108428,2026-06-13,Email,Product Drip Campaign,0,Visitor,0
105011,2026-03-19,Paid Search,Google Ads - Generic,48,SQL,0
110932,2026-04-14,Direct,Direct/None,0,Lead,0
109785,2026-06-11,Referral,Customer Referral Program,5,MQL,0
110456,2026-03-31,Direct,Direct/None,0,Visitor,0
109764,2026-05-15,Referral,Customer Referral Program,5,Lead,0
106643,2026-04-28,Social Media,Facebook Ads,0,Visitor,0
107822,2026-05-01,Social Media,LinkedIn Ads,0,Visitor,0
103562,2026-01-02,Paid Search,Google Ads - Generic,0,Visitor,0
102766,2026-05-09,Organic Search,SEO - Blog,0,Visitor,0
111528,2026-04-11,Direct,Direct/None,0,Visitor,0
102493,2026-05-21,Organic Search,SEO - Product Pages,0,Visitor,0
105349,2026-03-15,Social Media,LinkedIn Ads,0,Visitor,0
111185,2026-04-18,Direct,Direct/None,0,Visitor,0
110249,2026-01-15,Direct,Direct/None,0,Visitor,0
109122,2026-04-16,Referral,Customer Referral Program,5,MQL,0
101117,2026-01-14,Organic Search,SEO - Product Pages,0,Visitor,0
105767,2026-03-29,Social Media,Instagram Ads,0,Visitor,0
101126,2026-05-22,Organic Search,SEO - Blog,0,Visitor,0
104940,2026-02-04,Paid Search,Google Ads - Brand,0,Visitor,0
100244,2026-02-01,Organic Search,SEO - Blog,0,Visitor,0
103840,2026-05-01,Paid Search,Google Ads - Generic,0,Visitor,0
102013,2026-04-30,Organic Search,SEO - Product Pages,12,MQL,0
111199,2026-05-15,Direct,Direct/None,0,Visitor,0
108991,2026-03-13,Email,Product Drip Campaign,0,Visitor,0
110994,2026-05-21,Direct,Direct/None,0,Visitor,0
108322,2026-03-20,Email,Newsletter,8,MQL,0
101217,2026-03-13,Organic Search,SEO - Blog,0,Visitor,0
111246,2026-05-11,Direct,Direct/None,0,Visitor,0
107522,2026-02-11,Social Media,LinkedIn Ads,0,Visitor,0
109209,2026-05-15,Referral,Partner Referral,5,MQL,0
110256,2026-03-28,Direct,Direct/None,0,Visitor,0
102959,2026-05-18,Paid Search,Google Ads - Generic,48,MQL,0
104727,2026-04-15,Paid Search,Google Ads - Brand,0,Visitor,0
106584,2026-03-11,Social Media,Unknown / Untagged,0,Visitor,0
103350,2026-05-11,Paid Search,Google Ads - Brand,0,Visitor,0
108593,2026-01-31,Email,Newsletter,8,MQL,0
111287,2026-04-25,Direct,Direct/None,0,Customer,2106
108646,2026-03-23,Email,Product Drip Campaign,0,Visitor,0
108823,2026-05-18,Email,Newsletter,0,Visitor,0
104364,2026-02-20,Paid Search,Google Ads - Brand,48,Customer,2149
111511,2026-03-26,Direct,Direct/None,0,Visitor,0
108688,2026-04-19,Email,Newsletter,8,Lead,0
103849,2026-05-03,Paid Search,Google Ads - Brand,0,Visitor,0
100283,2026-04-22,Organic Search,SEO - Blog,0,Visitor,0
103986,2026-02-05,Paid Search,Google Ads - Brand,48,Lead,0
100203,2026-02-21,Organic Search,SEO - Blog,0,Visitor,0
100402,2026-04-21,Organic Search,SEO - Blog,0,Visitor,0
104403,2026-05-17,Paid Search,Google Ads - Generic,0,Visitor,0
106174,2026-04-30,Social Media,Instagram Ads,0,Visitor,0
110215,2026-01-18,Direct,Direct/None,0,Lead,0
103439,2026-05-03,Paid Search,Google Ads - Brand,0,Visitor,0
104157,2026-04-21,Paid Search,Google Ads - Brand,0,Visitor,0
106225,2026-06-05,Social Media,Facebook Ads,0,Visitor,0
107776,2026-05-01,Social Media,Instagram Ads,0,Visitor,0
109374,2026-03-30,Referral,Partner Referral,0,Visitor,0
106259,2026-04-05,Social Media,LinkedIn Ads,0,Visitor,0
108103,2026-02-12,Email,Newsletter,0,Visitor,0
107622,2026-03-25,Social Media,Facebook Ads,0,Visitor,0
102679,2026-03-29,Organic Search,SEO - Blog,0,Visitor,0
100634,2026-04-17,Organic Search,SEO - Blog,12,Customer,952
103077,2026-04-24,Paid Search,Google Ads - Generic,0,Visitor,0
110105,2026-04-09,Referral,Unknown / Untagged,0,Visitor,0
106291,2026-05-31,Social Media,LinkedIn Ads,0,Visitor,0
104973,2026-04-24,Paid Search,Google Ads - Brand,0,Visitor,0
107806,2026-05-07,Social Media,LinkedIn Ads,0,Visitor,0
111191,2026-06-05,Direct,Direct/None,0,Visitor,0
102153,2026-04-05,Organic Search,SEO - Blog,0,Visitor,0
103703,2026-05-19,Paid Search,Google Ads - Brand,0,Visitor,0
110807,2026-05-14,Direct,Direct/None,0,Visitor,0
105163,2026-05-13,Paid Search,Google Ads - Generic,48,MQL,0
110958,2026-04-07,Direct,Direct/None,0,Visitor,0
101195,2026-04-24,Organic Search,SEO - Blog,0,Visitor,0
102942,2026-05-06,Paid Search,Google Ads - Brand,48,MQL,0
103111,2026-04-19,Paid Search,Google Ads - Brand,48,Lead,0
104194,2026-05-04,Paid Search,Google Ads - Brand,0,Visitor,0
111627,2026-04-21,Direct,Direct/None,0,Visitor,0
109660,2026-02-03,Referral,Customer Referral Program,0,Visitor,0
104554,2026-04-08,Paid Search,Google Ads - Brand,0,Visitor,0
106354,2026-03-29,Social Media,Instagram Ads,0,Visitor,0
107584,2026-04-01,Social Media,LinkedIn Ads,35,Lead,0
106928,2026-04-06,Social Media,Instagram Ads,0,Visitor,0
107682,2026-02-24,Social Media,LinkedIn Ads,0,Visitor,0
106212,2026-02-08,Social Media,Facebook Ads,0,Visitor,0
102471,2026-05-30,Organic Search,SEO - Blog,0,Visitor,0
110834,2026-06-15,Direct,Direct/None,0,Visitor,0
105419,2026-05-04,Social Media,Instagram Ads,0,Visitor,0
110387,2026-06-04,Direct,Direct/None,0,Visitor,0
109832,2026-04-27,Referral,Partner Referral,0,Visitor,0
101491,2026-04-23,Organic Search,SEO - Blog,0,Visitor,0
109768,2026-04-08,Referral,Customer Referral Program,0,Visitor,0
108564,2026-04-02,Email,Newsletter,8,MQL,0
107550,2026-04-23,Social Media,Instagram Ads,0,Visitor,0
103797,2026-03-07,Paid Search,Google Ads - Brand,0,Visitor,0
101078,2026-06-01,Organic Search,SEO - Product Pages,0,Visitor,0
100369,2026-03-18,Organic Search,SEO - Product Pages,12,MQL,0
102519,2026-06-07,Organic Search,SEO - Blog,0,Visitor,0
103814,2026-06-04,Paid Search,Google Ads - Generic,0,Visitor,0
108745,2026-02-09,Email,Product Drip Campaign,0,Visitor,0
109969,2026-04-17,Referral,Customer Referral Program,0,Visitor,0
104659,2026-02-28,Paid Search,Google Ads - Brand,48,SQL,0
103692,2026-03-17,Paid Search,Google Ads - Generic,0,Visitor,0
109735,2026-03-31,Referral,Customer Referral Program,0,Visitor,0
111384,2026-03-12,Direct,Direct/None,0,Visitor,0
103643,2026-01-20,Paid Search,Google Ads - Generic,48,Lead,0
110642,2026-03-08,Direct,Direct/None,0,Visitor,0
100824,2026-04-06,Organic Search,SEO - Blog,0,Visitor,0
105408,2026-02-25,Social Media,Facebook Ads,35,Lead,0
100700,2026-02-23,Organic Search,SEO - Product Pages,0,Visitor,0
109384,2026-05-05,Referral,Customer Referral Program,0,Visitor,0
110663,2026-04-09,Direct,Direct/None,0,Lead,0
109249,2026-01-24,Referral,Partner Referral,5,MQL,0
101504,2026-04-25,Organic Search,SEO - Product Pages,0,Visitor,0
111818,2026-05-21,Direct,Direct/None,0,Visitor,0
101380,2026-03-15,Organic Search,SEO - Product Pages,0,Visitor,0
111395,2026-04-11,Direct,Direct/None,0,Lead,0
106908,2026-03-07,Social Media,Facebook Ads,0,Visitor,0
103777,2026-05-16,Paid Search,Google Ads - Generic,48,SQL,0
107381,2026-05-31,Social Media,Instagram Ads,0,Visitor,0
103027,2026-04-03,Paid Search,Google Ads - Brand,0,Visitor,0
104249,2026-01-15,Paid Search,Google Ads - Generic,0,Visitor,0
103426,2026-03-30,Paid Search,Google Ads - Brand,48,MQL,0
109035,2026-03-29,Email,Newsletter,8,MQL,0
107984,2026-02-27,Email,Newsletter,8,Lead,0
109287,2026-05-13,Referral,Partner Referral,0,Visitor,0
111914,2026-02-15,Direct,Direct/None,0,Visitor,0
111649,2026-04-07,Direct,Direct/None,0,Visitor,0
100229,2026-05-24,Organic Search,SEO - Product Pages,0,Visitor,0
108451,2026-03-19,Email,Product Drip Campaign,0,Visitor,0
103491,2026-06-16,Paid Search,Google Ads - Brand,0,Visitor,0
111086,2026-02-24,Direct,Direct/None,0,Visitor,0
102473,2026-01-09,Organic Search,SEO - Product Pages,0,Visitor,0
101954,2026-03-15,Organic Search,SEO - Product Pages,0,Visitor,0
111748,2026-02-24,Direct,Direct/None,0,Visitor,0
111878,2026-05-22,Direct,Direct/None,0,Visitor,0
103632,2026-03-31,Paid Search,Google Ads - Generic,0,Visitor,0
109797,2026-04-10,Referral,Partner Referral,0,Visitor,0
110678,2026-04-15,Direct,Direct/None,0,Visitor,0
102260,2026-01-21,Organic Search,SEO - Blog,0,Visitor,0
106342,2026-03-29,Social Media,LinkedIn Ads,0,Visitor,0
106957,2026-02-26,Social Media,Facebook Ads,0,Visitor,0
105374,2026-04-01,Social Media,Facebook Ads,0,Visitor,0
106517,2026-01-28,Social Media,Instagram Ads,0,Visitor,0
111572,2026-02-18,Direct,Direct/None,0,Visitor,0
110216,2026-06-21,Direct,Direct/None,0,Visitor,0
100253,2026-03-16,Organic Search,SEO - Blog,0,Visitor,0
110691,2026-04-06,Direct,Direct/None,0,Visitor,0
110294,2026-04-25,Direct,Direct/None,0,Visitor,0
111272,2026-05-11,Direct,Direct/None,0,Visitor,0
107400,2026-03-07,Social Media,Instagram Ads,0,Visitor,0
108118,2026-03-15,Email,Newsletter,8,SQL,0
103102,2026-01-23,Paid Search,Google Ads - Brand,0,Visitor,0
106735,2026-05-17,Social Media,Facebook Ads,0,Visitor,0
103738,2026-02-27,Paid Search,Google Ads - Brand,0,Visitor,0
107624,2026-03-01,Social Media,Instagram Ads,0,Visitor,0
103120,2026-05-25,Paid Search,Google Ads - Generic,0,Visitor,0
100931,2026-03-16,Organic Search,SEO - Product Pages,0,Visitor,0
101599,2026-05-14,Organic Search,SEO - Blog,12,MQL,0
106993,2026-01-27,Social Media,Facebook Ads,0,Visitor,0
110254,2026-05-04,Direct,Direct/None,0,Visitor,0
104981,2026-01-20,Paid Search,Google Ads - Generic,0,Visitor,0
103366,2026-05-24,Paid Search,Google Ads - Brand,0,Visitor,0
109637,2026-04-09,Referral,Partner Referral,0,Visitor,0
105024,2026-05-28,Paid Search,Google Ads - Generic,0,Visitor,0
100206,2026-06-14,Organic Search,SEO - Product Pages,0,Visitor,0
104369,2026-05-13,Paid Search,Google Ads - Generic,0,Visitor,0
108064,2026-04-05,Email,Newsletter,8,Lead,0
102187,2026-03-12,Organic Search,SEO - Blog,0,Visitor,0
102797,2026-04-14,Organic Search,SEO - Product Pages,0,Visitor,0
110852,2026-03-06,Direct,Direct/None,0,Visitor,0
103417,2026-05-13,Paid Search,Google Ads - Generic,0,Visitor,0
107633,2026-04-06,Social Media,Instagram Ads,0,Visitor,0
102947,2026-05-20,Paid Search,Google Ads - Generic,48,MQL,0
101377,2026-04-07,Organic Search,SEO - Product Pages,0,Visitor,0
106676,2026-03-15,Social Media,Facebook Ads,0,Visitor,0
109227,2026-06-06,Referral,Partner Referral,0,Visitor,0
106361,2026-04-24,Social Media,Facebook Ads,0,Visitor,0
103516,2026-04-19,Paid Search,Google Ads - Generic,48,MQL,0
111318,2026-06-14,Direct,Direct/None,0,Visitor,0
107670,2026-03-17,Social Media,Facebook Ads,0,Visitor,0
105607,2026-03-10,Social Media,Instagram Ads,0,Visitor,0
100058,2026-06-15,Organic Search,SEO - Product Pages,0,Visitor,0
105259,2026-05-10,Paid Search,Google Ads - Brand,0,Visitor,0
107798,2026-04-01,Social Media,Facebook Ads,0,Visitor,0
111940,2026-06-04,Direct,Direct/None,0,Visitor,0
109947,2026-04-18,Referral,Customer Referral Program,0,Visitor,0
105078,2026-02-18,Paid Search,Google Ads - Brand,0,Visitor,0
102064,2026-04-10,Organic Search,SEO - Blog,0,Visitor,0
103444,2026-05-28,Paid Search,Google Ads - Generic,0,Visitor,0
110181,2026-06-09,Referral,Customer Referral Program,5,Lead,0
111834,2026-03-31,Direct,Direct/None,0,Visitor,0
105499,2026-03-03,Social Media,Instagram Ads,35,MQL,0
103225,2026-03-16,Paid Search,Google Ads - Generic,0,Visitor,0
104117,2026-05-04,Paid Search,Google Ads - Generic,0,Visitor,0
102371,2026-04-18,Organic Search,SEO - Product Pages,0,Visitor,0
108815,2026-05-20,Email,Newsletter,0,Visitor,0
104113,2026-04-21,Paid Search,Google Ads - Brand,0,Visitor,0
111973,2026-03-25,Direct,Direct/None,0,Visitor,0
102277,2026-04-18,Organic Search,SEO - Blog,0,Visitor,0
109598,2026-04-26,Referral,Customer Referral Program,0,Visitor,0
101794,2026-04-13,Organic Search,SEO - Product Pages,0,Visitor,0
109964,2026-05-01,Referral,Customer Referral Program,0,Visitor,0
106887,2026-05-22,Social Media,Instagram Ads,0,Visitor,0
106235,2026-04-19,Social Media,Facebook Ads,35,Lead,0
110227,2026-03-30,Direct,Direct/None,0,Visitor,0
107340,2026-04-25,Social Media,Facebook Ads,0,Visitor,0
111516,2026-04-27,Direct,Direct/None,0,Visitor,0
102266,2026-04-15,Organic Search,SEO - Product Pages,0,Visitor,0
104114,2026-05-10,Paid Search,Google Ads - Brand,0,Visitor,0
108600,2026-02-01,Email,Product Drip Campaign,0,Visitor,0
110907,2026-02-21,Direct,Direct/None,0,Visitor,0
103185,2026-05-04,Paid Search,Google Ads - Brand,0,Visitor,0
110277,2026-06-12,Direct,Direct/None,0,Visitor,0
100042,2026-03-07,Organic Search,SEO - Product Pages,0,Visitor,0
107455,2026-03-06,Social Media,Instagram Ads,0,Visitor,0
109965,2026-04-20,Referral,Customer Referral Program,0,Visitor,0
100839,2026-02-01,Organic Search,SEO - Blog,0,Visitor,0
104356,2026-03-22,Paid Search,Google Ads - Brand,48,MQL,0
111198,2026-02-01,Direct,Direct/None,0,Visitor,0
105756,2026-02-20,Social Media,LinkedIn Ads,0,Visitor,0
102183,2026-04-05,Organic Search,SEO - Blog,0,Visitor,0
101730,2026-01-29,Organic Search,SEO - Blog,0,Visitor,0
106415,2026-05-28,Social Media,LinkedIn Ads,35,Lead,0
104684,2026-03-29,Paid Search,Google Ads - Brand,0,Visitor,0
108578,2026-04-16,Email,Newsletter,8,SQL,0
110776,2026-03-03,Direct,Direct/None,0,Visitor,0
107753,2026-03-18,Social Media,Instagram Ads,0,Visitor,0
103759,2026-05-02,Paid Search,Google Ads - Generic,0,Visitor,0
110620,2026-06-01,Direct,Direct/None,0,Visitor,0
102971,2026-02-07,Paid Search,Google Ads - Brand,0,Visitor,0
107646,2026-05-26,Social Media,Instagram Ads,0,Visitor,0
107779,2026-03-17,Social Media,LinkedIn Ads,35,MQL,0
105200,2026-03-05,Paid Search,Google Ads - Brand,0,Visitor,0
103191,2026-04-03,Paid Search,Google Ads - Brand,48,Lead,0
103982,2026-01-31,Paid Search,Google Ads - Generic,0,Visitor,0
106141,2026-04-02,Social Media,LinkedIn Ads,35,Lead,0
102080,2026-05-27,Organic Search,SEO - Product Pages,0,Visitor,0
108518,2026-05-18,Email,Product Drip Campaign,0,Visitor,0
101765,2026-05-27,Organic Search,SEO - Product Pages,0,Visitor,0
104810,2026-05-24,Paid Search,Google Ads - Generic,0,Visitor,0
109300,2026-05-16,Referral,Partner Referral,0,Visitor,0
103538,2026-06-09,Paid Search,Google Ads - Brand,0,Visitor,0
100196,2026-05-04,Organic Search,SEO - Blog,0,Visitor,0
105970,2026-05-12,Social Media,LinkedIn Ads,35,Lead,0
102017,2026-05-12,Organic Search,SEO - Product Pages,0,Visitor,0
109970,2026-04-14,Referral,Customer Referral Program,5,MQL,0
101448,2026-06-12,Organic Search,SEO - Product Pages,0,Visitor,0
104265,2026-03-19,Paid Search,Google Ads - Generic,0,Visitor,0
100094,2026-02-06,Organic Search,SEO - Product Pages,0,Visitor,0
102327,2026-02-17,Organic Search,SEO - Product Pages,0,Visitor,0
106751,2026-02-07,Social Media,Facebook Ads,0,Visitor,0
108708,2026-02-14,Email,Newsletter,0,Visitor,0
101645,2026-03-31,Organic Search,SEO - Blog,0,Visitor,0
106767,2026-06-14,Social Media,Instagram Ads,0,Visitor,0
111201,2026-04-21,Direct,Direct/None,0,Visitor,0
103152,2026-02-24,Paid Search,Google Ads - Generic,48,Lead,0
101134,2026-03-31,Organic Search,SEO - Product Pages,0,Visitor,0
103412,2026-05-08,Paid Search,Google Ads - Generic,0,Visitor,0
100773,2026-05-23,Organic Search,SEO - Product Pages,0,Visitor,0
108355,2026-03-16,Email,Product Drip Campaign,8,Lead,0
106348,2026-05-06,Social Media,Facebook Ads,0,Visitor,0
111066,2026-02-12,Direct,Direct/None,0,MQL,0
102623,2026-01-28,Organic Search,SEO - Product Pages,12,MQL,0
107474,2026-04-16,Social Media,Facebook Ads,0,Visitor,0
104130,2026-03-22,Paid Search,Google Ads - Brand,0,Visitor,0
101988,2026-03-17,Organic Search,Unknown / Untagged,12,Lead,0
106522,2026-04-24,Social Media,Instagram Ads,35,Lead,0
100475,2026-05-12,Organic Search,SEO - Blog,0,Visitor,0
103154,2026-03-17,Paid Search,Google Ads - Generic,0,Visitor,0
103466,2026-03-05,Paid Search,Google Ads - Brand,48,Lead,0
100398,2026-03-06,Organic Search,SEO - Blog,0,Visitor,0
106054,2026-05-31,Social Media,Facebook Ads,35,MQL,0
107495,2026-05-10,Social Media,LinkedIn Ads,0,Visitor,0
102944,2026-05-30,Paid Search,Google Ads - Brand,0,Visitor,0
104466,2026-03-31,Paid Search,Google Ads - Brand,0,Visitor,0
107313,2026-03-03,Social Media,Instagram Ads,0,Visitor,0
107975,2026-03-19,Email,Product Drip Campaign,0,Visitor,0
102237,2026-02-28,Organic Search,SEO - Product Pages,0,Visitor,0
111687,2026-03-02,Direct,Direct/None,0,MQL,0
106208,2026-01-13,Social Media,Facebook Ads,35,MQL,0
109975,2026-04-28,Referral,Customer Referral Program,0,Visitor,0
102048,2026-03-24,Organic Search,SEO - Blog,0,Visitor,0
109987,2026-02-20,Referral,Customer Referral Program,5,Lead,0
106824,2026-02-02,Social Media,Facebook Ads,0,Visitor,0
111018,2026-05-27,Direct,Direct/None,0,Visitor,0
110926,2026-04-04,Direct,Direct/None,0,Lead,0
109957,2026-04-23,Referral,Customer Referral Program,5,MQL,0
101766,2026-03-11,Organic Search,SEO - Product Pages,0,Visitor,0
104813,2026-03-02,Paid Search,Google Ads - Brand,0,Visitor,0
106688,2026-03-19,Social Media,LinkedIn Ads,0,Visitor,0
103217,2026-04-17,Paid Search,Google Ads - Brand,0,Visitor,0
106473,2026-05-30,Social Media,LinkedIn Ads,0,Visitor,0
106800,2026-04-08,Social Media,Facebook Ads,0,Visitor,0
108308,2026-04-13,Email,Product Drip Campaign,0,Visitor,0
102221,2026-01-21,Organic Search,SEO - Blog,12,Customer,641
101690,2026-02-27,Organic Search,SEO - Product Pages,0,Visitor,0
104788,2026-04-09,Paid Search,Google Ads - Brand,0,Visitor,0
110918,2026-02-17,Direct,Unknown / Untagged,0,Visitor,0
109564,2026-04-08,Referral,Customer Referral Program,5,SQL,0
108502,2026-06-09,Email,Product Drip Campaign,0,Visitor,0
102750,2026-05-15,Organic Search,SEO - Blog,0,Visitor,0
103139,2026-04-14,Paid Search,Google Ads - Generic,0,Visitor,0
108458,2026-02-18,Email,Product Drip Campaign,0,Visitor,0
111453,2026-05-12,Direct,Direct/None,0,Visitor,0
101239,2026-03-28,Organic Search,SEO - Product Pages,0,Visitor,0
108379,2026-05-15,Email,Newsletter,0,Visitor,0
109421,2026-04-08,Referral,Partner Referral,5,MQL,0
110659,2026-03-01,Direct,Direct/None,0,Lead,0
102514,2026-03-24,Organic Search,SEO - Blog,12,Customer,1700
110072,2026-04-12,Referral,Partner Referral,5,MQL,0
102463,2026-03-01,Organic Search,SEO - Product Pages,12,SQL,0
109658,2026-04-16,Referral,Customer Referral Program,5,SQL,0
110976,2026-04-12,Direct,Direct/None,0,Visitor,0
101837,2026-03-22,Organic Search,SEO - Product Pages,0,Visitor,0
108817,2026-03-16,Email,Product Drip Campaign,0,Visitor,0
106388,2026-05-31,Social Media,Instagram Ads,0,Visitor,0
111177,2026-02-14,Direct,Direct/None,0,Lead,0
108704,2026-03-06,Email,Newsletter,8,MQL,0
103049,2026-05-16,Paid Search,Google Ads - Brand,0,Visitor,0
100161,2026-03-26,Organic Search,SEO - Product Pages,0,Visitor,0
103633,2026-02-19,Paid Search,Google Ads - Generic,0,Visitor,0
101627,2026-05-27,Organic Search,SEO - Blog,0,Visitor,0
101972,2026-05-12,Organic Search,SEO - Product Pages,0,Visitor,0
106869,2026-05-02,Social Media,LinkedIn Ads,0,Visitor,0
107916,2026-06-09,Social Media,LinkedIn Ads,0,Visitor,0
111283,2026-04-19,Direct,Direct/None,0,Visitor,0
109339,2026-04-02,Referral,Partner Referral,0,Visitor,0
103931,2026-03-20,Paid Search,Google Ads - Brand,0,Visitor,0
103861,2026-02-17,Paid Search,Google Ads - Generic,0,Visitor,0
108101,2026-04-19,Email,Product Drip Campaign,0,Visitor,0
104546,2026-05-12,Paid Search,Google Ads - Generic,0,Visitor,0
109443,2026-04-13,Referral,Customer Referral Program,5,Customer,1353
103092,2026-05-22,Paid Search,Google Ads - Generic,0,Visitor,0
105477,2026-02-06,Social Media,Instagram Ads,0,Visitor,0
108019,2026-05-13,Email,Newsletter,8,SQL,0
111629,2026-03-13,Direct,Direct/None,0,Visitor,0
108480,2026-03-31,Email,Newsletter,0,Visitor,0
108346,2026-04-29,Email,Newsletter,0,Visitor,0
109714,2026-04-01,Referral,Partner Referral,5,SQL,0
110244,2026-05-04,Direct,Direct/None,0,Visitor,0
103557,2026-04-25,Paid Search,Google Ads - Brand,0,Visitor,0
105206,2026-05-08,Paid Search,Google Ads - Brand,0,Visitor,0
100815,2026-03-20,Organic Search,SEO - Product Pages,0,Visitor,0
109952,2026-03-16,Referral,Customer Referral Program,0,Visitor,0
104323,2026-04-25,Paid Search,Google Ads - Generic,0,Visitor,0
110653,2026-04-08,Direct,Direct/None,0,Lead,0
111221,2026-05-16,Direct,Direct/None,0,Visitor,0
110253,2026-03-06,Direct,Direct/None,0,Visitor,0
100445,2026-03-29,Organic Search,SEO - Blog,0,Visitor,0
100641,2026-05-08,Organic Search,SEO - Blog,0,Visitor,0
103372,2026-03-24,Paid Search,Google Ads - Brand,0,Visitor,0
106710,2026-03-26,Social Media,Facebook Ads,0,Visitor,0
109103,2026-05-27,Email,Newsletter,0,Visitor,0
103257,2026-03-21,Paid Search,Google Ads - Generic,48,MQL,0
103887,2026-04-10,Paid Search,Google Ads - Generic,0,Visitor,0
109960,2026-05-08,Referral,Customer Referral Program,5,SQL,0
107649,2026-04-16,Social Media,LinkedIn Ads,0,Visitor,0
102607,2026-02-09,Organic Search,SEO - Blog,12,SQL,0
103488,2026-01-07,Paid Search,Google Ads - Brand,0,Visitor,0
102922,2026-01-27,Paid Search,Google Ads - Generic,0,Visitor,0
106116,2026-03-29,Social Media,Instagram Ads,0,Visitor,0
101154,2026-05-22,Organic Search,SEO - Product Pages,0,Visitor,0
103586,2026-04-20,Paid Search,Google Ads - Generic,0,Visitor,0
105304,2026-05-23,Social Media,Facebook Ads,0,Visitor,0
106792,2026-05-13,Social Media,Instagram Ads,0,Visitor,0
106732,2026-04-27,Social Media,LinkedIn Ads,0,Visitor,0
106770,2026-05-24,Social Media,LinkedIn Ads,0,Visitor,0
103589,2026-02-22,Paid Search,Google Ads - Brand,0,Visitor,0
103422,2026-05-15,Paid Search,Google Ads - Brand,0,Visitor,0
106807,2026-02-18,Social Media,Facebook Ads,0,Visitor,0
103199,2026-03-29,Paid Search,Google Ads - Brand,0,Visitor,0
109982,2026-03-09,Referral,Partner Referral,0,Visitor,0
107785,2026-05-06,Social Media,Facebook Ads,0,Visitor,0
101182,2026-04-10,Organic Search,SEO - Blog,0,Visitor,0
107151,2026-05-16,Social Media,LinkedIn Ads,0,Visitor,0
106566,2026-03-06,Social Media,Instagram Ads,0,Visitor,0
104832,2026-05-13,Paid Search,Google Ads - Generic,0,Visitor,0
105234,2026-03-30,Paid Search,Google Ads - Brand,0,Visitor,0
107257,2026-03-10,Social Media,Facebook Ads,0,Visitor,0
105102,2026-05-07,Paid Search,Google Ads - Generic,0,Visitor,0
109795,2026-04-22,Referral,Partner Referral,0,Visitor,0
100322,2026-04-30,Organic Search,SEO - Blog,0,Visitor,0
106488,2026-04-14,Social Media,Instagram Ads,0,Visitor,0
103990,2026-02-28,Paid Search,Google Ads - Generic,0,Visitor,0
110552,2026-04-16,Direct,Direct/None,0,Visitor,0
103819,2026-03-03,Paid Search,Google Ads - Brand,0,Visitor,0
108713,2026-05-18,Email,Product Drip Campaign,8,Lead,0
108054,2026-02-05,Email,Product Drip Campaign,8,SQL,0
104225,2026-05-22,Paid Search,Google Ads - Brand,0,Visitor,0
100637,2026-02-24,Organic Search,SEO - Product Pages,0,Visitor,0
102469,2026-03-25,Organic Search,SEO - Product Pages,0,Visitor,0
102385,2026-05-04,Organic Search,SEO - Blog,0,Visitor,0
109461,2026-02-07,Referral,Customer Referral Program,0,Visitor,0
105346,2026-02-22,Social Media,Instagram Ads,0,Visitor,0
106264,2026-06-21,Social Media,Instagram Ads,0,Visitor,0
109407,2026-05-11,Referral,Partner Referral,0,Visitor,0
100280,2026-04-05,Organic Search,SEO - Product Pages,0,Visitor,0
111490,2026-04-27,Direct,Direct/None,0,Visitor,0
109792,2026-06-14,Referral,Customer Referral Program,5,MQL,0
111353,2026-02-05,Direct,Direct/None,0,Visitor,0
106492,2026-02-09,Social Media,Instagram Ads,0,Visitor,0
110046,2026-04-10,Referral,Customer Referral Program,0,Visitor,0
107021,2026-04-29,Social Media,LinkedIn Ads,0,Visitor,0
107133,2026-02-06,Social Media,LinkedIn Ads,35,Lead,0
102798,2026-04-19,Organic Search,SEO - Blog,0,Visitor,0
101821,2026-04-03,Organic Search,SEO - Blog,0,Visitor,0
111238,2026-02-16,Direct,Direct/None,0,Visitor,0
109283,2026-04-24,Referral,Partner Referral,0,Visitor,0
107226,2026-06-02,Social Media,Instagram Ads,0,Visitor,0
111220,2026-02-07,Direct,Direct/None,0,Visitor,0
101144,2026-04-04,Organic Search,SEO - Product Pages,0,Visitor,0
105951,2026-03-24,Social Media,Instagram Ads,0,Visitor,0
105134,2026-05-21,Paid Search,Google Ads - Brand,0,Visitor,0
101295,2026-04-14,Organic Search,SEO - Blog,0,Visitor,0
102553,2026-05-10,Organic Search,SEO - Blog,12,Lead,0
108215,2026-04-05,Email,Newsletter,0,Visitor,0
109147,2026-02-10,Referral,Partner Referral,0,Visitor,0
106709,2026-04-09,Social Media,Facebook Ads,0,Visitor,0
107382,2026-04-25,Social Media,Instagram Ads,0,Visitor,0
106059,2026-03-21,Social Media,Instagram Ads,0,Visitor,0
100914,2026-04-14,Organic Search,SEO - Product Pages,0,Visitor,0
111595,2026-05-13,Direct,Direct/None,0,Lead,0
103700,2026-04-06,Paid Search,Google Ads - Brand,48,Lead,0
108959,2026-04-22,Email,Newsletter,8,MQL,0
102841,2026-04-26,Organic Search,SEO - Blog,0,Visitor,0
110672,2026-05-01,Direct,Unknown / Untagged,0,Visitor,0
111393,2026-04-06,Direct,Direct/None,0,Visitor,0
100121,2026-04-29,Organic Search,SEO - Product Pages,12,Lead,0
104073,2026-04-10,Paid Search,Google Ads - Generic,0,Visitor,0
102436,2026-03-31,Organic Search,SEO - Product Pages,0,Visitor,0
101587,2026-02-13,Organic Search,SEO - Blog,0,Visitor,0
110365,2026-02-19,Direct,Direct/None,0,Visitor,0
110895,2026-02-08,Direct,Direct/None,0,SQL,0
108563,2026-04-16,Email,Product Drip Campaign,0,Visitor,0
108113,2026-03-24,Email,Product Drip Campaign,0,Visitor,0
104134,2026-03-26,Paid Search,Google Ads - Generic,0,Visitor,0
107339,2026-03-10,Social Media,LinkedIn Ads,0,Visitor,0
104514,2026-02-19,Paid Search,Google Ads - Brand,0,Visitor,0
108829,2026-04-25,Email,Newsletter,8,MQL,0
100112,2026-03-11,Organic Search,SEO - Product Pages,0,Visitor,0
101247,2026-04-28,Organic Search,SEO - Blog,12,Lead,0
103656,2026-03-31,Paid Search,Google Ads - Generic,0,Visitor,0
108128,2026-03-03,Email,Newsletter,0,Visitor,0
111604,2026-06-21,Direct,Direct/None,0,Visitor,0
105160,2026-04-03,Paid Search,Google Ads - Generic,0,Visitor,0
103227,2026-02-07,Paid Search,Google Ads - Brand,0,Visitor,0
107138,2026-05-13,Social Media,Instagram Ads,0,Visitor,0
101245,2026-04-26,Organic Search,SEO - Product Pages,12,Lead,0
107231,2026-04-15,Social Media,Facebook Ads,0,Visitor,0
102582,2026-03-13,Organic Search,SEO - Blog,0,Visitor,0
104342,2026-05-16,Paid Search,Google Ads - Generic,0,Visitor,0
109098,2026-04-07,Email,Product Drip Campaign,0,Visitor,0
110314,2026-02-04,Direct,Direct/None,0,MQL,0
101254,2026-05-21,Organic Search,SEO - Product Pages,0,Visitor,0
101848,2026-01-15,Organic Search,SEO - Blog,0,Visitor,0
103620,2026-01-18,Paid Search,Google Ads - Brand,0,Visitor,0
111768,2026-02-16,Direct,Direct/None,0,Visitor,0
107149,2026-04-18,Social Media,Instagram Ads,0,Visitor,0
101296,2026-03-15,Organic Search,SEO - Blog,0,Visitor,0
108818,2026-02-23,Email,Product Drip Campaign,0,Visitor,0
111928,2026-05-07,Direct,Direct/None,0,Visitor,0
102772,2026-05-30,Organic Search,SEO - Product Pages,12,MQL,0
103429,2026-04-10,Paid Search,Google Ads - Generic,0,Visitor,0
109720,2026-04-14,Referral,Customer Referral Program,5,Lead,0
105424,2026-03-30,Social Media,Facebook Ads,0,Visitor,0
106126,2026-05-14,Social Media,LinkedIn Ads,0,Visitor,0
109607,2026-04-22,Referral,Partner Referral,5,MQL,0
111848,2026-01-23,Direct,Direct/None,0,Visitor,0
104290,2026-03-12,Paid Search,Google Ads - Brand,0,Visitor,0
106855,2026-04-09,Social Media,Facebook Ads,0,Visitor,0
105126,2026-04-12,Paid Search,Google Ads - Generic,48,MQL,0
101727,2026-03-20,Organic Search,SEO - Blog,0,Visitor,0
104443,2026-04-19,Paid Search,Google Ads - Brand,48,MQL,0
110590,2026-02-24,Direct,Direct/None,0,Visitor,0
111273,2026-03-31,Direct,Direct/None,0,Visitor,0
106176,2026-06-14,Social Media,LinkedIn Ads,0,Visitor,0
111343,2026-02-18,Direct,Direct/None,0,Visitor,0
100036,2026-05-24,Organic Search,SEO - Blog,0,Visitor,0
103837,2026-03-08,Paid Search,Google Ads - Generic,48,Lead,0
103445,2026-01-21,Paid Search,Google Ads - Generic,48,Lead,0
104728,2026-04-25,Paid Search,Google Ads - Generic,0,Visitor,0
107210,2026-04-19,Social Media,LinkedIn Ads,0,Visitor,0
101722,2026-02-04,Organic Search,SEO - Product Pages,0,Visitor,0
105411,2026-03-20,Social Media,Instagram Ads,0,Visitor,0
104100,2026-02-17,Paid Search,Google Ads - Generic,0,Visitor,0
107296,2026-03-24,Social Media,LinkedIn Ads,0,Visitor,0
111373,2026-04-18,Direct,Direct/None,0,Visitor,0
108800,2026-01-21,Email,Product Drip Campaign,0,Visitor,0
102130,2026-01-10,Organic Search,SEO - Blog,0,Visitor,0
100849,2026-04-01,Organic Search,SEO - Blog,0,Visitor,0
109021,2026-01-27,Email,Newsletter,0,Visitor,0
101633,2026-03-06,Organic Search,SEO - Product Pages,12,MQL,0
101395,2026-01-29,Organic Search,SEO - Blog,0,Visitor,0
106623,2026-04-21,Social Media,Instagram Ads,0,Visitor,0
104302,2026-03-11,Paid Search,Google Ads - Brand,0,Visitor,0
106598,2026-02-04,Social Media,Instagram Ads,0,Visitor,0
103534,2026-06-08,Paid Search,Google Ads - Generic,48,Lead,0
105644,2026-06-14,Social Media,LinkedIn Ads,0,Visitor,0
101619,2026-05-02,Organic Search,SEO - Blog,0,Visitor,0
109934,2026-02-17,Referral,Customer Referral Program,5,Lead,0
107384,2026-05-11,Social Media,Instagram Ads,0,Visitor,0
108809,2026-06-04,Email,Newsletter,0,Visitor,0
102993,2026-02-20,Paid Search,Google Ads - Generic,48,Lead,0
101896,2026-02-28,Organic Search,SEO - Product Pages,0,Visitor,0
101543,2026-05-26,Organic Search,SEO - Product Pages,0,Visitor,0
110786,2026-02-14,Direct,Direct/None,0,Visitor,0
100680,2026-05-21,Organic Search,SEO - Blog,0,Visitor,0
101728,2026-05-27,Organic Search,SEO - Blog,0,Visitor,0
105155,2026-03-01,Paid Search,Google Ads - Generic,0,Visitor,0
106586,2026-04-15,Social Media,LinkedIn Ads,0,Visitor,0
106625,2026-06-02,Social Media,LinkedIn Ads,0,Visitor,0
103812,2026-03-12,Paid Search,Google Ads - Generic,48,SQL,0
102099,2026-03-09,Organic Search,SEO - Product Pages,0,Visitor,0
103076,2026-02-05,Paid Search,Google Ads - Brand,0,Visitor,0
100628,2026-02-28,Organic Search,SEO - Product Pages,0,Visitor,0
106179,2026-05-06,Social Media,Unknown / Untagged,35,MQL,0
108913,2026-04-06,Email,Product Drip Campaign,8,Lead,0
107295,2026-03-11,Social Media,Facebook Ads,0,Visitor,0
103900,2026-04-06,Paid Search,Google Ads - Generic,0,Visitor,0
109606,2026-03-17,Referral,Partner Referral,5,MQL,0
106969,2026-04-26,Social Media,Instagram Ads,0,Visitor,0
109583,2026-05-27,Referral,Partner Referral,5,MQL,0
108390,2026-04-30,Email,Newsletter,8,SQL,0
111284,2026-04-12,Direct,Direct/None,0,Visitor,0
103402,2026-04-22,Paid Search,Google Ads - Generic,0,Visitor,0
103816,2026-02-14,Paid Search,Google Ads - Generic,0,Visitor,0
108061,2026-04-01,Email,Newsletter,8,MQL,0
107420,2026-04-20,Social Media,Facebook Ads,0,Visitor,0
109898,2026-04-17,Referral,Customer Referral Program,0,Visitor,0
100449,2026-05-19,Organic Search,SEO - Product Pages,0,Visitor,0
100208,2026-04-14,Organic Search,SEO - Blog,0,Visitor,0
107579,2026-03-05,Social Media,LinkedIn Ads,0,Visitor,0
106701,2026-04-14,Social Media,Facebook Ads,0,Visitor,0
110838,2026-04-18,Direct,Direct/None,0,MQL,0
104976,2026-04-18,Paid Search,Google Ads - Brand,0,Visitor,0
100982,2026-04-23,Organic Search,SEO - Product Pages,12,Customer,1485
109867,2026-03-15,Referral,Partner Referral,0,Visitor,0
105673,2026-02-28,Social Media,Instagram Ads,0,Visitor,0
104751,2026-05-05,Paid Search,Google Ads - Generic,0,Visitor,0
109088,2026-05-27,Email,Product Drip Campaign,8,MQL,0
108053,2026-05-26,Email,Product Drip Campaign,8,Lead,0
102981,2026-02-19,Paid Search,Google Ads - Generic,0,Visitor,0
110092,2026-05-03,Referral,Customer Referral Program,0,Visitor,0
111387,2026-02-08,Direct,Direct/None,0,Visitor,0
109013,2026-06-11,Email,Product Drip Campaign,8,Customer,1567
106870,2026-06-10,Social Media,Instagram Ads,0,Visitor,0
111323,2026-05-01,Direct,Direct/None,0,Visitor,0
105196,2026-03-18,Paid Search,Google Ads - Brand,0,Visitor,0
105073,2026-03-29,Paid Search,Google Ads - Generic,0,Visitor,0
107940,2026-05-03,Email,Newsletter,0,Visitor,0
104908,2026-04-15,Paid Search,Google Ads - Generic,0,Visitor,0
110974,2026-03-31,Direct,Direct/None,0,Visitor,0
110826,2026-01-25,Direct,Direct/None,0,Visitor,0
109956,2026-05-03,Referral,Customer Referral Program,0,Visitor,0
107860,2026-03-26,Social Media,Instagram Ads,0,Visitor,0
101267,2026-02-10,Organic Search,SEO - Blog,0,Visitor,0
103477,2026-04-06,Paid Search,Google Ads - Generic,0,Visitor,0
102849,2026-04-22,Organic Search,SEO - Blog,0,Visitor,0
109853,2026-02-28,Referral,Customer Referral Program,0,Visitor,0
110843,2026-05-12,Direct,Direct/None,0,Visitor,0
106947,2026-04-07,Social Media,Facebook Ads,0,Visitor,0
107378,2026-05-06,Social Media,Facebook Ads,0,Visitor,0
110045,2026-04-12,Referral,Partner Referral,5,Customer,1681
105239,2026-03-13,Paid Search,Google Ads - Brand,0,Visitor,0
106651,2026-05-18,Social Media,LinkedIn Ads,0,Visitor,0
101771,2026-02-26,Organic Search,SEO - Blog,0,Visitor,0
106432,2026-03-01,Social Media,Instagram Ads,0,Visitor,0
109871,2026-04-01,Referral,Partner Referral,0,Visitor,0
110864,2026-04-30,Direct,Direct/None,0,Customer,1938
104623,2026-01-19,Paid Search,Google Ads - Generic,0,Visitor,0
107627,2026-02-16,Social Media,LinkedIn Ads,0,Visitor,0
102020,2026-03-22,Organic Search,SEO - Product Pages,0,Visitor,0
108217,2026-03-31,Email,Product Drip Campaign,8,MQL,0
107293,2026-05-28,Social Media,LinkedIn Ads,0,Visitor,0
107426,2026-03-21,Social Media,Facebook Ads,0,Visitor,0
110576,2026-04-07,Direct,Direct/None,0,Visitor,0
105275,2026-03-28,Paid Search,Google Ads - Brand,0,Visitor,0
110214,2026-05-10,Direct,Direct/None,0,Visitor,0
107207,2026-04-09,Social Media,Facebook Ads,0,Visitor,0
105474,2026-05-31,Social Media,LinkedIn Ads,0,Visitor,0
102974,2026-04-10,Paid Search,Google Ads - Generic,48,Customer,1448
109547,2026-04-20,Referral,Partner Referral,0,Visitor,0
106654,2026-04-06,Social Media,Facebook Ads,0,Visitor,0
102390,2026-03-31,Organic Search,SEO - Product Pages,0,Visitor,0
101586,2026-04-17,Organic Search,SEO - Product Pages,0,Visitor,0
106085,2026-02-23,Social Media,Facebook Ads,0,Visitor,0
111759,2026-06-16,Direct,Direct/None,0,Visitor,0
110141,2026-04-07,Referral,Partner Referral,5,SQL,0
109884,2026-06-08,Referral,Partner Referral,0,Visitor,0
103988,2026-04-15,Paid Search,Google Ads - Generic,0,Visitor,0
111344,2026-04-20,Direct,Direct/None,0,Visitor,0
110573,2026-04-29,Direct,Direct/None,0,Visitor,0
101053,2026-04-17,Organic Search,SEO - Blog,0,Visitor,0
109737,2026-04-02,Referral,Partner Referral,5,MQL,0
109610,2026-05-13,Referral,Customer Referral Program,5,MQL,0
109341,2026-02-04,Referral,Partner Referral,0,Visitor,0
104534,2026-06-04,Paid Search,Google Ads - Brand,0,Visitor,0
108784,2026-01-21,Email,Product Drip Campaign,0,Visitor,0
110397,2026-06-05,Direct,Direct/None,0,Lead,0
107111,2026-04-25,Social Media,LinkedIn Ads,0,Visitor,0
106459,2026-03-25,Social Media,Instagram Ads,0,Visitor,0
103527,2026-04-27,Paid Search,Google Ads - Brand,0,Visitor,0
100339,2026-02-17,Organic Search,SEO - Product Pages,0,Visitor,0
103050,2026-05-09,Paid Search,Google Ads - Brand,0,Visitor,0
105814,2026-01-23,Social Media,Facebook Ads,0,Visitor,0
107669,2026-04-28,Social Media,Facebook Ads,35,Lead,0
102109,2026-03-06,Organic Search,SEO - Blog,0,Visitor,0
111852,2026-04-11,Direct,Direct/None,0,Visitor,0
101086,2026-02-07,Organic Search,SEO - Product Pages,0,Visitor,0
110652,2026-03-10,Direct,Direct/None,0,Visitor,0
106130,2026-04-17,Social Media,LinkedIn Ads,0,Visitor,0
109896,2026-01-26,Referral,Partner Referral,0,Visitor,0
106023,2026-04-12,Social Media,LinkedIn Ads,0,Visitor,0
105697,2026-02-24,Social Media,Facebook Ads,0,Visitor,0
100767,2026-05-10,Organic Search,SEO - Product Pages,0,Visitor,0
101747,2026-03-28,Organic Search,SEO - Product Pages,0,Visitor,0
100338,2026-04-26,Organic Search,SEO - Product Pages,0,Visitor,0
101009,2026-04-30,Organic Search,SEO - Blog,0,Visitor,0
110399,2026-05-16,Direct,Direct/None,0,Visitor,0
111476,2026-04-17,Direct,Direct/None,0,Visitor,0
102075,2026-04-30,Organic Search,SEO - Blog,0,Visitor,0
106258,2026-03-22,Social Media,Instagram Ads,0,Visitor,0
103929,2026-04-28,Paid Search,Google Ads - Brand,0,Visitor,0
111335,2026-03-21,Direct,Unknown / Untagged,0,Visitor,0
111227,2026-05-28,Direct,Direct/None,0,Visitor,0
108440,2026-04-22,Email,Newsletter,0,Visitor,0
103066,2026-02-09,Paid Search,Google Ads - Generic,0,Visitor,0
104994,2026-03-11,Paid Search,Google Ads - Generic,0,Visitor,0
103357,2026-05-21,Paid Search,Google Ads - Generic,0,Visitor,0
106773,2026-04-28,Social Media,Facebook Ads,35,Lead,0
103508,2026-01-25,Paid Search,Google Ads - Generic,0,Visitor,0
104895,2026-03-12,Paid Search,Google Ads - Generic,0,Visitor,0
105283,2026-03-02,Social Media,LinkedIn Ads,0,Visitor,0
107481,2026-04-24,Social Media,Instagram Ads,0,Visitor,0
108560,2026-02-15,Email,Product Drip Campaign,0,Visitor,0
110224,2026-03-06,Direct,Direct/None,0,Visitor,0
109375,2026-03-02,Referral,Customer Referral Program,0,Visitor,0
103431,2026-03-27,Paid Search,Google Ads - Generic,48,SQL,0
110407,2026-03-30,Direct,Direct/None,0,MQL,0
106639,2026-03-25,Social Media,LinkedIn Ads,0,Visitor,0
105815,2026-04-12,Social Media,Instagram Ads,0,Visitor,0
105776,2026-04-15,Social Media,Facebook Ads,0,Visitor,0
109738,2026-06-22,Referral,Partner Referral,5,Lead,0
102792,2026-05-04,Organic Search,SEO - Blog,0,Visitor,0
102622,2026-01-11,Organic Search,SEO - Product Pages,0,Visitor,0
106267,2026-02-07,Social Media,LinkedIn Ads,0,Visitor,0
107362,2026-05-05,Social Media,Facebook Ads,0,Visitor,0
104536,2026-05-05,Paid Search,Google Ads - Brand,0,Visitor,0
109691,2026-05-09,Referral,Customer Referral Program,5,MQL,0
111993,2026-03-06,Direct,Direct/None,0,Visitor,0
108164,2026-02-20,Email,Product Drip Campaign,0,Visitor,0
108797,2026-05-17,Email,Product Drip Campaign,8,MQL,0
103616,2026-04-25,Paid Search,Google Ads - Generic,0,Visitor,0
106482,2026-02-24,Social Media,Instagram Ads,0,Visitor,0
104638,2026-03-05,Paid Search,Google Ads - Generic,0,Visitor,0
108095,2026-03-25,Email,Newsletter,8,MQL,0
101963,2026-06-05,Organic Search,SEO - Blog,0,Visitor,0
108521,2026-04-12,Email,Product Drip Campaign,0,Visitor,0
103858,2026-04-24,Paid Search,Google Ads - Brand,0,Visitor,0
107839,2026-05-26,Social Media,Instagram Ads,0,Visitor,0
107514,2026-03-31,Social Media,LinkedIn Ads,35,Lead,0
104061,2026-05-03,Paid Search,Google Ads - Brand,0,Visitor,0
111455,2026-01-30,Direct,Direct/None,0,Visitor,0
106528,2026-03-27,Social Media,LinkedIn Ads,0,Visitor,0
104609,2026-06-11,Paid Search,Google Ads - Generic,0,Visitor,0
109133,2026-02-08,Referral,Partner Referral,0,Visitor,0
108163,2026-02-22,Email,Product Drip Campaign,0,Visitor,0
103943,2026-04-16,Paid Search,Google Ads - Generic,0,Visitor,0
105182,2026-02-22,Paid Search,Google Ads - Brand,0,Visitor,0
111589,2026-04-03,Direct,Direct/None,0,Visitor,0
108555,2026-02-24,Email,Product Drip Campaign,8,SQL,0
106844,2026-02-28,Social Media,Facebook Ads,0,Visitor,0
107677,2026-02-15,Social Media,LinkedIn Ads,0,Visitor,0
100692,2026-04-23,Organic Search,SEO - Product Pages,0,Visitor,0
107651,2026-05-17,Social Media,Facebook Ads,0,Visitor,0
104823,2026-03-17,Paid Search,Google Ads - Brand,0,Visitor,0
102480,2026-03-27,Organic Search,SEO - Product Pages,0,Visitor,0
101456,2026-04-22,Organic Search,SEO - Blog,0,Visitor,0
107006,2026-04-06,Social Media,Instagram Ads,0,Visitor,0
107885,2026-05-07,Social Media,Facebook Ads,0,Visitor,0
107930,2026-01-29,Email,Product Drip Campaign,0,Visitor,0
105013,2026-04-06,Paid Search,Google Ads - Brand,0,Visitor,0
109838,2026-04-12,Referral,Partner Referral,5,Customer,1318
107343,2026-03-22,Social Media,LinkedIn Ads,0,Visitor,0
103979,2026-05-17,Paid Search,Google Ads - Brand,48,Lead,0
102988,2026-01-30,Paid Search,Google Ads - Generic,48,Lead,0
111964,2026-03-01,Direct,Direct/None,0,Visitor,0
102027,2026-05-15,Organic Search,SEO - Product Pages,0,Visitor,0
108606,2026-04-13,Email,Newsletter,0,Visitor,0
106905,2026-03-26,Social Media,Instagram Ads,35,Lead,0
101601,2026-04-14,Organic Search,SEO - Blog,0,Visitor,0
111349,2026-04-28,Direct,Direct/None,0,Lead,0
108199,2026-05-02,Email,Product Drip Campaign,0,Visitor,0
103342,2026-05-22,Paid Search,Google Ads - Brand,0,Visitor,0
101049,2026-03-26,Organic Search,SEO - Blog,0,Visitor,0
106673,2026-03-28,Social Media,Facebook Ads,35,Lead,0
104434,2026-02-24,Paid Search,Google Ads - Generic,0,Visitor,0
107675,2026-04-11,Social Media,LinkedIn Ads,0,Visitor,0
108547,2026-04-10,Email,Product Drip Campaign,8,Lead,0
105903,2026-05-18,Social Media,Facebook Ads,0,Visitor,0
100035,2026-01-23,Organic Search,SEO - Blog,0,Visitor,0
105211,2026-04-16,Paid Search,Google Ads - Brand,0,Visitor,0
110851,2026-04-11,Direct,Direct/None,0,Visitor,0
100799,2026-05-26,Organic Search,SEO - Product Pages,0,Visitor,0
103666,2026-04-25,Paid Search,Google Ads - Brand,0,Visitor,0
105617,2026-04-17,Social Media,Instagram Ads,0,Visitor,0
107843,2026-04-19,Social Media,Instagram Ads,0,Visitor,0
102957,2026-05-29,Paid Search,Google Ads - Generic,0,Visitor,0
111801,2026-06-01,Direct,Direct/None,0,Visitor,0
109805,2026-02-23,Referral,Partner Referral,5,SQL,0
104109,2026-04-13,Paid Search,Google Ads - Generic,48,Lead,0
102729,2026-04-21,Organic Search,SEO - Product Pages,0,Visitor,0
101311,2026-05-26,Organic Search,SEO - Blog,12,Lead,0
111529,2026-04-23,Direct,Direct/None,0,Visitor,0
101756,2026-04-24,Organic Search,SEO - Blog,0,Visitor,0
108620,2026-04-22,Email,Newsletter,0,Visitor,0
109672,2026-05-05,Referral,Customer Referral Program,0,Visitor,0
108099,2026-05-05,Email,Product Drip Campaign,0,Visitor,0
103630,2026-04-02,Paid Search,Google Ads - Brand,0,Visitor,0
103673,2026-04-07,Paid Search,Google Ads - Generic,48,Lead,0
101413,2026-06-03,Organic Search,SEO - Product Pages,0,Visitor,0
110725,2026-04-05,Direct,Unknown / Untagged,0,Visitor,0
106480,2026-04-06,Social Media,Instagram Ads,0,Visitor,0
108614,2026-03-23,Email,Newsletter,0,Visitor,0
106382,2026-02-24,Social Media,Instagram Ads,0,Visitor,0
107987,2026-06-15,Email,Newsletter,0,Visitor,0
111332,2026-05-01,Direct,Direct/None,0,Visitor,0
107048,2026-03-10,Social Media,Facebook Ads,35,SQL,0
106285,2026-01-18,Social Media,Instagram Ads,0,Visitor,0
101675,2026-05-16,Organic Search,SEO - Product Pages,0,Visitor,0
110415,2026-04-20,Direct,Direct/None,0,Visitor,0
102940,2026-04-27,Paid Search,Google Ads - Generic,48,MQL,0
110534,2026-04-15,Direct,Direct/None,0,Visitor,0
109296,2026-06-27,Referral,Customer Referral Program,0,Visitor,0
104324,2026-04-21,Paid Search,Google Ads - Brand,0,Visitor,0
105067,2026-05-04,Paid Search,Google Ads - Generic,0,Visitor,0
108342,2026-05-14,Email,Newsletter,8,Customer,1517
100612,2026-04-19,Organic Search,SEO - Blog,0,Visitor,0
105394,2026-04-02,Social Media,Facebook Ads,0,Visitor,0
111563,2026-03-28,Direct,Direct/None,0,Visitor,0
108998,2026-01-18,Email,Product Drip Campaign,8,Lead,0
103552,2026-02-10,Paid Search,Google Ads - Generic,0,Visitor,0
104221,2026-05-10,Paid Search,Google Ads - Generic,0,Visitor,0
102212,2026-04-25,Organic Search,SEO - Blog,12,Customer,1794
105895,2026-04-19,Social Media,Instagram Ads,0,Visitor,0
111917,2026-05-19,Direct,Direct/None,0,Visitor,0
102168,2026-03-20,Organic Search,SEO - Product Pages,0,Visitor,0
102076,2026-05-09,Organic Search,SEO - Blog,0,Visitor,0
108836,2026-06-09,Email,Product Drip Campaign,0,Visitor,0
109599,2026-03-27,Referral,Customer Referral Program,0,Visitor,0
103852,2026-04-25,Paid Search,Google Ads - Generic,48,MQL,0
111876,2026-04-18,Direct,Direct/None,0,Lead,0
108157,2026-05-15,Email,Newsletter,8,Lead,0
108461,2026-04-20,Email,Product Drip Campaign,0,Visitor,0
108931,2026-03-15,Email,Newsletter,8,Customer,937
104321,2026-06-11,Paid Search,Google Ads - Generic,0,Visitor,0
111781,2026-02-26,Direct,Direct/None,0,Visitor,0
108319,2026-04-10,Email,Newsletter,8,Customer,1925
109827,2026-04-19,Referral,Customer Referral Program,0,Visitor,0
104866,2026-01-05,Paid Search,Google Ads - Brand,0,Visitor,0
101563,2026-05-13,Organic Search,SEO - Product Pages,0,Visitor,0
111866,2026-02-18,Direct,Direct/None,0,Visitor,0
105486,2026-05-28,Social Media,Instagram Ads,0,Visitor,0
109368,2026-04-24,Referral,Customer Referral Program,5,SQL,0
103463,2026-04-03,Paid Search,Google Ads - Brand,0,Visitor,0
102498,2026-03-20,Organic Search,SEO - Product Pages,0,Visitor,0
104375,2026-05-03,Paid Search,Google Ads - Generic,0,Visitor,0
107059,2026-05-29,Social Media,Facebook Ads,0,Visitor,0
101559,2026-05-25,Organic Search,SEO - Product Pages,0,Visitor,0
109174,2026-03-27,Referral,Customer Referral Program,0,Visitor,0
101823,2026-05-29,Organic Search,SEO - Blog,0,Visitor,0
100017,2026-03-12,Organic Search,SEO - Product Pages,0,Visitor,0
100314,2026-05-05,Organic Search,Unknown / Untagged,0,Visitor,0
100438,2026-01-05,Organic Search,SEO - Product Pages,0,Visitor,0
106217,2026-04-03,Social Media,Facebook Ads,0,Visitor,0
106514,2026-02-23,Social Media,Facebook Ads,0,Visitor,0
108956,2026-05-11,Email,Newsletter,0,Visitor,0
106739,2026-03-11,Social Media,Facebook Ads,0,Visitor,0
103610,2026-04-19,Paid Search,Google Ads - Generic,0,Visitor,0
109967,2026-04-01,Referral,Partner Referral,5,Lead,0
102713,2026-02-02,Organic Search,SEO - Product Pages,0,Visitor,0
108456,2026-04-07,Email,Product Drip Campaign,8,Lead,0
111270,2026-03-29,Direct,Direct/None,0,Visitor,0
106411,2026-05-09,Social Media,Unknown / Untagged,0,Visitor,0
110170,2026-05-04,Referral,Customer Referral Program,0,Visitor,0
110745,2026-05-08,Direct,Direct/None,0,Visitor,0
109091,2026-03-28,Email,Newsletter,8,Lead,0
101227,2026-05-16,Organic Search,SEO - Blog,0,Visitor,0
111692,2026-04-12,Direct,Direct/None,0,Visitor,0
110184,2026-05-03,Referral,Partner Referral,5,SQL,0
109986,2026-04-19,Referral,Customer Referral Program,5,Lead,0
104678,2026-03-16,Paid Search,Google Ads - Generic,0,Visitor,0
102609,2026-01-22,Organic Search,SEO - Product Pages,12,Lead,0
110790,2026-04-14,Direct,Direct/None,0,Visitor,0
111671,2026-02-17,Direct,Direct/None,0,Visitor,0
100127,2026-02-07,Organic Search,SEO - Blog,0,Visitor,0
103520,2026-05-12,Paid Search,Google Ads - Brand,0,Visitor,0
110210,2026-04-18,Direct,Direct/None,0,Visitor,0
104196,2026-02-10,Paid Search,Google Ads - Generic,0,Visitor,0
104614,2026-02-20,Paid Search,Google Ads - Brand,0,Visitor,0
103251,2026-03-22,Paid Search,Google Ads - Brand,0,Visitor,0
101960,2026-03-14,Organic Search,SEO - Blog,0,Visitor,0
108640,2026-04-15,Email,Product Drip Campaign,8,MQL,0
111543,2026-03-05,Direct,Direct/None,0,Visitor,0
102223,2026-05-07,Organic Search,SEO - Blog,12,Lead,0
103021,2026-01-21,Paid Search,Google Ads - Brand,0,Visitor,0
101710,2026-04-21,Organic Search,SEO - Product Pages,0,Visitor,0
106698,2026-04-17,Social Media,LinkedIn Ads,0,Visitor,0
102419,2026-02-27,Organic Search,SEO - Blog,0,Visitor,0
108468,2026-03-29,Email,Product Drip Campaign,0,Visitor,0
111173,2026-04-06,Direct,Direct/None,0,Visitor,0
101273,2026-03-25,Organic Search,SEO - Blog,0,Visitor,0
100286,2026-03-08,Organic Search,SEO - Blog,0,Visitor,0
106240,2026-05-17,Social Media,Facebook Ads,0,Visitor,0
103219,2026-03-17,Paid Search,Google Ads - Generic,0,Visitor,0
106621,2026-05-16,Social Media,LinkedIn Ads,0,Visitor,0
108177,2026-05-18,Email,Newsletter,0,Visitor,0
105325,2026-03-13,Social Media,Facebook Ads,0,Visitor,0
108430,2026-03-04,Email,Newsletter,8,MQL,0
101439,2026-05-04,Organic Search,SEO - Blog,0,Visitor,0
107630,2026-01-20,Social Media,Instagram Ads,0,Visitor,0
109767,2026-03-22,Referral,Customer Referral Program,5,Customer,2181
111063,2026-05-24,Direct,Direct/None,0,Lead,0
105687,2026-06-20,Social Media,Facebook Ads,0,Visitor,0
111366,2026-05-09,Direct,Direct/None,0,Visitor,0
111012,2026-05-04,Direct,Direct/None,0,Visitor,0
109788,2026-04-15,Referral,Partner Referral,0,Visitor,0
100172,2026-06-13,Organic Search,SEO - Blog,12,Lead,0
108790,2026-05-01,Email,Newsletter,8,Customer,1079
106712,2026-04-25,Social Media,Facebook Ads,0,Visitor,0
107148,2026-04-11,Social Media,Instagram Ads,0,Visitor,0
104603,2026-04-12,Paid Search,Google Ads - Generic,48,MQL,0
105605,2026-05-11,Social Media,Instagram Ads,0,Visitor,0
109364,2026-04-04,Referral,Partner Referral,5,MQL,0
107752,2026-04-08,Social Media,Instagram Ads,35,Lead,0
109338,2026-05-16,Referral,Partner Referral,0,Visitor,0
111058,2026-03-22,Direct,Direct/None,0,Visitor,0
103515,2026-03-31,Paid Search,Google Ads - Brand,0,Visitor,0
109247,2026-04-23,Referral,Partner Referral,5,MQL,0
106600,2026-05-02,Social Media,Instagram Ads,0,Visitor,0
100251,2026-03-21,Organic Search,SEO - Blog,0,Visitor,0
101668,2026-02-10,Organic Search,SEO - Product Pages,0,Visitor,0
108679,2026-04-23,Email,Newsletter,0,Visitor,0
107171,2026-04-13,Social Media,Instagram Ads,0,Visitor,0
102090,2026-05-08,Organic Search,SEO - Product Pages,0,Visitor,0
104145,2026-06-04,Paid Search,Google Ads - Generic,0,Visitor,0
103401,2026-04-21,Paid Search,Google Ads - Brand,0,Visitor,0
103971,2026-01-19,Paid Search,Google Ads - Generic,0,Visitor,0
104208,2026-05-02,Paid Search,Unknown / Untagged,0,Visitor,0
110602,2026-03-29,Direct,Direct/None,0,Visitor,0
107095,2026-03-23,Social Media,Instagram Ads,0,Visitor,0
106338,2026-06-02,Social Media,LinkedIn Ads,0,Visitor,0
106185,2026-03-20,Social Media,LinkedIn Ads,0,Visitor,0
101465,2026-04-18,Organic Search,SEO - Product Pages,0,Visitor,0
105732,2026-05-22,Social Media,Instagram Ads,0,Visitor,0
100613,2026-05-05,Organic Search,SEO - Blog,0,Visitor,0
109973,2026-03-19,Referral,Customer Referral Program,0,Visitor,0
102115,2026-05-10,Organic Search,SEO - Product Pages,12,Lead,0
102201,2026-02-01,Organic Search,SEO - Blog,12,MQL,0
102158,2026-02-10,Organic Search,SEO - Blog,0,Visitor,0
102752,2026-05-14,Organic Search,SEO - Blog,0,Visitor,0
104769,2026-03-21,Paid Search,Google Ads - Generic,48,Lead,0
100882,2026-02-26,Organic Search,SEO - Blog,12,MQL,0
111184,2026-03-26,Direct,Direct/None,0,Visitor,0
109643,2026-05-18,Referral,Customer Referral Program,5,Lead,0
105728,2026-04-01,Social Media,Facebook Ads,0,Visitor,0
107696,2026-03-09,Social Media,Instagram Ads,0,Visitor,0
101233,2026-04-15,Organic Search,SEO - Blog,12,Customer,1507
101159,2026-05-02,Organic Search,SEO - Product Pages,0,Visitor,0
100712,2026-04-28,Organic Search,Unknown / Untagged,0,Visitor,0
111908,2026-02-19,Direct,Direct/None,0,Visitor,0
106850,2026-03-31,Social Media,LinkedIn Ads,0,Visitor,0
111280,2026-05-30,Direct,Direct/None,0,Visitor,0
106181,2026-03-28,Social Media,Facebook Ads,35,Lead,0
105405,2026-06-13,Social Media,LinkedIn Ads,0,Visitor,0
105699,2026-05-25,Social Media,Instagram Ads,0,Visitor,0
107302,2026-04-19,Social Media,LinkedIn Ads,0,Visitor,0
101774,2026-04-17,Organic Search,SEO - Blog,0,Visitor,0
104878,2026-03-26,Paid Search,Google Ads - Generic,0,Visitor,0
110655,2026-04-05,Direct,Direct/None,0,Visitor,0
104129,2026-05-12,Paid Search,Google Ads - Generic,0,Visitor,0
107183,2026-02-24,Social Media,LinkedIn Ads,0,Visitor,0
109863,2026-05-11,Referral,Customer Referral Program,0,Visitor,0
105495,2026-05-01,Social Media,LinkedIn Ads,35,MQL,0
102859,2026-06-15,Organic Search,SEO - Blog,0,Visitor,0
100587,2026-04-15,Organic Search,SEO - Product Pages,0,Visitor,0
109244,2026-04-23,Referral,Customer Referral Program,0,Visitor,0
101338,2026-05-09,Organic Search,SEO - Product Pages,0,Visitor,0
103772,2026-04-29,Paid Search,Google Ads - Brand,0,Visitor,0
111947,2026-03-26,Direct,Direct/None,0,Visitor,0
109320,2026-02-28,Referral,Partner Referral,0,Visitor,0
100960,2026-05-13,Organic Search,SEO - Product Pages,0,Visitor,0
100201,2026-05-17,Organic Search,SEO - Product Pages,0,Visitor,0
105342,2026-05-19,Social Media,LinkedIn Ads,0,Visitor,0
110959,2026-04-19,Direct,Direct/None,0,Visitor,0
102866,2026-03-18,Organic Search,SEO - Product Pages,0,Visitor,0
104979,2026-02-07,Paid Search,Google Ads - Generic,48,Lead,0
102887,2026-02-21,Paid Search,Google Ads - Brand,48,Lead,0
100568,2026-05-06,Organic Search,SEO - Product Pages,0,Visitor,0
108051,2026-05-06,Email,Newsletter,0,Visitor,0
103425,2026-05-03,Paid Search,Google Ads - Generic,48,Lead,0
102043,2026-02-28,Organic Search,SEO - Product Pages,0,Visitor,0
102711,2026-02-16,Organic Search,SEO - Blog,0,Visitor,0
105559,2026-03-27,Social Media,Facebook Ads,0,Visitor,0
104634,2026-03-21,Paid Search,Google Ads - Brand,0,Visitor,0
102583,2026-05-31,Organic Search,SEO - Product Pages,0,Visitor,0
104599,2026-05-20,Paid Search,Google Ads - Generic,0,Visitor,0
100345,2026-04-11,Organic Search,SEO - Product Pages,0,Visitor,0
103702,2026-04-18,Paid Search,Google Ads - Brand,0,Visitor,0
110630,2026-03-29,Direct,Direct/None,0,Visitor,0
109644,2026-05-06,Referral,Partner Referral,5,MQL,0
100573,2026-03-09,Organic Search,SEO - Product Pages,0,Visitor,0
108588,2026-06-21,Email,Product Drip Campaign,0,Visitor,0
109307,2026-03-19,Referral,Partner Referral,0,Visitor,0
108591,2026-03-06,Email,Newsletter,8,Lead,0
110874,2026-03-20,Direct,Direct/None,0,Visitor,0
106563,2026-02-17,Social Media,LinkedIn Ads,0,Visitor,0
108032,2026-06-02,Email,Newsletter,0,Visitor,0
106084,2026-02-16,Social Media,LinkedIn Ads,0,Visitor,0
111180,2026-03-27,Direct,Direct/None,0,Visitor,0
110490,2026-04-30,Direct,Direct/None,0,Visitor,0
108014,2026-05-07,Email,Product Drip Campaign,0,Visitor,0
107219,2026-05-01,Social Media,Facebook Ads,0,Visitor,0
109732,2026-03-24,Referral,Partner Referral,0,Visitor,0
103956,2026-04-10,Paid Search,Google Ads - Brand,0,Visitor,0
107286,2026-06-01,Social Media,LinkedIn Ads,0,Visitor,0
100374,2026-04-12,Organic Search,SEO - Product Pages,0,Visitor,0
108920,2026-04-08,Email,Newsletter,0,Visitor,0
108545,2026-04-17,Email,Product Drip Campaign,8,Customer,1062
109958,2026-04-25,Referral,Customer Referral Program,5,MQL,0
106330,2026-04-14,Social Media,Instagram Ads,0,Visitor,0
108343,2026-04-25,Email,Product Drip Campaign,0,Visitor,0
111788,2026-05-24,Direct,Direct/None,0,Visitor,0
107162,2026-04-13,Social Media,LinkedIn Ads,0,Visitor,0
104167,2026-04-21,Paid Search,Google Ads - Brand,48,MQL,0
100930,2026-04-30,Organic Search,SEO - Product Pages,0,Visitor,0
111554,2026-04-29,Direct,Direct/None,0,Visitor,0
107676,2026-04-18,Social Media,Instagram Ads,0,Visitor,0
104845,2026-03-10,Paid Search,Google Ads - Generic,0,Visitor,0
108973,2026-04-03,Email,Product Drip Campaign,0,Visitor,0
101789,2026-05-04,Organic Search,SEO - Blog,12,Lead,0
110463,2026-03-12,Direct,Direct/None,0,Visitor,0
100967,2026-04-11,Organic Search,SEO - Product Pages,0,Visitor,0
108179,2026-04-29,Email,Newsletter,0,Visitor,0
108757,2026-05-01,Email,Product Drip Campaign,0,Visitor,0
101446,2026-05-13,Organic Search,SEO - Product Pages,0,Visitor,0
108321,2026-06-09,Email,Newsletter,0,Visitor,0
102703,2026-02-04,Organic Search,SEO - Product Pages,0,Visitor,0
106312,2026-03-07,Social Media,LinkedIn Ads,0,Visitor,0
109789,2026-04-10,Referral,Partner Referral,0,Visitor,0
110172,2026-03-22,Referral,Partner Referral,0,Visitor,0
101382,2026-06-01,Organic Search,SEO - Product Pages,0,Visitor,0
103233,2026-04-29,Paid Search,Google Ads - Generic,0,Visitor,0
102155,2026-05-05,Organic Search,SEO - Product Pages,0,Visitor,0
111637,2026-06-01,Direct,Direct/None,0,Visitor,0
100518,2026-03-29,Organic Search,SEO - Product Pages,0,Visitor,0
108498,2026-04-13,Email,Newsletter,8,Lead,0
108623,2026-05-29,Email,Newsletter,0,Visitor,0
106624,2026-02-24,Social Media,Facebook Ads,0,Visitor,0
107993,2026-06-02,Email,Product Drip Campaign,0,Visitor,0
100230,2026-01-25,Organic Search,SEO - Product Pages,0,Visitor,0
106672,2026-05-31,Social Media,Facebook Ads,0,Visitor,0
111093,2026-03-15,Direct,Direct/None,0,Visitor,0
102176,2026-03-23,Organic Search,SEO - Product Pages,0,Visitor,0
100361,2026-03-01,Organic Search,SEO - Product Pages,0,Visitor,0
102373,2026-06-01,Organic Search,SEO - Blog,0,Visitor,0
111773,2026-04-18,Direct,Direct/None,0,MQL,0
106038,2026-02-13,Social Media,Facebook Ads,0,Visitor,0
107699,2026-06-10,Social Media,Facebook Ads,0,Visitor,0
101365,2026-05-02,Organic Search,SEO - Product Pages,0,Visitor,0
102078,2026-06-01,Organic Search,SEO - Blog,0,Visitor,0
107374,2026-02-17,Social Media,Instagram Ads,0,Visitor,0
104640,2026-02-24,Paid Search,Google Ads - Brand,0,Visitor,0
108358,2026-05-05,Email,Newsletter,8,SQL,0
101467,2026-03-15,Organic Search,SEO - Blog,12,MQL,0
104409,2026-03-15,Paid Search,Google Ads - Generic,0,Visitor,0
102643,2026-02-18,Organic Search,SEO - Blog,0,Visitor,0
105613,2026-04-29,Social Media,LinkedIn Ads,0,Visitor,0
108531,2026-02-26,Email,Product Drip Campaign,0,Visitor,0
101793,2026-04-07,Organic Search,SEO - Product Pages,0,Visitor,0
105146,2026-06-01,Paid Search,Google Ads - Brand,0,Visitor,0
101363,2026-05-10,Organic Search,SEO - Blog,12,Customer,1663
109393,2026-04-23,Referral,Customer Referral Program,0,Visitor,0
107846,2026-03-20,Social Media,LinkedIn Ads,35,Lead,0
105704,2026-05-31,Social Media,Facebook Ads,35,MQL,0
107827,2026-03-05,Social Media,Instagram Ads,0,Visitor,0
100007,2026-04-02,Organic Search,SEO - Blog,0,Visitor,0
108080,2026-02-26,Email,Newsletter,0,Visitor,0
111656,2026-03-28,Direct,Direct/None,0,MQL,0
101851,2026-04-23,Organic Search,SEO - Product Pages,0,Visitor,0
102858,2026-04-19,Organic Search,SEO - Blog,0,Visitor,0
105677,2026-04-12,Social Media,Facebook Ads,35,Lead,0
108568,2026-04-28,Email,Product Drip Campaign,8,MQL,0
107905,2026-06-02,Social Media,Facebook Ads,0,Visitor,0
110613,2026-05-08,Direct,Direct/None,0,Lead,0
108278,2026-04-18,Email,Product Drip Campaign,0,Visitor,0
110383,2026-03-19,Direct,Direct/None,0,Visitor,0
110671,2026-02-25,Direct,Direct/None,0,Visitor,0
107784,2026-03-29,Social Media,LinkedIn Ads,0,Visitor,0
106944,2026-04-28,Social Media,LinkedIn Ads,0,Visitor,0
100281,2026-05-09,Organic Search,SEO - Blog,0,Visitor,0
107848,2026-04-19,Social Media,LinkedIn Ads,0,Visitor,0
102780,2026-01-31,Organic Search,SEO - Blog,0,Visitor,0
108863,2026-05-02,Email,Newsletter,0,Visitor,0
110246,2026-05-25,Direct,Direct/None,0,Visitor,0
105231,2026-05-06,Paid Search,Google Ads - Generic,0,Visitor,0
104566,2026-02-23,Paid Search,Google Ads - Generic,0,Visitor,0
101130,2026-05-06,Organic Search,SEO - Blog,0,Visitor,0
104357,2026-05-08,Paid Search,Google Ads - Brand,0,Visitor,0
107913,2026-05-15,Social Media,LinkedIn Ads,0,Visitor,0
102824,2026-04-18,Organic Search,SEO - Product Pages,12,Lead,0
108782,2026-06-01,Email,Product Drip Campaign,8,MQL,0
111412,2026-04-01,Direct,Direct/None,0,Visitor,0
109499,2026-02-06,Referral,Customer Referral Program,0,Visitor,0
106610,2026-04-21,Social Media,LinkedIn Ads,0,Visitor,0
101703,2026-02-18,Organic Search,SEO - Product Pages,0,Visitor,0
101775,2026-02-01,Organic Search,SEO - Blog,0,Visitor,0
101388,2026-03-09,Organic Search,SEO - Blog,0,Visitor,0
104277,2026-01-10,Paid Search,Google Ads - Generic,0,Visitor,0
108837,2026-03-25,Email,Newsletter,8,SQL,0
109614,2026-04-18,Referral,Partner Referral,0,Visitor,0
110376,2026-02-09,Direct,Direct/None,0,Visitor,0
104068,2026-02-19,Paid Search,Google Ads - Generic,0,Visitor,0
100487,2026-05-01,Organic Search,SEO - Blog,0,Visitor,0
105094,2026-03-30,Paid Search,Google Ads - Generic,0,Visitor,0
111151,2026-03-30,Direct,Direct/None,0,Customer,2701
110313,2026-03-06,Direct,Direct/None,0,Visitor,0
106541,2026-02-10,Social Media,Instagram Ads,0,Visitor,0
103744,2026-05-26,Paid Search,Google Ads - Generic,48,Lead,0
103376,2026-02-06,Paid Search,Google Ads - Generic,0,Visitor,0
107813,2026-01-12,Social Media,LinkedIn Ads,0,Visitor,0
104528,2026-04-20,Paid Search,Google Ads - Brand,0,Visitor,0
108438,2026-02-07,Email,Product Drip Campaign,0,Visitor,0
100570,2026-05-19,Organic Search,SEO - Blog,0,Visitor,0
101501,2026-03-19,Organic Search,SEO - Blog,0,Visitor,0
100088,2026-05-03,Organic Search,SEO - Blog,0,Visitor,0
103961,2026-03-20,Paid Search,Google Ads - Generic,0,Visitor,0
109490,2026-06-16,Referral,Partner Referral,5,MQL,0
104414,2026-02-12,Paid Search,Google Ads - Brand,0,Visitor,0
102835,2026-03-12,Organic Search,SEO - Product Pages,0,Visitor,0
106667,2026-05-28,Social Media,Instagram Ads,0,Visitor,0
105327,2026-04-22,Social Media,Instagram Ads,0,Visitor,0
102529,2026-05-21,Organic Search,SEO - Blog,0,Visitor,0
104451,2026-05-15,Paid Search,Google Ads - Brand,0,Visitor,0
101950,2026-04-22,Organic Search,SEO - Blog,0,Visitor,0
101826,2026-02-05,Organic Search,SEO - Blog,12,Lead,0
104139,2026-01-30,Paid Search,Google Ads - Generic,0,Visitor,0
106030,2026-05-23,Social Media,Instagram Ads,0,Visitor,0
103916,2026-03-29,Paid Search,Google Ads - Brand,0,Visitor,0
105730,2026-04-07,Social Media,LinkedIn Ads,0,Visitor,0
109517,2026-05-20,Referral,Customer Referral Program,5,MQL,0
103414,2026-04-04,Paid Search,Google Ads - Generic,0,Visitor,0
106036,2026-04-11,Social Media,LinkedIn Ads,0,Visitor,0
102267,2026-01-24,Organic Search,SEO - Product Pages,0,Visitor,0
108848,2026-03-29,Email,Product Drip Campaign,0,Visitor,0
105553,2026-05-11,Social Media,LinkedIn Ads,0,Visitor,0
105796,2026-03-27,Social Media,LinkedIn Ads,0,Visitor,0
106750,2026-04-03,Social Media,Instagram Ads,0,Visitor,0
111213,2026-05-19,Direct,Direct/None,0,MQL,0
101017,2026-02-17,Organic Search,SEO - Blog,12,Lead,0
111356,2026-02-12,Direct,Direct/None,0,Visitor,0
106040,2026-03-25,Social Media,Facebook Ads,0,Visitor,0
108548,2026-03-20,Email,Product Drip Campaign,0,Visitor,0
106195,2026-04-12,Social Media,Instagram Ads,0,Visitor,0
104018,2026-04-18,Paid Search,Google Ads - Brand,0,Visitor,0
110640,2026-04-19,Direct,Direct/None,0,Visitor,0
107540,2026-02-26,Social Media,LinkedIn Ads,0,Visitor,0
108088,2026-03-16,Email,Product Drip Campaign,0,Visitor,0
111633,2026-04-23,Direct,Direct/None,0,Visitor,0
101784,2026-03-23,Organic Search,SEO - Product Pages,0,Visitor,0
111995,2026-03-14,Direct,Direct/None,0,Visitor,0
104952,2026-05-08,Paid Search,Google Ads - Generic,48,Lead,0
100265,2026-02-26,Organic Search,SEO - Blog,0,Visitor,0
110325,2026-04-21,Direct,Direct/None,0,SQL,0
105958,2026-02-28,Social Media,LinkedIn Ads,0,Visitor,0
110868,2026-02-27,Direct,Direct/None,0,Visitor,0
104360,2026-02-28,Paid Search,Google Ads - Brand,48,Lead,0
101106,2026-03-06,Organic Search,SEO - Blog,0,Visitor,0
104583,2026-04-02,Paid Search,Google Ads - Brand,0,Visitor,0
109128,2026-02-17,Referral,Customer Referral Program,0,Visitor,0
105040,2026-04-21,Paid Search,Google Ads - Brand,0,Visitor,0
101585,2026-04-08,Organic Search,SEO - Product Pages,0,Visitor,0
103238,2026-04-08,Paid Search,Google Ads - Brand,0,Visitor,0
101375,2026-03-25,Organic Search,SEO - Blog,12,Lead,0
109017,2026-04-03,Email,Newsletter,0,Visitor,0
106571,2026-03-29,Social Media,Instagram Ads,0,Visitor,0
108334,2026-03-21,Email,Product Drip Campaign,0,Visitor,0
107604,2026-02-25,Social Media,Unknown / Untagged,0,Visitor,0
102429,2026-02-16,Organic Search,SEO - Product Pages,0,Visitor,0
110694,2026-01-17,Direct,Direct/None,0,Visitor,0
111780,2026-03-20,Direct,Direct/None,0,Visitor,0
107613,2026-03-09,Social Media,LinkedIn Ads,0,Visitor,0
103574,2026-03-11,Paid Search,Google Ads - Brand,0,Visitor,0
111609,2026-04-10,Direct,Direct/None,0,Visitor,0
108786,2026-02-17,Email,Newsletter,0,Visitor,0
100638,2026-04-23,Organic Search,SEO - Blog,0,Visitor,0
109940,2026-04-18,Referral,Customer Referral Program,5,Customer,912
107542,2026-03-11,Social Media,Facebook Ads,0,Visitor,0
104985,2026-06-15,Paid Search,Google Ads - Generic,48,Lead,0
103665,2026-01-29,Paid Search,Google Ads - Generic,0,Visitor,0
106451,2026-05-28,Social Media,Facebook Ads,35,MQL,0
108381,2026-03-09,Email,Product Drip Campaign,8,Lead,0
106961,2026-04-24,Social Media,Instagram Ads,0,Visitor,0
107945,2026-01-15,Email,Newsletter,0,Visitor,0
103623,2026-04-16,Paid Search,Google Ads - Generic,0,Visitor,0
105543,2026-04-02,Social Media,LinkedIn Ads,0,Visitor,0
100842,2026-04-24,Organic Search,SEO - Blog,12,MQL,0
105536,2026-05-10,Social Media,Facebook Ads,0,Visitor,0
106000,2026-04-26,Social Media,LinkedIn Ads,0,Visitor,0
106740,2026-03-14,Social Media,Facebook Ads,0,Visitor,0
106937,2026-04-23,Social Media,Facebook Ads,35,SQL,0
108394,2026-06-24,Email,Product Drip Campaign,0,Visitor,0
102180,2026-04-19,Organic Search,SEO - Product Pages,0,Visitor,0
111417,2026-02-11,Direct,Direct/None,0,Visitor,0
109158,2026-02-15,Referral,Partner Referral,0,Visitor,0
101909,2026-04-20,Organic Search,SEO - Blog,12,Lead,0
103619,2026-02-07,Paid Search,Google Ads - Brand,48,Lead,0
108075,2026-03-31,Email,Product Drip Campaign,8,MQL,0
111438,2026-03-22,Direct,Direct/None,0,Visitor,0
102294,2026-05-01,Organic Search,SEO - Blog,0,Visitor,0
109990,2026-05-20,Referral,Customer Referral Program,0,Visitor,0
106321,2026-02-05,Social Media,Unknown / Untagged,0,Visitor,0
110123,2026-03-21,Referral,Partner Referral,0,Visitor,0
102895,2026-03-11,Paid Search,Google Ads - Generic,0,Visitor,0
107963,2026-03-07,Email,Newsletter,0,Visitor,0
110050,2026-05-25,Referral,Customer Referral Program,0,Visitor,0
101470,2026-03-06,Organic Search,SEO - Blog,0,Visitor,0
106457,2026-06-10,Social Media,LinkedIn Ads,0,Visitor,0
111970,2026-04-13,Direct,Direct/None,0,Visitor,0
101768,2026-04-17,Organic Search,SEO - Product Pages,0,Visitor,0
105388,2026-04-01,Social Media,Instagram Ads,0,Visitor,0
102096,2026-03-29,Organic Search,SEO - Blog,0,Visitor,0
106087,2026-04-16,Social Media,Facebook Ads,0,Visitor,0
100566,2026-03-18,Organic Search,SEO - Product Pages,0,Visitor,0
107251,2026-03-31,Social Media,LinkedIn Ads,0,Visitor,0
107232,2026-02-04,Social Media,LinkedIn Ads,0,Visitor,0
105766,2026-03-04,Social Media,LinkedIn Ads,0,Visitor,0
105774,2026-04-15,Social Media,Facebook Ads,0,Visitor,0
108015,2026-03-07,Email,Newsletter,0,Visitor,0
108671,2026-04-27,Email,Unknown / Untagged,0,Visitor,0
100119,2026-05-04,Organic Search,SEO - Blog,0,Visitor,0
101063,2026-04-28,Organic Search,SEO - Product Pages,0,Visitor,0
101051,2026-03-29,Organic Search,SEO - Blog,12,SQL,0
109321,2026-04-09,Referral,Customer Referral Program,0,Visitor,0
109318,2026-03-26,Referral,Partner Referral,0,Visitor,0
100255,2026-02-01,Organic Search,SEO - Product Pages,0,Visitor,0
108549,2026-05-10,Email,Newsletter,8,Customer,655
106444,2026-04-25,Social Media,Instagram Ads,0,Visitor,0
110127,2026-04-26,Referral,Customer Referral Program,0,Visitor,0
101519,2026-03-02,Organic Search,SEO - Product Pages,0,Visitor,0
101852,2026-03-14,Organic Search,SEO - Product Pages,0,Visitor,0
102932,2026-04-24,Paid Search,Google Ads - Brand,0,Visitor,0
104685,2026-05-16,Paid Search,Google Ads - Generic,0,Visitor,0
104300,2026-04-15,Paid Search,Google Ads - Brand,0,Visitor,0
104263,2026-06-05,Paid Search,Google Ads - Generic,0,Visitor,0
103757,2026-04-03,Paid Search,Google Ads - Brand,0,Visitor,0
102531,2026-02-18,Organic Search,SEO - Blog,0,Visitor,0
101611,2026-01-23,Organic Search,SEO - Product Pages,0,Visitor,0
103690,2026-06-11,Paid Search,Google Ads - Generic,0,Visitor,0
101630,2026-04-18,Organic Search,SEO - Blog,0,Visitor,0
103155,2026-03-25,Paid Search,Google Ads - Generic,0,Visitor,0
110179,2026-05-24,Referral,Partner Referral,0,Visitor,0
100682,2026-05-03,Organic Search,SEO - Blog,0,Visitor,0
100709,2026-05-15,Organic Search,SEO - Blog,0,Visitor,0
105166,2026-04-28,Paid Search,Google Ads - Brand,0,Visitor,0
105258,2026-04-08,Paid Search,Google Ads - Generic,0,Visitor,0
100486,2026-05-15,Organic Search,SEO - Blog,0,Visitor,0
102461,2026-06-06,Organic Search,SEO - Product Pages,0,Visitor,0
103720,2026-01-29,Paid Search,Google Ads - Generic,48,Lead,0
102503,2026-04-03,Organic Search,SEO - Blog,0,Visitor,0
107290,2026-05-23,Social Media,Unknown / Untagged,0,Visitor,0
109264,2026-05-30,Referral,Partner Referral,5,Lead,0
105803,2026-04-11,Social Media,LinkedIn Ads,0,Visitor,0
101400,2026-03-27,Organic Search,SEO - Blog,0,Visitor,0
110869,2026-02-07,Direct,Direct/None,0,Lead,0
102989,2026-04-23,Paid Search,Google Ads - Generic,0,Visitor,0
105074,2026-05-01,Paid Search,Google Ads - Brand,0,Visitor,0
105143,2026-05-31,Paid Search,Google Ads - Brand,0,Visitor,0
101547,2026-02-09,Organic Search,SEO - Blog,0,Visitor,0
100481,2026-04-24,Organic Search,SEO - Blog,0,Visitor,0
110186,2026-01-21,Referral,Partner Referral,0,Visitor,0
101482,2026-06-19,Organic Search,SEO - Product Pages,0,Visitor,0
107689,2026-06-16,Social Media,Instagram Ads,0,Visitor,0
103932,2026-02-22,Paid Search,Google Ads - Brand,0,Visitor,0
109181,2026-03-29,Referral,Customer Referral Program,0,Visitor,0
108953,2026-05-02,Email,Newsletter,0,Visitor,0
109509,2026-05-01,Referral,Partner Referral,0,Visitor,0
101503,2026-02-20,Organic Search,SEO - Blog,0,Visitor,0
102081,2026-06-27,Organic Search,SEO - Product Pages,12,MQL,0
109432,2026-04-24,Referral,Partner Referral,0,Visitor,0
108939,2026-03-06,Email,Product Drip Campaign,0,Visitor,0
105240,2026-06-01,Paid Search,Google Ads - Brand,0,Visitor,0
107738,2026-01-08,Social Media,Facebook Ads,0,Visitor,0
107562,2026-06-18,Social Media,LinkedIn Ads,0,Visitor,0
102537,2026-04-02,Organic Search,SEO - Product Pages,0,Visitor,0
102470,2026-04-24,Organic Search,SEO - Blog,0,Visitor,0
102666,2026-05-07,Organic Search,SEO - Blog,12,Lead,0
100874,2026-04-13,Organic Search,SEO - Blog,0,Visitor,0
100357,2026-04-02,Organic Search,SEO - Blog,12,SQL,0
100302,2026-01-26,Organic Search,SEO - Blog,12,MQL,0
101324,2026-05-29,Organic Search,SEO - Product Pages,0,Visitor,0
102206,2026-04-20,Organic Search,SEO - Product Pages,0,Visitor,0
104462,2026-03-22,Paid Search,Google Ads - Brand,0,Visitor,0
105929,2026-03-05,Social Media,Facebook Ads,35,Lead,0
108207,2026-02-23,Email,Newsletter,8,Lead,0
105556,2026-01-29,Social Media,Facebook Ads,0,Visitor,0
111315,2026-03-15,Direct,Direct/None,0,Lead,0
102535,2026-01-26,Organic Search,SEO - Product Pages,0,Visitor,0
108983,2026-02-14,Email,Product Drip Campaign,0,Visitor,0
101816,2026-03-01,Organic Search,SEO - Blog,0,Visitor,0
111691,2026-03-27,Direct,Direct/None,0,Visitor,0
106241,2026-03-13,Social Media,Facebook Ads,0,Visitor,0
100590,2026-05-04,Organic Search,SEO - Blog,0,Visitor,0
109403,2026-03-28,Referral,Partner Referral,0,Visitor,0
111988,2026-04-25,Direct,Direct/None,0,Visitor,0
108988,2026-03-01,Email,Newsletter,0,Visitor,0
111317,2026-04-16,Direct,Direct/None,0,Visitor,0
105918,2026-05-11,Social Media,Facebook Ads,0,Visitor,0
108811,2026-04-07,Email,Newsletter,0,Visitor,0
100400,2026-04-11,Organic Search,SEO - Product Pages,0,Visitor,0
100639,2026-03-29,Organic Search,SEO - Product Pages,0,Visitor,0
102119,2026-04-12,Organic Search,SEO - Blog,0,Visitor,0
111136,2026-01-20,Direct,Direct/None,0,Lead,0
107970,2026-02-23,Email,Newsletter,0,Visitor,0
104954,2026-04-27,Paid Search,Google Ads - Brand,0,Visitor,0
101262,2026-03-06,Organic Search,SEO - Blog,0,Visitor,0
111596,2026-05-08,Direct,Direct/None,0,Visitor,0
104677,2026-03-28,Paid Search,Google Ads - Generic,0,Visitor,0
102633,2026-03-14,Organic Search,SEO - Blog,0,Visitor,0
109703,2026-03-25,Referral,Customer Referral Program,5,Lead,0
111645,2026-02-26,Direct,Direct/None,0,Visitor,0
105510,2026-05-17,Social Media,Facebook Ads,0,Visitor,0
102945,2026-03-27,Paid Search,Google Ads - Generic,48,Lead,0
110873,2026-03-11,Direct,Direct/None,0,Lead,0
106537,2026-05-26,Social Media,Instagram Ads,0,Visitor,0
107288,2026-02-28,Social Media,Instagram Ads,0,Visitor,0
100888,2026-04-18,Organic Search,SEO - Product Pages,0,Visitor,0
103140,2026-04-29,Paid Search,Google Ads - Generic,0,Visitor,0
108628,2026-05-01,Email,Newsletter,8,Lead,0
106151,2026-04-07,Social Media,Facebook Ads,0,Visitor,0
100114,2026-02-03,Organic Search,SEO - Product Pages,12,MQL,0
104358,2026-04-06,Paid Search,Google Ads - Generic,0,Visitor,0
100268,2026-04-04,Organic Search,SEO - Product Pages,0,Visitor,0
102882,2026-05-20,Paid Search,Google Ads - Brand,48,MQL,0
101500,2026-04-05,Organic Search,SEO - Blog,0,Visitor,0
101314,2026-06-01,Organic Search,SEO - Product Pages,0,Visitor,0
102372,2026-04-11,Organic Search,SEO - Product Pages,12,MQL,0
103424,2026-03-24,Paid Search,Google Ads - Generic,0,Visitor,0
109031,2026-04-12,Email,Product Drip Campaign,8,MQL,0
106878,2026-02-05,Social Media,Facebook Ads,0,Visitor,0
105840,2026-03-21,Social Media,Instagram Ads,35,Lead,0
111960,2026-03-27,Direct,Direct/None,0,SQL,0
110660,2026-03-10,Direct,Direct/None,0,Lead,0
109881,2026-05-05,Referral,Partner Referral,5,SQL,0
105844,2026-04-26,Social Media,LinkedIn Ads,0,Visitor,0
106797,2026-03-14,Social Media,Instagram Ads,0,Visitor,0
108448,2026-04-11,Email,Product Drip Campaign,8,Lead,0
110960,2026-04-09,Direct,Direct/None,0,Visitor,0
102567,2026-03-14,Organic Search,SEO - Product Pages,0,Visitor,0
110566,2026-04-01,Direct,Direct/None,0,MQL,0
111521,2026-04-24,Direct,Direct/None,0,Lead,0
103446,2026-02-12,Paid Search,Google Ads - Brand,0,Visitor,0
100793,2026-04-15,Organic Search,SEO - Blog,0,Visitor,0
103236,2026-04-22,Paid Search,Google Ads - Brand,48,MQL,0
102566,2026-03-10,Organic Search,SEO - Blog,0,Visitor,0
100618,2026-05-17,Organic Search,SEO - Product Pages,0,Visitor,0
109342,2026-04-01,Referral,Customer Referral Program,0,Visitor,0
106099,2026-04-26,Social Media,Facebook Ads,0,Visitor,0
106959,2026-02-24,Social Media,Facebook Ads,0,Visitor,0
104741,2026-01-20,Paid Search,Google Ads - Brand,0,Visitor,0
110004,2026-03-26,Referral,Partner Referral,0,Visitor,0
108805,2026-04-15,Email,Product Drip Campaign,8,Lead,0
103807,2026-04-13,Paid Search,Google Ads - Generic,0,Visitor,0
110107,2026-03-10,Referral,Partner Referral,0,Visitor,0
106378,2026-04-04,Social Media,Facebook Ads,0,Visitor,0
101696,2026-02-21,Organic Search,SEO - Product Pages,0,Visitor,0
104148,2026-05-17,Paid Search,Google Ads - Generic,48,Lead,0
103119,2026-04-12,Paid Search,Google Ads - Brand,0,Visitor,0
106507,2026-06-13,Social Media,LinkedIn Ads,0,Visitor,0
106401,2026-03-04,Social Media,LinkedIn Ads,0,Visitor,0
105992,2026-04-18,Social Media,Facebook Ads,0,Visitor,0
106656,2026-05-27,Social Media,LinkedIn Ads,0,Visitor,0
100770,2026-06-23,Organic Search,SEO - Product Pages,0,Visitor,0
110201,2026-03-13,Direct,Direct/None,0,Visitor,0
108079,2026-05-27,Email,Newsletter,0,Visitor,0
111524,2026-04-04,Direct,Direct/None,0,Visitor,0
106353,2026-01-21,Social Media,LinkedIn Ads,0,Visitor,0
108406,2026-05-19,Email,Newsletter,8,MQL,0
101779,2026-04-08,Organic Search,SEO - Product Pages,0,Visitor,0
102056,2026-03-02,Organic Search,SEO - Blog,0,Visitor,0
104771,2026-06-07,Paid Search,Google Ads - Brand,0,Visitor,0
110101,2026-03-17,Referral,Partner Referral,0,Visitor,0
106534,2026-03-06,Social Media,LinkedIn Ads,0,Visitor,0
110426,2026-01-31,Direct,Direct/None,0,Visitor,0
102197,2026-06-12,Organic Search,SEO - Blog,0,Visitor,0
111798,2026-04-11,Direct,Direct/None,0,Visitor,0
110677,2026-06-03,Direct,Direct/None,0,Visitor,0
109024,2026-04-17,Email,Newsletter,8,Lead,0
103188,2026-03-03,Paid Search,Google Ads - Generic,0,Visitor,0
101628,2026-02-26,Organic Search,SEO - Product Pages,0,Visitor,0
101332,2026-04-18,Organic Search,SEO - Product Pages,0,Visitor,0
102227,2026-04-23,Organic Search,SEO - Blog,0,Visitor,0
106205,2026-04-09,Social Media,LinkedIn Ads,0,Visitor,0
108843,2026-03-28,Email,Product Drip Campaign,8,SQL,0
101276,2026-03-14,Organic Search,SEO - Product Pages,0,Visitor,0
107213,2026-03-21,Social Media,Facebook Ads,0,Visitor,0
107198,2026-05-02,Social Media,Facebook Ads,0,Visitor,0
109269,2026-03-03,Referral,Customer Referral Program,0,Visitor,0
104493,2026-05-18,Paid Search,Google Ads - Generic,0,Visitor,0
107546,2026-03-29,Social Media,Facebook Ads,0,Visitor,0
100279,2026-05-12,Organic Search,SEO - Blog,0,Visitor,0
101256,2026-02-12,Organic Search,SEO - Blog,12,Customer,1617
104147,2026-02-26,Paid Search,Google Ads - Brand,48,Lead,0
109836,2026-05-16,Referral,Customer Referral Program,0,Visitor,0
111944,2026-03-16,Direct,Direct/None,0,Visitor,0
109277,2026-02-02,Referral,Customer Referral Program,0,Visitor,0
108554,2026-04-12,Email,Product Drip Campaign,0,Visitor,0
104519,2026-04-30,Paid Search,Google Ads - Brand,0,Visitor,0
103556,2026-04-06,Paid Search,Google Ads - Brand,0,Visitor,0
111144,2026-04-23,Direct,Direct/None,0,MQL,0
101729,2026-02-19,Organic Search,SEO - Product Pages,12,Lead,0
100662,2026-04-11,Organic Search,SEO - Product Pages,0,Visitor,0
109671,2026-04-25,Referral,Partner Referral,5,SQL,0
104909,2026-04-21,Paid Search,Google Ads - Generic,48,Lead,0
110947,2026-03-29,Direct,Direct/None,0,MQL,0
107991,2026-02-07,Email,Newsletter,8,MQL,0
102399,2026-03-12,Organic Search,SEO - Product Pages,12,MQL,0
104159,2026-04-02,Paid Search,Google Ads - Brand,0,Visitor,0
100435,2026-02-20,Organic Search,SEO - Blog,0,Visitor,0
106754,2026-01-14,Social Media,Instagram Ads,0,Visitor,0
101272,2026-01-20,Organic Search,SEO - Product Pages,0,Visitor,0
105808,2026-02-13,Social Media,LinkedIn Ads,0,Visitor,0
100078,2026-05-03,Organic Search,SEO - Blog,0,Visitor,0
108744,2026-04-19,Email,Product Drip Campaign,0,Visitor,0
108990,2026-04-01,Email,Newsletter,0,Visitor,0
101257,2026-04-19,Organic Search,SEO - Product Pages,0,Visitor,0
101047,2026-03-18,Organic Search,SEO - Product Pages,0,Visitor,0
104920,2026-01-30,Paid Search,Google Ads - Brand,0,Visitor,0
107135,2026-03-03,Social Media,LinkedIn Ads,0,Visitor,0
102939,2026-03-20,Paid Search,Google Ads - Generic,0,Visitor,0
102744,2026-04-22,Organic Search,SEO - Product Pages,0,Visitor,0
103320,2026-05-31,Paid Search,Google Ads - Brand,0,Visitor,0
103785,2026-04-14,Paid Search,Google Ads - Generic,0,Visitor,0
108246,2026-02-16,Email,Newsletter,0,Visitor,0
104901,2026-03-14,Paid Search,Google Ads - Brand,0,Visitor,0
104782,2026-04-06,Paid Search,Google Ads - Brand,0,Visitor,0
106331,2026-04-30,Social Media,LinkedIn Ads,0,Visitor,0
108429,2026-04-16,Email,Product Drip Campaign,8,SQL,0
106780,2026-02-06,Social Media,Instagram Ads,0,Visitor,0
103559,2026-05-03,Paid Search,Google Ads - Brand,0,Visitor,0
106737,2026-01-21,Social Media,Facebook Ads,0,Visitor,0
106111,2026-01-07,Social Media,Facebook Ads,0,Visitor,0
106832,2026-04-30,Social Media,LinkedIn Ads,0,Visitor,0
107515,2026-03-31,Social Media,LinkedIn Ads,0,Visitor,0
100768,2026-06-17,Organic Search,SEO - Blog,0,Visitor,0
101175,2026-04-01,Organic Search,SEO - Blog,0,Visitor,0
110737,2026-05-13,Direct,Direct/None,0,Visitor,0
109483,2026-05-28,Referral,Customer Referral Program,0,Visitor,0
109057,2026-04-19,Email,Newsletter,0,Visitor,0
108236,2026-05-20,Email,Product Drip Campaign,8,MQL,0
100263,2026-05-15,Organic Search,SEO - Product Pages,0,Visitor,0
101020,2026-03-15,Organic Search,SEO - Blog,0,Visitor,0
105048,2026-04-06,Paid Search,Google Ads - Generic,0,Visitor,0
107638,2026-03-04,Social Media,LinkedIn Ads,0,Visitor,0
103875,2026-03-27,Paid Search,Google Ads - Brand,48,Lead,0
107285,2026-02-19,Social Media,Facebook Ads,0,Visitor,0
100737,2026-04-15,Organic Search,SEO - Blog,0,Visitor,0
110915,2026-03-18,Direct,Direct/None,0,Visitor,0
104083,2026-04-10,Paid Search,Google Ads - Brand,0,Visitor,0
108370,2026-01-09,Email,Newsletter,0,Visitor,0
107557,2026-05-04,Social Media,Facebook Ads,0,Visitor,0
103869,2026-03-12,Paid Search,Google Ads - Generic,0,Visitor,0
103007,2026-06-06,Paid Search,Google Ads - Brand,0,Visitor,0
104681,2026-05-16,Paid Search,Google Ads - Generic,0,Visitor,0
108960,2026-03-01,Email,Product Drip Campaign,0,Visitor,0
104558,2026-05-05,Paid Search,Google Ads - Generic,0,Visitor,0
105300,2026-05-22,Social Media,Instagram Ads,35,Lead,0
104764,2026-04-10,Paid Search,Google Ads - Brand,0,Visitor,0
109528,2026-03-27,Referral,Customer Referral Program,5,SQL,0
104717,2026-03-09,Paid Search,Google Ads - Generic,0,Visitor,0
109199,2026-03-05,Referral,Customer Referral Program,0,Visitor,0
101506,2026-04-01,Organic Search,SEO - Blog,0,Visitor,0
107816,2026-03-17,Social Media,LinkedIn Ads,0,Visitor,0
107297,2026-02-22,Social Media,LinkedIn Ads,0,Visitor,0
109589,2026-01-14,Referral,Partner Referral,0,Visitor,0
109715,2026-05-01,Referral,Customer Referral Program,0,Visitor,0
103241,2026-06-04,Paid Search,Google Ads - Generic,0,Visitor,0
109912,2026-04-03,Referral,Partner Referral,0,Visitor,0
110474,2026-04-05,Direct,Direct/None,0,Visitor,0
104236,2026-04-07,Paid Search,Google Ads - Generic,0,Visitor,0
106630,2026-05-05,Social Media,Facebook Ads,0,Visitor,0
100415,2026-05-09,Organic Search,SEO - Product Pages,0,Visitor,0
100488,2026-04-21,Organic Search,SEO - Product Pages,0,Visitor,0
105631,2026-02-08,Social Media,LinkedIn Ads,0,Visitor,0
107767,2026-05-18,Social Media,Facebook Ads,0,Visitor,0
108570,2026-03-18,Email,Newsletter,0,Visitor,0
102300,2026-01-22,Organic Search,SEO - Product Pages,0,Visitor,0
109081,2026-02-02,Email,Newsletter,0,Visitor,0
107769,2026-01-05,Social Media,Instagram Ads,0,Visitor,0
102509,2026-03-10,Organic Search,SEO - Product Pages,12,Lead,0
100157,2026-04-20,Organic Search,SEO - Blog,0,Visitor,0
109382,2026-05-07,Referral,Partner Referral,5,SQL,0
110571,2026-02-03,Direct,Direct/None,0,Visitor,0
107863,2026-06-07,Social Media,Instagram Ads,0,Visitor,0
102578,2026-04-08,Organic Search,SEO - Blog,0,Visitor,0
100670,2026-03-07,Organic Search,SEO - Product Pages,0,Visitor,0
101023,2026-03-03,Organic Search,SEO - Blog,0,Visitor,0
104646,2026-04-10,Paid Search,Google Ads - Brand,0,Visitor,0
109751,2026-03-17,Referral,Customer Referral Program,5,SQL,0
102321,2026-06-04,Organic Search,SEO - Product Pages,0,Visitor,0
101653,2026-05-03,Organic Search,SEO - Blog,0,Visitor,0
100884,2026-05-02,Organic Search,SEO - Product Pages,0,Visitor,0
100034,2026-01-29,Organic Search,SEO - Blog,0,Visitor,0
107788,2026-03-27,Social Media,Instagram Ads,0,Visitor,0
104104,2026-05-01,Paid Search,Google Ads - Brand,0,Visitor,0
108386,2026-04-16,Email,Newsletter,0,Visitor,0
100669,2026-05-28,Organic Search,SEO - Product Pages,0,Visitor,0
109127,2026-06-02,Referral,Customer Referral Program,0,Visitor,0
109030,2026-03-21,Email,Newsletter,0,Visitor,0
105973,2026-04-14,Social Media,Facebook Ads,0,Visitor,0
107704,2026-05-16,Social Media,Instagram Ads,0,Visitor,0
100220,2026-04-12,Organic Search,SEO - Product Pages,0,Visitor,0
106548,2026-04-28,Social Media,Instagram Ads,0,Visitor,0
106491,2026-03-23,Social Media,Instagram Ads,0,Visitor,0
110160,2026-04-04,Referral,Customer Referral Program,0,Visitor,0
103055,2026-02-21,Paid Search,Google Ads - Generic,0,Visitor,0
108729,2026-05-18,Email,Newsletter,0,Visitor,0
101494,2026-02-23,Organic Search,SEO - Product Pages,0,Visitor,0
105568,2026-03-17,Social Media,Facebook Ads,0,Visitor,0
105600,2026-02-13,Social Media,LinkedIn Ads,0,Visitor,0
110428,2026-04-10,Direct,Direct/None,0,Visitor,0
107951,2026-05-08,Email,Newsletter,0,Visitor,0
101737,2026-03-16,Organic Search,SEO - Product Pages,0,Visitor,0
101880,2026-05-09,Organic Search,SEO - Product Pages,0,Visitor,0
100599,2026-04-29,Organic Search,SEO - Product Pages,12,SQL,0
110199,2026-04-30,Referral,Customer Referral Program,0,Visitor,0
106304,2026-05-07,Social Media,LinkedIn Ads,0,Visitor,0
103306,2026-04-10,Paid Search,Google Ads - Generic,0,Visitor,0
101888,2026-04-07,Organic Search,SEO - Blog,0,Visitor,0
110572,2026-05-07,Direct,Direct/None,0,MQL,0
102881,2026-04-22,Paid Search,Google Ads - Generic,0,Visitor,0
111011,2026-05-10,Direct,Direct/None,0,Visitor,0
102958,2026-03-05,Paid Search,Google Ads - Generic,0,Visitor,0
101323,2026-02-16,Organic Search,SEO - Blog,0,Visitor,0
109841,2026-03-21,Referral,Customer Referral Program,0,Visitor,0
102775,2026-02-11,Organic Search,SEO - Product Pages,0,Visitor,0
109373,2026-04-14,Referral,Partner Referral,0,Visitor,0
102488,2026-01-31,Organic Search,SEO - Product Pages,0,Visitor,0
109704,2026-01-21,Referral,Customer Referral Program,5,MQL,0
108437,2026-03-31,Email,Product Drip Campaign,0,Visitor,0
101146,2026-04-14,Organic Search,SEO - Blog,0,Visitor,0
109963,2026-03-24,Referral,Partner Referral,0,Visitor,0
109561,2026-03-24,Referral,Partner Referral,0,Visitor,0
111939,2026-02-26,Direct,Direct/None,0,Visitor,0
108195,2026-05-24,Email,Product Drip Campaign,0,Visitor,0
108808,2026-05-10,Email,Product Drip Campaign,8,Lead,0
105061,2026-05-09,Paid Search,Google Ads - Brand,0,Visitor,0
107447,2026-04-01,Social Media,Instagram Ads,0,Visitor,0
110431,2026-03-24,Direct,Direct/None,0,Visitor,0
106476,2026-04-05,Social Media,Facebook Ads,0,Visitor,0
103464,2026-05-06,Paid Search,Google Ads - Generic,0,Visitor,0
110401,2026-06-02,Direct,Direct/None,0,Visitor,0
103408,2026-02-25,Paid Search,Google Ads - Brand,0,Visitor,0
102590,2026-02-14,Organic Search,SEO - Blog,0,Visitor,0
104630,2026-03-11,Paid Search,Google Ads - Brand,0,Visitor,0
108589,2026-04-19,Email,Product Drip Campaign,0,Visitor,0
111128,2026-05-30,Direct,Direct/None,0,MQL,0
110541,2026-01-20,Direct,Direct/None,0,Visitor,0
100591,2026-02-13,Organic Search,SEO - Blog,0,Visitor,0
108512,2026-04-03,Email,Newsletter,0,Visitor,0
103691,2026-03-09,Paid Search,Google Ads - Brand,0,Visitor,0
106334,2026-03-24,Social Media,Instagram Ads,0,Visitor,0
107316,2026-04-21,Social Media,Instagram Ads,0,Visitor,0
110342,2026-02-11,Direct,Direct/None,0,Visitor,0
104592,2026-02-23,Paid Search,Google Ads - Brand,0,Visitor,0
100363,2026-04-24,Organic Search,SEO - Product Pages,0,Visitor,0
102028,2026-02-16,Organic Search,SEO - Blog,0,Visitor,0
105247,2026-03-17,Paid Search,Google Ads - Brand,0,Visitor,0
100829,2026-04-16,Organic Search,SEO - Product Pages,0,Visitor,0
107182,2026-04-21,Social Media,Facebook Ads,0,Visitor,0
100644,2026-05-07,Organic Search,SEO - Product Pages,0,Visitor,0
107177,2026-02-09,Social Media,Facebook Ads,0,Visitor,0
111512,2026-03-23,Direct,Direct/None,0,Visitor,0
103593,2026-05-25,Paid Search,Google Ads - Brand,0,Visitor,0
102083,2026-05-09,Organic Search,SEO - Product Pages,0,Visitor,0
108263,2026-05-08,Email,Product Drip Campaign,8,MQL,0
110897,2026-04-17,Direct,Direct/None,0,Visitor,0
105181,2026-05-23,Paid Search,Google Ads - Generic,0,Visitor,0
108136,2026-04-03,Email,Product Drip Campaign,0,Visitor,0
110250,2026-03-21,Direct,Direct/None,0,Visitor,0
102627,2026-03-02,Organic Search,SEO - Product Pages,0,Visitor,0
108981,2026-06-21,Email,Product Drip Campaign,0,Visitor,0
107193,2026-03-24,Social Media,Unknown / Untagged,35,MQL,0
107403,2026-04-11,Social Media,Instagram Ads,0,Visitor,0
102410,2026-03-23,Organic Search,SEO - Blog,0,Visitor,0
111980,2026-03-31,Direct,Direct/None,0,SQL,0
102222,2026-02-12,Organic Search,SEO - Product Pages,0,Visitor,0
108269,2026-05-26,Email,Product Drip Campaign,8,Lead,0
106386,2026-05-01,Social Media,Facebook Ads,0,Visitor,0
111745,2026-04-25,Direct,Direct/None,0,Visitor,0
105025,2026-05-31,Paid Search,Google Ads - Brand,48,Lead,0
105897,2026-03-31,Social Media,Facebook Ads,0,Visitor,0
106043,2026-03-20,Social Media,Instagram Ads,0,Visitor,0
105103,2026-02-11,Paid Search,Google Ads - Brand,0,Visitor,0
105985,2026-03-27,Social Media,Instagram Ads,0,Visitor,0
110454,2026-05-24,Direct,Direct/None,0,Visitor,0
106540,2026-05-02,Social Media,Facebook Ads,0,Visitor,0
103413,2026-02-15,Paid Search,Google Ads - Brand,0,Visitor,0
110601,2026-04-02,Direct,Direct/None,0,SQL,0
108202,2026-04-07,Email,Product Drip Campaign,0,Visitor,0
111017,2026-05-06,Direct,Direct/None,0,Visitor,0
102454,2026-04-18,Organic Search,SEO - Product Pages,12,MQL,0
108145,2026-05-02,Email,Product Drip Campaign,0,Visitor,0
111415,2026-05-18,Direct,Direct/None,0,Visitor,0
105575,2026-04-01,Social Media,Facebook Ads,0,Visitor,0
105534,2026-02-19,Social Media,Instagram Ads,0,Visitor,0
101957,2026-02-07,Organic Search,SEO - Product Pages,0,Visitor,0
111831,2026-05-31,Direct,Direct/None,0,SQL,0
110296,2026-05-06,Direct,Direct/None,0,Lead,0
111808,2026-04-26,Direct,Direct/None,0,Visitor,0
111560,2026-04-15,Direct,Direct/None,0,Visitor,0
110055,2026-02-21,Referral,Partner Referral,5,Lead,0
102731,2026-05-25,Organic Search,SEO - Product Pages,0,Visitor,0
102904,2026-05-03,Paid Search,Google Ads - Brand,0,Visitor,0
104127,2026-05-11,Paid Search,Google Ads - Generic,0,Visitor,0
103478,2026-04-02,Paid Search,Google Ads - Generic,0,Visitor,0
100821,2026-04-19,Organic Search,SEO - Blog,0,Visitor,0
111639,2026-03-29,Direct,Direct/None,0,Lead,0
103877,2026-02-21,Paid Search,Google Ads - Brand,0,Visitor,0
108905,2026-04-24,Email,Product Drip Campaign,8,MQL,0
110944,2026-03-17,Direct,Direct/None,0,Visitor,0
110060,2026-05-13,Referral,Partner Referral,5,Lead,0
109061,2026-06-16,Email,Newsletter,0,Visitor,0
110073,2026-04-20,Referral,Customer Referral Program,0,Visitor,0
107950,2026-04-26,Email,Product Drip Campaign,0,Visitor,0
106407,2026-02-03,Social Media,Facebook Ads,0,Visitor,0
100499,2026-04-08,Organic Search,SEO - Product Pages,12,MQL,0
107401,2026-04-25,Social Media,Facebook Ads,0,Visitor,0
102547,2026-01-14,Organic Search,SEO - Blog,0,Visitor,0
106502,2026-03-10,Social Media,Instagram Ads,0,Visitor,0
111965,2026-03-04,Direct,Direct/None,0,Visitor,0
107145,2026-02-07,Social Media,Facebook Ads,0,Visitor,0
102581,2026-02-28,Organic Search,SEO - Blog,0,Visitor,0
105197,2026-04-13,Paid Search,Google Ads - Generic,0,Visitor,0
107504,2026-03-02,Social Media,LinkedIn Ads,0,Visitor,0
111267,2026-04-20,Direct,Direct/None,0,Visitor,0
100191,2026-06-10,Organic Search,SEO - Blog,0,Visitor,0
111304,2026-02-03,Direct,Direct/None,0,Visitor,0
106484,2026-04-25,Social Media,Instagram Ads,0,Visitor,0
110782,2026-03-09,Direct,Direct/None,0,Visitor,0
108213,2026-03-02,Email,Newsletter,0,Visitor,0
103598,2026-03-10,Paid Search,Google Ads - Generic,0,Visitor,0
106631,2026-06-03,Social Media,Facebook Ads,0,Visitor,0
103889,2026-02-09,Paid Search,Google Ads - Brand,48,Lead,0
102047,2026-03-09,Organic Search,SEO - Product Pages,0,Visitor,0
110948,2026-04-06,Direct,Direct/None,0,Visitor,0
110171,2026-03-31,Referral,Customer Referral Program,0,Visitor,0
110098,2026-03-28,Referral,Customer Referral Program,5,Lead,0
110435,2026-04-08,Direct,Direct/None,0,Lead,0
104272,2026-04-24,Paid Search,Google Ads - Brand,48,Lead,0
108382,2026-03-29,Email,Product Drip Campaign,0,Visitor,0
100151,2026-03-17,Organic Search,SEO - Blog,0,Visitor,0
100023,2026-03-15,Organic Search,SEO - Product Pages,0,Visitor,0
107903,2026-04-14,Social Media,Instagram Ads,0,Visitor,0
104539,2026-05-15,Paid Search,Google Ads - Generic,0,Visitor,0
104754,2026-05-21,Paid Search,Google Ads - Generic,0,Visitor,0
102356,2026-01-06,Organic Search,SEO - Product Pages,0,Visitor,0
109356,2026-03-25,Referral,Partner Referral,5,MQL,0
101383,2026-02-25,Organic Search,SEO - Product Pages,0,Visitor,0
107479,2026-04-29,Social Media,Instagram Ads,0,Visitor,0
102799,2026-01-04,Organic Search,SEO - Product Pages,0,Visitor,0
108011,2026-02-11,Email,Newsletter,0,Visitor,0
110662,2026-02-28,Direct,Direct/None,0,Visitor,0
106744,2026-03-31,Social Media,Instagram Ads,0,Visitor,0
111069,2026-04-02,Direct,Direct/None,0,Lead,0
100551,2026-03-24,Organic Search,SEO - Product Pages,0,Visitor,0
109233,2026-01-10,Referral,Customer Referral Program,0,Visitor,0
102320,2026-06-14,Organic Search,SEO - Product Pages,0,Visitor,0
105036,2026-03-12,Paid Search,Google Ads - Brand,0,Visitor,0
102818,2026-02-21,Organic Search,SEO - Product Pages,0,Visitor,0
110422,2026-04-16,Direct,Direct/None,0,Visitor,0
100242,2026-05-17,Organic Search,SEO - Product Pages,0,Visitor,0
111853,2026-04-19,Direct,Direct/None,0,Visitor,0
111599,2026-04-17,Direct,Direct/None,0,Visitor,0
111274,2026-03-04,Direct,Direct/None,0,Visitor,0
102104,2026-06-03,Organic Search,SEO - Product Pages,0,Visitor,0
105624,2026-04-30,Social Media,LinkedIn Ads,0,Visitor,0
102415,2026-02-11,Organic Search,SEO - Product Pages,12,MQL,0
102830,2026-05-02,Organic Search,SEO - Blog,0,Visitor,0
104858,2026-05-18,Paid Search,Google Ads - Brand,48,Lead,0
100865,2026-04-19,Organic Search,SEO - Product Pages,0,Visitor,0
106485,2026-03-10,Social Media,LinkedIn Ads,0,Visitor,0
104085,2026-03-17,Paid Search,Google Ads - Brand,0,Visitor,0
103442,2026-05-15,Paid Search,Google Ads - Generic,48,Lead,0
105675,2026-05-03,Social Media,Facebook Ads,0,Visitor,0
103805,2026-05-16,Paid Search,Google Ads - Brand,0,Visitor,0
105657,2026-03-12,Social Media,LinkedIn Ads,0,Visitor,0
102006,2026-03-06,Organic Search,SEO - Product Pages,0,Visitor,0
110591,2026-03-02,Direct,Direct/None,0,Visitor,0
102441,2026-04-02,Organic Search,SEO - Blog,0,Visitor,0
101287,2026-03-03,Organic Search,SEO - Product Pages,0,Visitor,0
100227,2026-04-20,Organic Search,SEO - Blog,0,Visitor,0
105389,2026-04-30,Social Media,Facebook Ads,0,Visitor,0
107076,2026-04-30,Social Media,Instagram Ads,0,Visitor,0
101867,2026-04-26,Organic Search,SEO - Product Pages,12,MQL,0
108291,2026-04-11,Email,Newsletter,0,Visitor,0
107626,2026-06-01,Social Media,LinkedIn Ads,35,Lead,0
104987,2026-05-21,Paid Search,Google Ads - Generic,48,Lead,0
107512,2026-05-19,Social Media,Instagram Ads,0,Visitor,0
108086,2026-06-19,Email,Newsletter,0,Visitor,0
107315,2026-03-25,Social Media,LinkedIn Ads,0,Visitor,0
101983,2026-05-11,Organic Search,SEO - Product Pages,0,Visitor,0
110931,2026-04-09,Direct,Direct/None,0,Visitor,0
104354,2026-04-08,Paid Search,Google Ads - Generic,0,Visitor,0
104893,2026-04-29,Paid Search,Google Ads - Brand,0,Visitor,0
107430,2026-02-24,Social Media,Facebook Ads,0,Visitor,0
107375,2026-03-26,Social Media,Facebook Ads,0,Visitor,0
104674,2026-05-05,Paid Search,Google Ads - Brand,48,SQL,0
101466,2026-01-11,Organic Search,SEO - Product Pages,0,Visitor,0
106088,2026-04-30,Social Media,Facebook Ads,0,Visitor,0
104767,2026-05-19,Paid Search,Google Ads - Brand,0,Visitor,0
102762,2026-02-19,Organic Search,SEO - Blog,0,Visitor,0
110336,2026-03-17,Direct,Direct/None,0,Visitor,0
104368,2026-04-16,Paid Search,Google Ads - Generic,0,Visitor,0
102023,2026-03-23,Organic Search,SEO - Product Pages,0,Visitor,0
105659,2026-05-03,Social Media,Facebook Ads,0,Visitor,0
107583,2026-03-17,Social Media,Instagram Ads,0,Visitor,0
107826,2026-03-23,Social Media,Facebook Ads,0,Visitor,0
103452,2026-05-20,Paid Search,Google Ads - Brand,48,MQL,0
110061,2026-04-20,Referral,Customer Referral Program,0,Visitor,0
110274,2026-03-12,Direct,Direct/None,0,Lead,0
101237,2026-04-17,Organic Search,SEO - Blog,0,Visitor,0
107819,2026-04-06,Social Media,Instagram Ads,0,Visitor,0
105800,2026-06-10,Social Media,LinkedIn Ads,0,Visitor,0
101672,2026-02-09,Organic Search,SEO - Product Pages,0,Visitor,0
111488,2026-02-06,Direct,Direct/None,0,Visitor,0
109291,2026-05-03,Referral,Partner Referral,0,Visitor,0
109725,2026-05-02,Referral,Customer Referral Program,5,MQL,0
104297,2026-05-04,Paid Search,Google Ads - Brand,0,Visitor,0
110999,2026-03-13,Direct,Direct/None,0,MQL,0
109033,2026-05-22,Email,Newsletter,0,Visitor,0
100735,2026-06-10,Organic Search,SEO - Product Pages,0,Visitor,0
100463,2026-01-28,Organic Search,SEO - Product Pages,0,Visitor,0
102740,2026-05-29,Organic Search,SEO - Product Pages,0,Visitor,0
109034,2026-05-03,Email,Product Drip Campaign,8,Lead,0
111776,2026-04-14,Direct,Direct/None,0,Lead,0
103065,2026-05-21,Paid Search,Google Ads - Brand,0,Visitor,0
103545,2026-02-18,Paid Search,Google Ads - Brand,0,Visitor,0
100401,2026-02-24,Organic Search,SEO - Product Pages,0,Visitor,0
110575,2026-06-09,Direct,Direct/None,0,Visitor,0
101777,2026-05-28,Organic Search,SEO - Blog,0,Visitor,0
105141,2026-05-25,Paid Search,Google Ads - Brand,48,MQL,0
102542,2026-03-18,Organic Search,SEO - Blog,12,Lead,0
111331,2026-03-06,Direct,Direct/None,0,Visitor,0
107989,2026-05-08,Email,Newsletter,0,Visitor,0
102545,2026-02-19,Organic Search,Unknown / Untagged,0,Visitor,0
103042,2026-04-14,Paid Search,Google Ads - Brand,0,Visitor,0
104632,2026-04-21,Paid Search,Google Ads - Brand,48,Customer,1017
107996,2026-04-22,Email,Product Drip Campaign,8,MQL,0
110577,2026-04-25,Direct,Direct/None,0,Visitor,0
102207,2026-05-31,Organic Search,SEO - Blog,0,Visitor,0
102753,2026-05-06,Organic Search,SEO - Blog,0,Visitor,0
110543,2026-04-20,Direct,Direct/None,0,Visitor,0
110891,2026-05-15,Direct,Direct/None,0,Visitor,0
100704,2026-03-09,Organic Search,SEO - Blog,0,Visitor,0
100830,2026-01-30,Organic Search,SEO - Blog,0,Visitor,0
106286,2026-03-03,Social Media,Facebook Ads,0,Visitor,0
109186,2026-03-29,Referral,Customer Referral Program,0,Visitor,0
101036,2026-01-31,Organic Search,SEO - Product Pages,0,Visitor,0
109543,2026-03-31,Referral,Customer Referral Program,0,Visitor,0
108412,2026-04-11,Email,Product Drip Campaign,0,Visitor,0
110280,2026-06-28,Direct,Direct/None,0,Visitor,0
105361,2026-02-23,Social Media,LinkedIn Ads,35,Lead,0
108705,2026-05-02,Email,Product Drip Campaign,0,Visitor,0
110988,2026-01-26,Direct,Direct/None,0,Visitor,0
111792,2026-03-27,Direct,Direct/None,0,Visitor,0
103644,2026-05-03,Paid Search,Google Ads - Brand,0,Visitor,0
106469,2026-01-23,Social Media,Instagram Ads,0,Visitor,0
100822,2026-03-14,Organic Search,SEO - Product Pages,12,SQL,0
104624,2026-03-03,Paid Search,Google Ads - Generic,0,Visitor,0
105606,2026-03-26,Social Media,Facebook Ads,0,Visitor,0
105511,2026-05-27,Social Media,Instagram Ads,0,Visitor,0
100517,2026-04-10,Organic Search,SEO - Product Pages,0,Visitor,0
106279,2026-03-16,Social Media,Instagram Ads,0,Visitor,0
107768,2026-02-07,Social Media,LinkedIn Ads,0,Visitor,0
102049,2026-03-19,Organic Search,SEO - Blog,0,Visitor,0
105839,2026-03-12,Social Media,LinkedIn Ads,0,Visitor,0
108283,2026-03-01,Email,Product Drip Campaign,0,Visitor,0
109652,2026-06-09,Referral,Partner Referral,5,MQL,0
110937,2026-05-12,Direct,Direct/None,0,SQL,0
100601,2026-03-19,Organic Search,SEO - Product Pages,0,Visitor,0
110731,2026-05-09,Direct,Direct/None,0,Visitor,0
103256,2026-05-06,Paid Search,Google Ads - Generic,0,Visitor,0
102840,2026-04-26,Organic Search,SEO - Blog,0,Visitor,0
110916,2026-03-19,Direct,Direct/None,0,Visitor,0
110909,2026-04-28,Direct,Direct/None,0,Visitor,0
109234,2026-04-04,Referral,Customer Referral Program,5,MQL,0
103037,2026-05-31,Paid Search,Google Ads - Brand,48,MQL,0
104951,2026-03-24,Paid Search,Google Ads - Brand,0,Visitor,0
104967,2026-05-14,Paid Search,Google Ads - Brand,0,Visitor,0
109866,2026-04-01,Referral,Customer Referral Program,5,MQL,0
106326,2026-04-30,Social Media,LinkedIn Ads,0,Visitor,0
101609,2026-04-06,Organic Search,SEO - Blog,0,Visitor,0
111326,2026-04-18,Direct,Direct/None,0,Visitor,0
101099,2026-03-18,Organic Search,SEO - Product Pages,0,Visitor,0
110536,2026-04-03,Direct,Direct/None,0,Visitor,0
108550,2026-06-14,Email,Product Drip Campaign,8,MQL,0
104849,2026-03-11,Paid Search,Google Ads - Brand,48,MQL,0
109431,2026-04-15,Referral,Customer Referral Program,5,MQL,0
110434,2026-03-16,Direct,Direct/None,0,Lead,0
107333,2026-03-01,Social Media,LinkedIn Ads,0,Visitor,0
103131,2026-04-19,Paid Search,Google Ads - Brand,48,Lead,0
100254,2026-05-31,Organic Search,SEO - Blog,0,Visitor,0
101962,2026-02-22,Organic Search,SEO - Product Pages,0,Visitor,0
104133,2026-03-15,Paid Search,Google Ads - Brand,0,Visitor,0
100436,2026-02-05,Organic Search,SEO - Blog,0,Visitor,0
103123,2026-03-30,Paid Search,Google Ads - Generic,48,Lead,0
109055,2026-05-13,Email,Newsletter,8,MQL,0
108812,2026-05-28,Email,Newsletter,0,Visitor,0
102383,2026-04-11,Organic Search,SEO - Product Pages,12,MQL,0
108205,2026-04-19,Email,Product Drip Campaign,8,Customer,1514
103804,2026-03-29,Paid Search,Google Ads - Brand,0,Visitor,0
106356,2026-05-31,Social Media,Instagram Ads,0,Visitor,0
110297,2026-03-15,Direct,Direct/None,0,Visitor,0
111123,2026-05-24,Direct,Direct/None,0,Lead,0
103263,2026-05-18,Paid Search,Google Ads - Generic,0,Visitor,0
103580,2026-01-26,Paid Search,Google Ads - Brand,48,Customer,1346
101221,2026-01-25,Organic Search,SEO - Blog,0,Visitor,0
107781,2026-01-03,Social Media,Facebook Ads,0,Visitor,0
101496,2026-05-24,Organic Search,SEO - Blog,12,SQL,0
104616,2026-02-01,Paid Search,Google Ads - Brand,0,Visitor,0
104108,2026-03-21,Paid Search,Google Ads - Brand,0,Visitor,0
102528,2026-05-09,Organic Search,SEO - Blog,0,Visitor,0
103970,2026-03-26,Paid Search,Google Ads - Brand,0,Visitor,0
107946,2026-03-05,Email,Product Drip Campaign,8,SQL,0
104384,2026-06-05,Paid Search,Google Ads - Brand,0,Visitor,0
110905,2026-02-02,Direct,Direct/None,0,Lead,0
105484,2026-02-26,Social Media,Facebook Ads,0,Visitor,0
106298,2026-03-25,Social Media,LinkedIn Ads,0,Visitor,0
110138,2026-05-16,Referral,Customer Referral Program,5,Lead,0
107780,2026-03-06,Social Media,Instagram Ads,0,Visitor,0
103170,2026-05-14,Paid Search,Google Ads - Generic,0,Visitor,0
104802,2026-02-04,Paid Search,Google Ads - Brand,48,Lead,0
109748,2026-05-20,Referral,Partner Referral,0,Visitor,0
101981,2026-02-20,Organic Search,SEO - Blog,0,Visitor,0
105176,2026-03-01,Paid Search,Google Ads - Generic,0,Visitor,0
107475,2026-05-16,Social Media,Facebook Ads,0,Visitor,0
102118,2026-05-14,Organic Search,SEO - Product Pages,0,Visitor,0
102640,2026-05-02,Organic Search,SEO - Blog,0,Visitor,0
105021,2026-02-06,Paid Search,Google Ads - Brand,0,Visitor,0
103715,2026-02-01,Paid Search,Google Ads - Generic,0,Visitor,0
101689,2026-03-26,Organic Search,SEO - Product Pages,0,Visitor,0
107418,2026-01-11,Social Media,Facebook Ads,0,Visitor,0
105116,2026-03-01,Paid Search,Google Ads - Generic,0,Visitor,0
106657,2026-02-27,Social Media,Instagram Ads,0,Visitor,0
105653,2026-03-17,Social Media,Instagram Ads,0,Visitor,0
110865,2026-02-27,Direct,Direct/None,0,Visitor,0
101109,2026-01-18,Organic Search,SEO - Product Pages,0,Visitor,0
104974,2026-04-19,Paid Search,Google Ads - Generic,0,Visitor,0
107144,2026-03-29,Social Media,Facebook Ads,0,Visitor,0
107592,2026-06-05,Social Media,Facebook Ads,0,Visitor,0
108916,2026-04-09,Email,Product Drip Campaign,0,Visitor,0
105492,2026-05-21,Social Media,LinkedIn Ads,0,Visitor,0
109686,2026-04-01,Referral,Unknown / Untagged,0,Visitor,0
105628,2026-05-17,Social Media,Instagram Ads,35,Lead,0
100769,2026-04-25,Organic Search,SEO - Blog,0,Visitor,0
111910,2026-05-25,Direct,Direct/None,0,Visitor,0
111464,2026-04-27,Direct,Direct/None,0,Visitor,0
111239,2026-04-02,Direct,Direct/None,0,Visitor,0
100796,2026-05-10,Organic Search,SEO - Blog,0,Visitor,0
104912,2026-05-14,Paid Search,Google Ads - Generic,0,Visitor,0
103838,2026-01-19,Paid Search,Google Ads - Generic,0,Visitor,0
110789,2026-02-25,Direct,Direct/None,0,Visitor,0
103876,2026-03-16,Paid Search,Google Ads - Brand,0,Visitor,0
111258,2026-04-09,Direct,Direct/None,0,Visitor,0
103841,2026-04-23,Paid Search,Google Ads - Brand,0,Visitor,0
101326,2026-04-23,Organic Search,SEO - Blog,0,Visitor,0
111731,2026-06-17,Direct,Direct/None,0,Visitor,0
109162,2026-02-27,Referral,Partner Referral,0,Visitor,0
110706,2026-04-23,Direct,Direct/None,0,Visitor,0
101088,2026-05-02,Organic Search,SEO - Blog,0,Visitor,0
104078,2026-04-04,Paid Search,Google Ads - Generic,0,Visitor,0
108052,2026-04-12,Email,Newsletter,8,SQL,0
104535,2026-04-25,Paid Search,Google Ads - Generic,0,Visitor,0
107017,2026-04-26,Social Media,Facebook Ads,0,Visitor,0
102305,2026-04-10,Organic Search,SEO - Product Pages,0,Visitor,0
111750,2026-04-12,Direct,Direct/None,0,Visitor,0
111754,2026-04-24,Direct,Direct/None,0,Visitor,0
109553,2026-03-24,Referral,Customer Referral Program,0,Visitor,0
108409,2026-02-09,Email,Newsletter,8,SQL,0
106157,2026-04-27,Social Media,Instagram Ads,0,Visitor,0
101540,2026-01-29,Organic Search,SEO - Product Pages,0,Visitor,0
100909,2026-04-26,Organic Search,SEO - Blog,12,Customer,1123
100848,2026-05-03,Organic Search,SEO - Blog,12,Customer,1637
107121,2026-04-16,Social Media,LinkedIn Ads,0,Visitor,0
108187,2026-05-23,Email,Newsletter,0,Visitor,0
101523,2026-03-22,Organic Search,SEO - Product Pages,0,Visitor,0
105987,2026-04-25,Social Media,Facebook Ads,0,Visitor,0
102219,2026-03-03,Organic Search,SEO - Product Pages,0,Visitor,0
111883,2026-03-08,Direct,Direct/None,0,Visitor,0
104140,2026-04-12,Paid Search,Google Ads - Brand,0,Visitor,0
106475,2026-06-06,Social Media,Facebook Ads,0,Visitor,0
104833,2026-01-19,Paid Search,Google Ads - Generic,48,MQL,0
100777,2026-04-05,Organic Search,SEO - Blog,0,Visitor,0
103927,2026-04-20,Paid Search,Google Ads - Brand,48,Lead,0
110364,2026-04-03,Direct,Direct/None,0,Visitor,0
104786,2026-01-26,Paid Search,Google Ads - Brand,0,Visitor,0
103599,2026-04-09,Paid Search,Google Ads - Brand,0,Visitor,0
111812,2026-05-06,Direct,Direct/None,0,Visitor,0
104288,2026-03-17,Paid Search,Google Ads - Generic,48,Lead,0
111704,2026-02-19,Direct,Direct/None,0,Visitor,0
106184,2026-03-17,Social Media,Facebook Ads,0,Visitor,0
103344,2026-05-21,Paid Search,Google Ads - Brand,0,Visitor,0
105555,2026-03-10,Social Media,LinkedIn Ads,0,Visitor,0
107658,2026-04-02,Social Media,Facebook Ads,0,Visitor,0
101943,2026-04-03,Organic Search,SEO - Product Pages,0,Visitor,0
101733,2026-05-17,Organic Search,SEO - Product Pages,0,Visitor,0
102166,2026-06-07,Organic Search,SEO - Product Pages,0,Visitor,0
104586,2026-06-08,Paid Search,Google Ads - Brand,48,MQL,0
102852,2026-03-23,Organic Search,SEO - Blog,12,Lead,0
110510,2026-03-07,Direct,Direct/None,0,Lead,0
100820,2026-06-10,Organic Search,SEO - Product Pages,0,Visitor,0
107477,2026-03-27,Social Media,Instagram Ads,0,Visitor,0
109197,2026-05-17,Referral,Partner Referral,5,MQL,0
111080,2026-03-18,Direct,Direct/None,0,Visitor,0
110837,2026-05-01,Direct,Direct/None,0,Visitor,0
108223,2026-06-13,Email,Product Drip Campaign,8,SQL,0
101469,2026-03-07,Organic Search,SEO - Blog,0,Visitor,0
104014,2026-01-20,Paid Search,Google Ads - Generic,0,Visitor,0
107083,2026-05-09,Social Media,Instagram Ads,0,Visitor,0
109090,2026-04-17,Email,Newsletter,0,Visitor,0
103209,2026-04-16,Paid Search,Google Ads - Brand,0,Visitor,0
105946,2026-03-11,Social Media,Facebook Ads,0,Visitor,0
111021,2026-03-25,Direct,Direct/None,0,Customer,1582
102683,2026-04-26,Organic Search,SEO - Blog,0,Visitor,0
110492,2026-02-19,Direct,Direct/None,0,MQL,0
107979,2026-06-02,Email,Product Drip Campaign,8,MQL,0
100863,2026-03-23,Organic Search,SEO - Blog,0,Visitor,0
108643,2026-04-09,Email,Newsletter,8,Lead,0
110487,2026-05-12,Direct,Direct/None,0,Visitor,0
106979,2026-04-27,Social Media,Facebook Ads,0,Visitor,0
102914,2026-06-16,Paid Search,Google Ads - Generic,0,Visitor,0
105878,2026-05-01,Social Media,LinkedIn Ads,0,Visitor,0
104421,2026-03-14,Paid Search,Google Ads - Generic,48,MQL,0
109383,2026-04-15,Referral,Partner Referral,5,Lead,0
111823,2026-03-02,Direct,Direct/None,0,Visitor,0
109851,2026-03-31,Referral,Customer Referral Program,5,MQL,0
111397,2026-01-24,Direct,Direct/None,0,Visitor,0
109092,2026-05-28,Email,Product Drip Campaign,8,MQL,0
104553,2026-03-17,Paid Search,Google Ads - Brand,48,Lead,0
107049,2026-04-17,Social Media,Facebook Ads,0,Visitor,0
101354,2026-05-18,Organic Search,SEO - Product Pages,12,Lead,0
102338,2026-05-29,Organic Search,SEO - Product Pages,0,Visitor,0
100431,2026-04-29,Organic Search,SEO - Product Pages,0,Visitor,0
108043,2026-02-24,Email,Newsletter,0,Visitor,0
110929,2026-02-13,Direct,Direct/None,0,Lead,0
109587,2026-04-23,Referral,Customer Referral Program,0,Visitor,0
111587,2026-03-02,Direct,Direct/None,0,Visitor,0
102063,2026-01-28,Organic Search,SEO - Blog,0,Visitor,0
105978,2026-02-09,Social Media,Instagram Ads,0,Visitor,0
108602,2026-05-11,Email,Product Drip Campaign,8,Lead,0
107365,2026-05-12,Social Media,Instagram Ads,0,Visitor,0
109689,2026-03-29,Referral,Customer Referral Program,0,Visitor,0
106977,2026-03-18,Social Media,Facebook Ads,0,Visitor,0
111770,2026-03-05,Direct,Direct/None,0,Visitor,0
106187,2026-05-29,Social Media,LinkedIn Ads,0,Visitor,0
108329,2026-04-12,Email,Product Drip Campaign,8,SQL,0
107790,2026-02-27,Social Media,LinkedIn Ads,0,Visitor,0
103678,2026-02-03,Paid Search,Google Ads - Brand,48,MQL,0
102741,2026-02-03,Organic Search,SEO - Product Pages,0,Visitor,0
107632,2026-01-07,Social Media,LinkedIn Ads,0,Visitor,0
108884,2026-04-19,Email,Product Drip Campaign,8,MQL,0
103721,2026-05-08,Paid Search,Google Ads - Brand,48,SQL,0
108687,2026-03-17,Email,Product Drip Campaign,0,Visitor,0
104898,2026-06-12,Paid Search,Google Ads - Generic,0,Visitor,0
110462,2026-01-27,Direct,Direct/None,0,Visitor,0
108899,2026-03-26,Email,Newsletter,0,Visitor,0
102901,2026-05-18,Paid Search,Google Ads - Generic,0,Visitor,0
108725,2026-05-06,Email,Product Drip Campaign,0,Visitor,0
108191,2026-04-10,Email,Product Drip Campaign,0,Visitor,0
109549,2026-03-31,Referral,Customer Referral Program,5,Customer,1365
109477,2026-02-18,Referral,Partner Referral,0,Visitor,0
108796,2026-04-20,Email,Product Drip Campaign,0,Visitor,0
103892,2026-02-20,Paid Search,Google Ads - Brand,0,Visitor,0
108532,2026-03-31,Email,Product Drip Campaign,8,Customer,1202
106748,2026-03-28,Social Media,Facebook Ads,0,Visitor,0
104636,2026-04-05,Paid Search,Google Ads - Generic,0,Visitor,0
108003,2026-04-05,Email,Newsletter,0,Visitor,0
107437,2026-03-12,Social Media,LinkedIn Ads,0,Visitor,0
110734,2026-03-18,Direct,Direct/None,0,Visitor,0
108227,2026-04-18,Email,Newsletter,8,Lead,0
109948,2026-05-24,Referral,Partner Referral,0,Visitor,0
111244,2026-01-23,Direct,Direct/None,0,Visitor,0
109824,2026-01-11,Referral,Partner Referral,0,Visitor,0
106696,2026-01-26,Social Media,Facebook Ads,0,Visitor,0
107097,2026-05-25,Social Media,LinkedIn Ads,0,Visitor,0
105000,2026-05-13,Paid Search,Google Ads - Generic,0,Visitor,0
101636,2026-03-22,Organic Search,SEO - Blog,0,Visitor,0
104359,2026-03-14,Paid Search,Google Ads - Generic,0,Visitor,0
101917,2026-03-22,Organic Search,SEO - Blog,0,Visitor,0
107221,2026-01-09,Social Media,LinkedIn Ads,0,Visitor,0
111010,2026-05-19,Direct,Direct/None,0,Visitor,0
107518,2026-05-18,Social Media,Facebook Ads,0,Visitor,0
108985,2026-02-28,Email,Newsletter,0,Visitor,0
111550,2026-01-20,Direct,Direct/None,0,Visitor,0
109025,2026-02-27,Email,Product Drip Campaign,0,Visitor,0
110766,2026-05-19,Direct,Direct/None,0,Visitor,0
107804,2026-03-24,Social Media,Facebook Ads,0,Visitor,0
106266,2026-03-03,Social Media,LinkedIn Ads,0,Visitor,0
102838,2026-02-11,Organic Search,SEO - Product Pages,0,Visitor,0
103681,2026-05-27,Paid Search,Google Ads - Generic,0,Visitor,0
100498,2026-04-10,Organic Search,SEO - Blog,0,Visitor,0
101860,2026-03-23,Organic Search,SEO - Blog,0,Visitor,0
105104,2026-02-15,Paid Search,Google Ads - Generic,0,Visitor,0
100171,2026-03-07,Organic Search,SEO - Product Pages,0,Visitor,0
106256,2026-04-14,Social Media,LinkedIn Ads,0,Visitor,0
103684,2026-04-01,Paid Search,Google Ads - Generic,0,Visitor,0
109505,2026-04-29,Referral,Partner Referral,0,Visitor,0
106874,2026-03-16,Social Media,LinkedIn Ads,0,Visitor,0
100235,2026-04-26,Organic Search,SEO - Blog,0,Visitor,0
103524,2026-04-07,Paid Search,Google Ads - Brand,0,Visitor,0
107355,2026-03-05,Social Media,Facebook Ads,0,Visitor,0
102082,2026-03-09,Organic Search,SEO - Product Pages,0,Visitor,0
110973,2026-05-09,Direct,Direct/None,0,Visitor,0
104047,2026-03-19,Paid Search,Google Ads - Brand,0,Visitor,0
106970,2026-03-31,Social Media,Instagram Ads,0,Visitor,0
100199,2026-04-25,Organic Search,SEO - Product Pages,12,SQL,0
106160,2026-04-30,Social Media,Instagram Ads,0,Visitor,0
104013,2026-05-20,Paid Search,Google Ads - Generic,0,Visitor,0
103669,2026-05-13,Paid Search,Google Ads - Brand,0,Visitor,0
105791,2026-05-16,Social Media,Facebook Ads,0,Visitor,0
105941,2026-04-09,Social Media,Instagram Ads,0,Visitor,0
100548,2026-04-30,Organic Search,SEO - Blog,12,SQL,0
109872,2026-02-08,Referral,Partner Referral,0,Visitor,0
103205,2026-04-23,Paid Search,Google Ads - Brand,48,MQL,0
100565,2026-03-24,Organic Search,SEO - Product Pages,0,Visitor,0
109837,2026-04-09,Referral,Partner Referral,0,Visitor,0
106859,2026-04-21,Social Media,LinkedIn Ads,0,Visitor,0
106971,2026-04-05,Social Media,Instagram Ads,0,Visitor,0
110439,2026-06-05,Direct,Direct/None,0,MQL,0
105344,2026-04-17,Social Media,LinkedIn Ads,0,Visitor,0
110406,2026-02-28,Direct,Direct/None,0,Lead,0
106873,2026-03-31,Social Media,LinkedIn Ads,0,Visitor,0
108035,2026-06-15,Email,Newsletter,0,Visitor,0
106756,2026-02-15,Social Media,LinkedIn Ads,0,Visitor,0
100238,2026-04-15,Organic Search,SEO - Product Pages,0,Visitor,0
104801,2026-04-15,Paid Search,Google Ads - Generic,48,Lead,0
106813,2026-04-13,Social Media,Facebook Ads,0,Visitor,0
111868,2026-04-21,Direct,Direct/None,0,Lead,0
105429,2026-04-07,Social Media,Instagram Ads,0,Visitor,0
103396,2026-04-20,Paid Search,Google Ads - Brand,0,Visitor,0
109684,2026-05-23,Referral,Customer Referral Program,5,SQL,0
111077,2026-02-27,Direct,Direct/None,0,Visitor,0
103848,2026-05-06,Paid Search,Google Ads - Brand,48,SQL,0
107598,2026-03-24,Social Media,Facebook Ads,0,Visitor,0
107983,2026-06-05,Email,Product Drip Campaign,0,Visitor,0
107498,2026-05-16,Social Media,Instagram Ads,0,Visitor,0
108491,2026-04-20,Email,Newsletter,0,Visitor,0
109455,2026-04-04,Referral,Customer Referral Program,5,Lead,0
105708,2026-05-25,Social Media,Instagram Ads,0,Visitor,0
104337,2026-05-04,Paid Search,Google Ads - Brand,0,Visitor,0
111501,2026-04-18,Direct,Direct/None,0,Visitor,0
105255,2026-01-19,Paid Search,Google Ads - Generic,0,Visitor,0
100456,2026-04-19,Organic Search,SEO - Product Pages,0,Visitor,0
106436,2026-05-03,Social Media,LinkedIn Ads,35,Lead,0
100106,2026-05-13,Organic Search,SEO - Product Pages,0,Visitor,0
101894,2026-03-30,Organic Search,SEO - Blog,0,Visitor,0
104824,2026-05-26,Paid Search,Google Ads - Generic,48,SQL,0
107600,2026-01-19,Social Media,Instagram Ads,0,Visitor,0
109678,2026-04-29,Referral,Partner Referral,0,Visitor,0
100823,2026-01-30,Organic Search,SEO - Product Pages,0,Visitor,0
109362,2026-03-18,Referral,Customer Referral Program,5,SQL,0
105712,2026-06-03,Social Media,LinkedIn Ads,0,Visitor,0
107577,2026-03-06,Social Media,Facebook Ads,0,Visitor,0
104293,2026-03-25,Paid Search,Google Ads - Generic,0,Visitor,0
102654,2026-04-10,Organic Search,SEO - Blog,0,Visitor,0
110062,2026-02-26,Referral,Partner Referral,0,Visitor,0
106122,2026-04-04,Social Media,LinkedIn Ads,0,Visitor,0
106337,2026-04-09,Social Media,LinkedIn Ads,0,Visitor,0
102073,2026-03-12,Organic Search,SEO - Product Pages,0,Visitor,0
106861,2026-02-26,Social Media,Instagram Ads,0,Visitor,0
108819,2026-04-25,Email,Newsletter,0,Visitor,0
108138,2026-02-20,Email,Product Drip Campaign,8,Lead,0
106371,2026-04-19,Social Media,LinkedIn Ads,0,Visitor,0
106553,2026-04-19,Social Media,Instagram Ads,0,Visitor,0
108216,2026-04-01,Email,Product Drip Campaign,0,Visitor,0
111310,2026-05-02,Direct,Direct/None,0,Visitor,0
111613,2026-03-20,Direct,Direct/None,0,Visitor,0
104527,2026-04-29,Paid Search,Google Ads - Generic,0,Visitor,0
102844,2026-02-15,Organic Search,SEO - Blog,0,Visitor,0
109487,2026-05-13,Referral,Partner Referral,0,Visitor,0
105775,2026-03-22,Social Media,LinkedIn Ads,0,Visitor,0
110880,2026-04-21,Direct,Direct/None,0,Visitor,0
106412,2026-05-25,Social Media,Instagram Ads,0,Visitor,0
102878,2026-04-04,Organic Search,SEO - Blog,0,Visitor,0
105402,2026-05-14,Social Media,Facebook Ads,0,Visitor,0
104168,2026-04-28,Paid Search,Google Ads - Brand,0,Visitor,0
103910,2026-06-04,Paid Search,Google Ads - Brand,48,Lead,0
107808,2026-05-09,Social Media,LinkedIn Ads,0,Visitor,0
101211,2026-02-08,Organic Search,SEO - Product Pages,12,MQL,0
106244,2026-04-18,Social Media,Instagram Ads,0,Visitor,0
100179,2026-05-23,Organic Search,SEO - Product Pages,12,SQL,0
110993,2026-04-14,Direct,Direct/None,0,Visitor,0
100620,2026-03-28,Organic Search,SEO - Blog,0,Visitor,0
109192,2026-04-03,Referral,Partner Referral,5,Customer,1294
102624,2026-03-09,Organic Search,SEO - Product Pages,0,Visitor,0
102561,2026-02-19,Organic Search,SEO - Blog,0,Visitor,0
110546,2026-03-24,Direct,Direct/None,0,Visitor,0
111655,2026-02-27,Direct,Direct/None,0,Visitor,0
111195,2026-05-17,Direct,Direct/None,0,Visitor,0
104190,2026-05-30,Paid Search,Google Ads - Brand,0,Visitor,0
100311,2026-04-15,Organic Search,SEO - Product Pages,0,Visitor,0
111826,2026-04-08,Direct,Direct/None,0,Visitor,0
104239,2026-04-08,Paid Search,Google Ads - Generic,48,Lead,0
110742,2026-05-07,Direct,Direct/None,0,Visitor,0
108900,2026-03-23,Email,Newsletter,0,Visitor,0
101933,2026-03-10,Organic Search,SEO - Blog,0,Visitor,0
103036,2026-04-08,Paid Search,Google Ads - Generic,0,Visitor,0
105703,2026-02-02,Social Media,Instagram Ads,0,Visitor,0
110799,2026-04-20,Direct,Direct/None,0,Lead,0
106605,2026-05-31,Social Media,Facebook Ads,0,Visitor,0
111860,2026-04-21,Direct,Direct/None,0,Visitor,0
108807,2026-04-20,Email,Newsletter,8,Lead,0
108233,2026-04-08,Email,Newsletter,0,Visitor,0
105982,2026-05-23,Social Media,Facebook Ads,35,Lead,0
107645,2026-04-08,Social Media,Instagram Ads,0,Visitor,0
107932,2026-03-25,Email,Newsletter,8,Customer,690
104814,2026-01-26,Paid Search,Google Ads - Generic,48,MQL,0
110521,2026-03-16,Direct,Direct/None,0,Visitor,0
110360,2026-03-21,Direct,Direct/None,0,Visitor,0
110106,2026-05-03,Referral,Partner Referral,0,Visitor,0
107450,2026-04-08,Social Media,LinkedIn Ads,0,Visitor,0
107601,2026-02-22,Social Media,Instagram Ads,0,Visitor,0
108720,2026-04-13,Email,Product Drip Campaign,0,Visitor,0
103490,2026-05-12,Paid Search,Google Ads - Generic,0,Visitor,0
106150,2026-05-10,Social Media,LinkedIn Ads,0,Visitor,0
103296,2026-04-18,Paid Search,Google Ads - Generic,0,Visitor,0
105754,2026-06-09,Social Media,Instagram Ads,0,Visitor,0
102319,2026-03-30,Organic Search,SEO - Product Pages,0,Visitor,0
106044,2026-04-19,Social Media,Facebook Ads,0,Visitor,0
102692,2026-05-22,Organic Search,SEO - Blog,0,Visitor,0
104449,2026-02-05,Paid Search,Google Ads - Brand,0,Visitor,0
106847,2026-04-09,Social Media,LinkedIn Ads,35,MQL,0
109576,2026-04-10,Referral,Partner Referral,0,Visitor,0
104621,2026-06-02,Paid Search,Google Ads - Generic,48,Lead,0
103972,2026-04-23,Paid Search,Google Ads - Generic,0,Visitor,0
111237,2026-03-24,Direct,Direct/None,0,Visitor,0
100911,2026-04-24,Organic Search,SEO - Blog,0,Visitor,0
108146,2026-04-24,Email,Product Drip Campaign,0,Visitor,0
104600,2026-05-28,Paid Search,Google Ads - Generic,0,Visitor,0
100559,2026-03-12,Organic Search,SEO - Product Pages,0,Visitor,0
100125,2026-04-21,Organic Search,SEO - Product Pages,0,Visitor,0
105650,2026-04-16,Social Media,Instagram Ads,0,Visitor,0
105381,2026-04-04,Social Media,LinkedIn Ads,0,Visitor,0
109479,2026-03-19,Referral,Partner Referral,0,Visitor,0
101184,2026-01-18,Organic Search,SEO - Product Pages,0,Visitor,0
100225,2026-05-03,Organic Search,SEO - Blog,0,Visitor,0
109456,2026-05-27,Referral,Customer Referral Program,5,SQL,0
101952,2026-03-28,Organic Search,SEO - Blog,0,Visitor,0
100429,2026-02-14,Organic Search,SEO - Product Pages,0,Visitor,0
111994,2026-04-16,Direct,Direct/None,0,Visitor,0
101372,2026-04-16,Organic Search,SEO - Blog,0,Visitor,0
104781,2026-04-12,Paid Search,Google Ads - Generic,48,MQL,0
103310,2026-05-04,Paid Search,Google Ads - Generic,48,Lead,0
109109,2026-03-03,Email,Newsletter,8,SQL,0
110812,2026-06-05,Direct,Direct/None,0,Visitor,0
103745,2026-03-25,Paid Search,Google Ads - Brand,0,Visitor,0
111047,2026-04-09,Direct,Direct/None,0,Lead,0
105338,2026-04-24,Social Media,Facebook Ads,0,Visitor,0
105557,2026-03-10,Social Media,LinkedIn Ads,0,Visitor,0
105494,2026-02-11,Social Media,LinkedIn Ads,0,Visitor,0
101278,2026-02-25,Organic Search,SEO - Product Pages,0,Visitor,0
100746,2026-05-09,Organic Search,SEO - Blog,0,Visitor,0
104694,2026-01-11,Paid Search,Google Ads - Generic,0,Visitor,0
100142,2026-02-19,Organic Search,SEO - Blog,0,Visitor,0
110832,2026-04-24,Direct,Direct/None,0,MQL,0
102249,2026-05-15,Organic Search,SEO - Product Pages,12,Lead,0
100455,2026-04-07,Organic Search,SEO - Product Pages,0,Visitor,0
104869,2026-03-20,Paid Search,Google Ads - Generic,48,MQL,0
108699,2026-03-04,Email,Newsletter,0,Visitor,0
105017,2026-02-27,Paid Search,Google Ads - Generic,0,Visitor,0
108633,2026-04-07,Email,Product Drip Campaign,8,Lead,0
110580,2026-04-17,Direct,Direct/None,0,Visitor,0
110724,2026-05-09,Direct,Direct/None,0,Visitor,0
110242,2026-05-01,Direct,Direct/None,0,Visitor,0
101828,2026-04-05,Organic Search,SEO - Blog,0,Visitor,0
107635,2026-02-27,Social Media,Instagram Ads,0,Visitor,0
108303,2026-04-09,Email,Newsletter,0,Visitor,0
102997,2026-03-29,Paid Search,Google Ads - Brand,0,Visitor,0
110839,2026-03-30,Direct,Direct/None,0,Visitor,0
110803,2026-05-10,Direct,Direct/None,0,Visitor,0
101746,2026-05-13,Organic Search,SEO - Product Pages,0,Visitor,0
105802,2026-03-30,Social Media,Facebook Ads,0,Visitor,0
102448,2026-02-04,Organic Search,SEO - Product Pages,0,Visitor,0
105939,2026-02-01,Social Media,Instagram Ads,0,Visitor,0
106966,2026-05-09,Social Media,Instagram Ads,0,Visitor,0
109491,2026-04-06,Referral,Partner Referral,0,Visitor,0
110448,2026-03-19,Direct,Direct/None,0,Visitor,0
110371,2026-01-31,Direct,Direct/None,0,Visitor,0
100377,2026-04-21,Organic Search,SEO - Product Pages,0,Visitor,0
111713,2026-04-27,Direct,Direct/None,0,Visitor,0
108398,2026-05-02,Email,Product Drip Campaign,0,Visitor,0
106308,2026-05-11,Social Media,LinkedIn Ads,35,Lead,0
105473,2026-04-21,Social Media,LinkedIn Ads,0,Visitor,0
109410,2026-03-06,Referral,Partner Referral,5,MQL,0
102179,2026-04-16,Organic Search,SEO - Blog,0,Visitor,0
108190,2026-03-25,Email,Product Drip Campaign,0,Visitor,0
106033,2026-04-29,Social Media,Facebook Ads,0,Visitor,0
111716,2026-03-06,Direct,Direct/None,0,Visitor,0
100419,2026-02-25,Organic Search,SEO - Blog,0,Visitor,0
108476,2026-05-10,Email,Product Drip Campaign,8,MQL,0
107923,2026-03-05,Email,Newsletter,8,MQL,0
103551,2026-02-15,Paid Search,Google Ads - Generic,0,Visitor,0
100872,2026-03-26,Organic Search,SEO - Product Pages,0,Visitor,0
102146,2026-02-23,Organic Search,SEO - Blog,0,Visitor,0
109612,2026-04-27,Referral,Partner Referral,0,Visitor,0
100355,2026-02-15,Organic Search,SEO - Blog,0,Visitor,0
109794,2026-03-31,Referral,Customer Referral Program,5,Customer,1453
110270,2026-03-29,Direct,Direct/None,0,Customer,1164
105693,2026-06-11,Social Media,LinkedIn Ads,0,Visitor,0
109037,2026-04-28,Email,Product Drip Campaign,0,Visitor,0
105566,2026-02-26,Social Media,LinkedIn Ads,0,Visitor,0
105698,2026-05-04,Social Media,LinkedIn Ads,0,Visitor,0
104187,2026-03-05,Paid Search,Google Ads - Brand,0,Visitor,0
110228,2026-03-08,Direct,Direct/None,0,Visitor,0
104555,2026-05-13,Paid Search,Google Ads - Brand,0,Visitor,0
108971,2026-04-06,Email,Newsletter,0,Visitor,0
110719,2026-06-19,Direct,Direct/None,0,Visitor,0
103736,2026-05-21,Paid Search,Google Ads - Generic,0,Visitor,0
100376,2026-04-13,Organic Search,SEO - Product Pages,0,Visitor,0
103631,2026-04-14,Paid Search,Google Ads - Brand,0,Visitor,0
107043,2026-06-10,Social Media,Instagram Ads,0,Visitor,0
111573,2026-03-29,Direct,Direct/None,0,Visitor,0
109739,2026-03-19,Referral,Partner Referral,0,Visitor,0
101169,2026-04-09,Organic Search,SEO - Blog,0,Visitor,0
110208,2026-06-24,Direct,Direct/None,0,Lead,0
101903,2026-02-21,Organic Search,SEO - Blog,0,Visitor,0
100631,2026-03-26,Organic Search,SEO - Product Pages,0,Visitor,0
104605,2026-01-19,Paid Search,Google Ads - Generic,48,MQL,0
111552,2026-04-22,Direct,Direct/None,0,Visitor,0
102595,2026-01-14,Organic Search,SEO - Blog,0,Visitor,0
107939,2026-04-13,Email,Newsletter,8,Customer,2040
100177,2026-04-17,Organic Search,SEO - Product Pages,0,Visitor,0
107616,2026-03-07,Social Media,Facebook Ads,0,Visitor,0
103898,2026-03-17,Paid Search,Google Ads - Generic,0,Visitor,0
109064,2026-04-18,Email,Product Drip Campaign,0,Visitor,0
107414,2026-03-03,Social Media,Facebook Ads,0,Visitor,0
111929,2026-02-19,Direct,Direct/None,0,Visitor,0
103787,2026-05-27,Paid Search,Google Ads - Brand,0,Visitor,0
103934,2026-03-29,Paid Search,Google Ads - Brand,0,Visitor,0
101551,2026-02-28,Organic Search,SEO - Product Pages,0,Visitor,0
111060,2026-02-27,Direct,Direct/None,0,SQL,0
108318,2026-01-30,Email,Newsletter,8,Lead,0
103367,2026-03-13,Paid Search,Google Ads - Generic,0,Visitor,0
101600,2026-05-23,Organic Search,SEO - Blog,0,Visitor,0
105749,2026-04-29,Social Media,Facebook Ads,0,Visitor,0
111593,2026-04-09,Direct,Direct/None,0,Visitor,0
107868,2026-03-15,Social Media,LinkedIn Ads,0,Visitor,0
103206,2026-03-03,Paid Search,Google Ads - Brand,0,Visitor,0
102510,2026-03-30,Organic Search,SEO - Product Pages,0,Visitor,0
109919,2026-02-13,Referral,Customer Referral Program,0,Visitor,0
102440,2026-04-21,Organic Search,SEO - Product Pages,0,Visitor,0
104531,2026-04-16,Paid Search,Google Ads - Generic,48,MQL,0
110041,2026-04-06,Referral,Customer Referral Program,0,Visitor,0
101417,2026-03-01,Organic Search,SEO - Blog,0,Visitor,0
105261,2026-04-28,Paid Search,Google Ads - Generic,0,Visitor,0
109337,2026-06-20,Referral,Partner Referral,0,Visitor,0
101416,2026-04-05,Organic Search,SEO - Product Pages,12,Lead,0
104332,2026-02-07,Paid Search,Google Ads - Generic,0,Visitor,0
104397,2026-05-21,Paid Search,Google Ads - Generic,48,Lead,0
108558,2026-01-27,Email,Product Drip Campaign,0,Visitor,0
105926,2026-04-26,Social Media,LinkedIn Ads,0,Visitor,0
109869,2026-04-01,Referral,Customer Referral Program,0,Visitor,0
106609,2026-04-13,Social Media,LinkedIn Ads,0,Visitor,0
110158,2026-04-10,Referral,Partner Referral,0,Visitor,0
104959,2026-03-12,Paid Search,Google Ads - Generic,0,Visitor,0
111363,2026-04-13,Direct,Direct/None,0,Visitor,0
111874,2026-03-27,Direct,Direct/None,0,Visitor,0
111607,2026-04-15,Direct,Direct/None,0,Visitor,0
105237,2026-05-19,Paid Search,Google Ads - Generic,0,Visitor,0
100873,2026-05-22,Organic Search,SEO - Product Pages,0,Visitor,0
100936,2026-04-06,Organic Search,SEO - Product Pages,0,Visitor,0
106455,2026-03-10,Social Media,Facebook Ads,0,Visitor,0
109331,2026-05-20,Referral,Customer Referral Program,5,Lead,0
102264,2026-04-07,Organic Search,SEO - Product Pages,0,Visitor,0
101934,2026-03-09,Organic Search,SEO - Blog,12,Lead,0
109429,2026-04-05,Referral,Customer Referral Program,5,Lead,0
109865,2026-06-07,Referral,Partner Referral,0,Visitor,0
100929,2026-04-11,Organic Search,SEO - Blog,0,Visitor,0
106010,2026-01-28,Social Media,LinkedIn Ads,0,Visitor,0
104378,2026-06-16,Paid Search,Google Ads - Generic,0,Visitor,0
111446,2026-04-12,Direct,Direct/None,0,Visitor,0
111031,2026-06-04,Direct,Direct/None,0,Visitor,0
109595,2026-05-02,Referral,Customer Referral Program,5,SQL,0
104436,2026-04-05,Paid Search,Google Ads - Generic,0,Visitor,0
111958,2026-01-30,Direct,Direct/None,0,Visitor,0
100898,2026-04-05,Organic Search,SEO - Product Pages,0,Visitor,0
103957,2026-03-29,Paid Search,Google Ads - Generic,0,Visitor,0
110556,2026-03-06,Direct,Direct/None,0,Visitor,0
100725,2026-04-04,Organic Search,SEO - Blog,0,Visitor,0
103019,2026-02-05,Paid Search,Google Ads - Generic,0,Visitor,0
108995,2026-04-09,Email,Newsletter,0,Visitor,0
105253,2026-03-10,Paid Search,Google Ads - Generic,0,Visitor,0
100569,2026-04-17,Organic Search,SEO - Blog,0,Visitor,0
108399,2026-03-02,Email,Newsletter,0,Visitor,0
103100,2026-05-31,Paid Search,Google Ads - Generic,0,Visitor,0
104548,2026-04-20,Paid Search,Google Ads - Brand,0,Visitor,0
111092,2026-04-07,Direct,Direct/None,0,Visitor,0
108262,2026-06-01,Email,Product Drip Campaign,0,Visitor,0
111472,2026-03-27,Direct,Direct/None,0,Visitor,0
100993,2026-04-26,Organic Search,SEO - Blog,0,Visitor,0
103374,2026-04-28,Paid Search,Google Ads - Generic,48,Lead,0
102167,2026-03-09,Organic Search,SEO - Blog,0,Visitor,0
106974,2026-02-14,Social Media,LinkedIn Ads,0,Visitor,0
105316,2026-04-15,Social Media,Instagram Ads,0,Visitor,0
109539,2026-03-02,Referral,Customer Referral Program,0,Visitor,0
104031,2026-04-17,Paid Search,Google Ads - Brand,0,Visitor,0
109051,2026-02-19,Email,Newsletter,0,Visitor,0
108658,2026-02-23,Email,Product Drip Campaign,0,Visitor,0
108037,2026-03-06,Email,Product Drip Campaign,8,Lead,0
106134,2026-05-09,Social Media,LinkedIn Ads,0,Visitor,0
107986,2026-03-06,Email,Newsletter,8,Customer,918
108489,2026-04-11,Email,Product Drip Campaign,0,Visitor,0
110995,2026-02-28,Direct,Direct/None,0,Visitor,0
111978,2026-05-05,Direct,Direct/None,0,MQL,0
111877,2026-06-05,Direct,Direct/None,0,Visitor,0
109096,2026-04-07,Email,Product Drip Campaign,0,Visitor,0
111305,2026-04-14,Direct,Direct/None,0,SQL,0
104676,2026-04-15,Paid Search,Google Ads - Brand,0,Visitor,0
107357,2026-06-15,Social Media,Unknown / Untagged,0,Visitor,0
109001,2026-03-24,Email,Product Drip Campaign,0,Visitor,0
103903,2026-04-01,Paid Search,Google Ads - Generic,0,Visitor,0
100614,2026-06-05,Organic Search,SEO - Product Pages,12,Customer,660
102091,2026-05-15,Organic Search,SEO - Product Pages,12,Lead,0
100720,2026-01-12,Organic Search,SEO - Blog,12,Lead,0
107453,2026-04-18,Social Media,Facebook Ads,0,Visitor,0
106417,2026-05-27,Social Media,Facebook Ads,0,Visitor,0
106398,2026-04-10,Social Media,Instagram Ads,0,Visitor,0
102184,2026-04-27,Organic Search,SEO - Blog,0,Visitor,0
105119,2026-04-30,Paid Search,Google Ads - Brand,0,Visitor,0
107448,2026-02-22,Social Media,Facebook Ads,35,MQL,0
106762,2026-05-06,Social Media,Facebook Ads,0,Visitor,0
111176,2026-04-05,Direct,Direct/None,0,Visitor,0
108763,2026-04-25,Email,Product Drip Campaign,0,Visitor,0
108339,2026-06-08,Email,Newsletter,0,Visitor,0
107921,2026-06-16,Email,Newsletter,0,Visitor,0
104036,2026-03-17,Paid Search,Google Ads - Brand,48,Lead,0
109295,2026-02-19,Referral,Partner Referral,0,Visitor,0
109702,2026-06-16,Referral,Customer Referral Program,0,Visitor,0
102803,2026-05-17,Organic Search,SEO - Product Pages,0,Visitor,0
111640,2026-02-07,Direct,Direct/None,0,Visitor,0
103896,2026-05-30,Paid Search,Google Ads - Brand,0,Visitor,0
109029,2026-05-02,Email,Newsletter,8,Lead,0
107166,2026-04-22,Social Media,LinkedIn Ads,0,Visitor,0
105476,2026-04-20,Social Media,Facebook Ads,0,Visitor,0
100546,2026-03-11,Organic Search,SEO - Product Pages,0,Visitor,0
103210,2026-04-26,Paid Search,Google Ads - Brand,0,Visitor,0
106830,2026-02-26,Social Media,Facebook Ads,0,Visitor,0
110226,2026-04-18,Direct,Direct/None,0,Visitor,0
100430,2026-05-06,Organic Search,SEO - Product Pages,0,Visitor,0
111545,2026-04-05,Direct,Direct/None,0,Visitor,0
101980,2026-02-02,Organic Search,SEO - Product Pages,0,Visitor,0
110353,2026-05-12,Direct,Direct/None,0,Lead,0
102217,2026-02-02,Organic Search,SEO - Blog,12,Lead,0
100269,2026-04-05,Organic Search,SEO - Product Pages,0,Visitor,0
111863,2026-05-11,Direct,Direct/None,0,Lead,0
100018,2026-04-01,Organic Search,SEO - Product Pages,0,Visitor,0
106718,2026-04-13,Social Media,Facebook Ads,0,Visitor,0
104875,2026-05-13,Paid Search,Google Ads - Generic,48,Lead,0
108445,2026-04-05,Email,Product Drip Campaign,0,Visitor,0
104740,2026-05-31,Paid Search,Google Ads - Brand,0,Visitor,0
101505,2026-04-28,Organic Search,SEO - Blog,0,Visitor,0
103470,2026-04-01,Paid Search,Google Ads - Generic,0,Visitor,0
107425,2026-02-14,Social Media,LinkedIn Ads,0,Visitor,0
106367,2026-04-23,Social Media,Instagram Ads,0,Visitor,0
110166,2026-04-16,Referral,Customer Referral Program,5,Lead,0
103536,2026-03-06,Paid Search,Google Ads - Generic,48,Lead,0
102161,2026-06-13,Organic Search,SEO - Blog,0,Visitor,0
108277,2026-02-05,Email,Unknown / Untagged,0,Visitor,0
105608,2026-05-12,Social Media,LinkedIn Ads,0,Visitor,0
111720,2026-02-27,Direct,Direct/None,0,Lead,0
101553,2026-04-17,Organic Search,SEO - Blog,12,Lead,0
100077,2026-03-21,Organic Search,SEO - Product Pages,0,Visitor,0
108192,2026-04-07,Email,Product Drip Campaign,0,Visitor,0
109433,2026-06-22,Referral,Customer Referral Program,0,Visitor,0
111517,2026-04-19,Direct,Direct/None,0,Lead,0
110176,2026-05-29,Referral,Customer Referral Program,0,Visitor,0
103958,2026-02-15,Paid Search,Google Ads - Brand,0,Visitor,0
103500,2026-04-17,Paid Search,Google Ads - Generic,0,Visitor,0
101080,2026-02-26,Organic Search,SEO - Blog,0,Visitor,0
107275,2026-03-17,Social Media,LinkedIn Ads,0,Visitor,0
103915,2026-04-15,Paid Search,Google Ads - Generic,0,Visitor,0
104944,2026-05-07,Paid Search,Google Ads - Brand,0,Visitor,0
108975,2026-05-25,Email,Newsletter,0,Visitor,0
111405,2026-02-05,Direct,Direct/None,0,Visitor,0
111308,2026-01-15,Direct,Direct/None,0,Visitor,0
110787,2026-03-28,Direct,Direct/None,0,Visitor,0
103514,2026-03-29,Paid Search,Google Ads - Brand,0,Visitor,0
104118,2026-04-16,Paid Search,Google Ads - Generic,0,Visitor,0
110505,2026-04-16,Direct,Direct/None,0,Visitor,0
108148,2026-04-19,Email,Newsletter,8,Lead,0
106768,2026-04-25,Social Media,Instagram Ads,0,Visitor,0
107326,2026-03-24,Social Media,Instagram Ads,35,Lead,0
110446,2026-03-24,Direct,Direct/None,0,Visitor,0
111839,2026-05-23,Direct,Direct/None,0,Visitor,0
109100,2026-04-17,Email,Newsletter,8,SQL,0
103825,2026-03-16,Paid Search,Google Ads - Generic,48,Lead,0
107922,2026-04-03,Email,Product Drip Campaign,0,Visitor,0
104331,2026-04-02,Paid Search,Google Ads - Brand,0,Visitor,0
102198,2026-01-26,Organic Search,SEO - Product Pages,0,Visitor,0
103968,2026-03-30,Paid Search,Google Ads - Generic,0,Visitor,0
106423,2026-03-04,Social Media,LinkedIn Ads,0,Visitor,0
109497,2026-03-23,Referral,Partner Referral,5,Lead,0
103280,2026-03-15,Paid Search,Google Ads - Brand,48,SQL,0
110595,2026-04-22,Direct,Direct/None,0,Lead,0
106171,2026-04-30,Social Media,LinkedIn Ads,35,Lead,0
108875,2026-03-02,Email,Newsletter,8,Lead,0
107881,2026-05-19,Social Media,Facebook Ads,35,MQL,0
110634,2026-03-10,Direct,Direct/None,0,Visitor,0
109200,2026-02-12,Referral,Customer Referral Program,0,Visitor,0
111686,2026-03-17,Direct,Direct/None,0,Visitor,0
104154,2026-04-17,Paid Search,Google Ads - Generic,0,Visitor,0
104086,2026-06-07,Paid Search,Google Ads - Brand,0,Visitor,0
101473,2026-03-22,Organic Search,SEO - Product Pages,12,Lead,0
110669,2026-04-19,Direct,Direct/None,0,Visitor,0
101204,2026-04-19,Organic Search,SEO - Blog,0,Visitor,0
101455,2026-04-24,Organic Search,SEO - Blog,0,Visitor,0
111154,2026-02-26,Direct,Direct/None,0,Visitor,0
110367,2026-03-04,Direct,Direct/None,0,Visitor,0
107411,2026-03-18,Social Media,Instagram Ads,0,Visitor,0
106883,2026-04-12,Social Media,LinkedIn Ads,0,Visitor,0
107606,2026-03-31,Social Media,Facebook Ads,0,Visitor,0
105665,2026-02-10,Social Media,LinkedIn Ads,35,Lead,0
104562,2026-06-22,Paid Search,Google Ads - Brand,0,Visitor,0
103603,2026-04-17,Paid Search,Google Ads - Brand,0,Visitor,0
105105,2026-01-25,Paid Search,Google Ads - Generic,0,Visitor,0
109009,2026-02-24,Email,Newsletter,0,Visitor,0
101305,2026-01-04,Organic Search,SEO - Blog,0,Visitor,0
111890,2026-02-19,Direct,Direct/None,0,MQL,0
105392,2026-05-12,Social Media,Instagram Ads,0,Visitor,0
108539,2026-05-25,Email,Product Drip Campaign,8,MQL,0
105329,2026-05-29,Social Media,LinkedIn Ads,35,Lead,0
101644,2026-01-28,Organic Search,SEO - Blog,0,Visitor,0
109026,2026-02-07,Email,Newsletter,0,Visitor,0
105135,2026-01-17,Paid Search,Google Ads - Generic,0,Visitor,0
106237,2026-02-02,Social Media,Instagram Ads,0,Visitor,0
110813,2026-06-16,Direct,Direct/None,0,Visitor,0
101165,2026-03-07,Organic Search,SEO - Product Pages,0,Visitor,0
107225,2026-03-30,Social Media,LinkedIn Ads,0,Visitor,0
101293,2026-04-16,Organic Search,SEO - Blog,0,Visitor,0
104639,2026-02-28,Paid Search,Google Ads - Generic,48,Lead,0
110866,2026-04-01,Direct,Direct/None,0,Visitor,0
111764,2026-02-06,Direct,Direct/None,0,Visitor,0
110578,2026-05-08,Direct,Direct/None,0,SQL,0
103051,2026-04-13,Paid Search,Google Ads - Generic,0,Visitor,0
109787,2026-05-21,Referral,Partner Referral,0,Visitor,0
104662,2026-05-31,Paid Search,Google Ads - Brand,48,MQL,0
100264,2026-05-04,Organic Search,SEO - Product Pages,0,Visitor,0
105421,2026-03-25,Social Media,LinkedIn Ads,0,Visitor,0
108574,2026-04-04,Email,Product Drip Campaign,0,Visitor,0
108806,2026-05-29,Email,Newsletter,8,MQL,0
108408,2026-03-24,Email,Newsletter,0,Visitor,0
111775,2026-04-26,Direct,Direct/None,0,MQL,0
105199,2026-04-23,Paid Search,Google Ads - Brand,48,Lead,0
106075,2026-01-06,Social Media,Facebook Ads,0,Visitor,0
102836,2026-03-21,Organic Search,SEO - Blog,0,Visitor,0
103427,2026-05-10,Paid Search,Google Ads - Generic,0,Visitor,0
103387,2026-04-06,Paid Search,Google Ads - Generic,48,MQL,0
103404,2026-06-09,Paid Search,Google Ads - Generic,0,Visitor,0
111622,2026-03-08,Direct,Direct/None,0,Visitor,0
101694,2026-03-31,Organic Search,SEO - Product Pages,0,Visitor,0
105714,2026-05-21,Social Media,Facebook Ads,0,Visitor,0
108047,2026-06-23,Email,Newsletter,8,SQL,0
111682,2026-05-02,Direct,Direct/None,0,Visitor,0
106284,2026-03-23,Social Media,Facebook Ads,0,Visitor,0
103056,2026-05-02,Paid Search,Google Ads - Brand,0,Visitor,0
105902,2026-04-16,Social Media,Instagram Ads,0,Visitor,0
100115,2026-04-30,Organic Search,SEO - Product Pages,0,Visitor,0
110120,2026-03-19,Referral,Partner Referral,5,Lead,0
106385,2026-04-28,Social Media,Facebook Ads,0,Visitor,0
110848,2026-06-04,Direct,Direct/None,0,Visitor,0
108779,2026-04-11,Email,Newsletter,0,Visitor,0
101348,2026-05-08,Organic Search,SEO - Blog,0,Visitor,0
103790,2026-05-23,Paid Search,Google Ads - Brand,48,MQL,0
105460,2026-01-26,Social Media,Instagram Ads,0,Visitor,0
108586,2026-02-02,Email,Newsletter,0,Visitor,0
110144,2026-04-03,Referral,Customer Referral Program,0,Visitor,0
111602,2026-05-06,Direct,Direct/None,0,Visitor,0
101414,2026-04-20,Organic Search,SEO - Blog,0,Visitor,0
102446,2026-05-10,Organic Search,SEO - Product Pages,0,Visitor,0
105948,2026-03-10,Social Media,LinkedIn Ads,0,Visitor,0
108087,2026-03-11,Email,Newsletter,8,Lead,0
107321,2026-06-04,Social Media,Facebook Ads,0,Visitor,0
110322,2026-03-07,Direct,Direct/None,0,Visitor,0
109176,2026-04-29,Referral,Customer Referral Program,5,Lead,0
111451,2026-02-25,Direct,Direct/None,0,Visitor,0
108361,2026-04-08,Email,Product Drip Campaign,8,MQL,0
108746,2026-04-11,Email,Newsletter,0,Visitor,0
111204,2026-03-29,Direct,Direct/None,0,MQL,0
110083,2026-04-12,Referral,Customer Referral Program,5,Customer,1648
103308,2026-05-14,Paid Search,Google Ads - Generic,0,Visitor,0
101409,2026-01-28,Organic Search,SEO - Blog,0,Visitor,0
110617,2026-03-22,Direct,Direct/None,0,Visitor,0
106636,2026-04-27,Social Media,Instagram Ads,0,Visitor,0
100750,2026-02-26,Organic Search,SEO - Product Pages,0,Visitor,0
111763,2026-01-23,Direct,Direct/None,0,Visitor,0
103129,2026-04-02,Paid Search,Google Ads - Generic,0,Visitor,0
102788,2026-05-15,Organic Search,SEO - Blog,0,Visitor,0
109460,2026-04-11,Referral,Customer Referral Program,0,Visitor,0
110133,2026-05-15,Referral,Partner Referral,0,Visitor,0
105880,2026-03-03,Social Media,Instagram Ads,0,Visitor,0
100667,2026-04-23,Organic Search,SEO - Blog,0,Visitor,0
109697,2026-03-13,Referral,Customer Referral Program,5,Customer,1526
101136,2026-04-12,Organic Search,Unknown / Untagged,0,Visitor,0
100529,2026-04-27,Organic Search,SEO - Blog,0,Visitor,0
111367,2026-03-31,Direct,Direct/None,0,Visitor,0
110822,2026-05-21,Direct,Direct/None,0,Lead,0
104444,2026-04-26,Paid Search,Google Ads - Generic,0,Visitor,0
108678,2026-04-21,Email,Newsletter,0,Visitor,0
103592,2026-05-23,Paid Search,Google Ads - Brand,0,Visitor,0
107412,2026-03-20,Social Media,LinkedIn Ads,0,Visitor,0
106245,2026-03-01,Social Media,Instagram Ads,0,Visitor,0
110516,2026-05-07,Direct,Direct/None,0,MQL,0
111253,2026-06-10,Direct,Direct/None,0,Visitor,0
100862,2026-04-11,Organic Search,SEO - Product Pages,0,Visitor,0
102782,2026-05-12,Organic Search,SEO - Blog,0,Visitor,0
104200,2026-05-23,Paid Search,Google Ads - Generic,48,SQL,0
108776,2026-05-25,Email,Product Drip Campaign,0,Visitor,0
110975,2026-03-25,Direct,Direct/None,0,Visitor,0
111902,2026-03-26,Direct,Direct/None,0,Visitor,0
101549,2026-03-15,Organic Search,SEO - Blog,0,Visitor,0
106299,2026-03-13,Social Media,Instagram Ads,0,Visitor,0
101598,2026-03-14,Organic Search,SEO - Product Pages,0,Visitor,0
107143,2026-06-05,Social Media,LinkedIn Ads,0,Visitor,0
101468,2026-03-21,Organic Search,SEO - Product Pages,0,Visitor,0
111766,2026-02-05,Direct,Direct/None,0,Visitor,0
103289,2026-06-07,Paid Search,Google Ads - Brand,0,Visitor,0
107390,2026-03-16,Social Media,Facebook Ads,0,Visitor,0
105574,2026-04-05,Social Media,LinkedIn Ads,0,Visitor,0
107117,2026-03-18,Social Media,Facebook Ads,35,Lead,0
107566,2026-03-25,Social Media,Instagram Ads,0,Visitor,0
109621,2026-05-13,Referral,Partner Referral,0,Visitor,0
101526,2026-05-08,Organic Search,SEO - Product Pages,0,Visitor,0
101124,2026-03-06,Organic Search,SEO - Blog,0,Visitor,0
111459,2026-02-27,Direct,Direct/None,0,Lead,0
107706,2026-05-01,Social Media,Instagram Ads,0,Visitor,0
108419,2026-04-03,Email,Newsletter,8,Customer,910
106477,2026-05-18,Social Media,LinkedIn Ads,0,Visitor,0
109221,2026-03-27,Referral,Customer Referral Program,0,Visitor,0
103670,2026-05-29,Paid Search,Google Ads - Generic,0,Visitor,0
111841,2026-04-27,Direct,Direct/None,0,MQL,0
108748,2026-02-04,Email,Newsletter,8,SQL,0
102138,2026-05-03,Organic Search,SEO - Product Pages,12,Lead,0
108072,2026-04-06,Email,Product Drip Campaign,8,SQL,0
111050,2026-03-03,Direct,Direct/None,0,Visitor,0
101341,2026-06-01,Organic Search,SEO - Product Pages,0,Visitor,0
103687,2026-03-07,Paid Search,Google Ads - Brand,0,Visitor,0
102880,2026-05-12,Organic Search,SEO - Blog,0,Visitor,0
106442,2026-03-19,Social Media,LinkedIn Ads,0,Visitor,0
100708,2026-02-28,Organic Search,SEO - Blog,0,Visitor,0
111105,2026-04-06,Direct,Direct/None,0,Visitor,0
111706,2026-03-27,Direct,Direct/None,0,Visitor,0
100490,2026-04-10,Organic Search,SEO - Blog,0,Visitor,0
103729,2026-03-26,Paid Search,Google Ads - Generic,0,Visitor,0
100292,2026-05-06,Organic Search,SEO - Blog,0,Visitor,0
110196,2026-04-17,Referral,Partner Referral,0,Visitor,0
103833,2026-05-04,Paid Search,Google Ads - Brand,0,Visitor,0
101656,2026-05-09,Organic Search,SEO - Product Pages,0,Visitor,0
105507,2026-05-12,Social Media,Facebook Ads,35,Lead,0
110191,2026-05-28,Referral,Customer Referral Program,0,Visitor,0
104423,2026-04-24,Paid Search,Google Ads - Brand,0,Visitor,0
110755,2026-05-31,Direct,Direct/None,0,Visitor,0
108669,2026-04-10,Email,Newsletter,0,Visitor,0
110901,2026-02-23,Direct,Direct/None,0,Visitor,0
101841,2026-03-16,Organic Search,SEO - Blog,0,Visitor,0
102513,2026-05-06,Organic Search,SEO - Blog,0,Visitor,0
102066,2026-01-12,Organic Search,SEO - Product Pages,0,Visitor,0
100104,2026-05-15,Organic Search,SEO - Product Pages,12,MQL,0
109933,2026-03-09,Referral,Partner Referral,5,Customer,1428
111737,2026-02-22,Direct,Direct/None,0,SQL,0
100524,2026-03-02,Organic Search,SEO - Blog,0,Visitor,0
108259,2026-05-28,Email,Product Drip Campaign,8,Lead,0
110554,2026-01-20,Direct,Direct/None,0,Visitor,0
101940,2026-04-30,Organic Search,SEO - Product Pages,0,Visitor,0
102667,2026-03-23,Organic Search,SEO - Blog,0,Visitor,0
108944,2026-03-15,Email,Newsletter,0,Visitor,0
110600,2026-03-07,Direct,Direct/None,0,Visitor,0
104585,2026-05-10,Paid Search,Google Ads - Brand,0,Visitor,0
104066,2026-04-20,Paid Search,Google Ads - Generic,0,Visitor,0
110748,2026-02-12,Direct,Direct/None,0,Visitor,0
105113,2026-03-03,Paid Search,Google Ads - Brand,48,MQL,0
102107,2026-04-03,Organic Search,SEO - Blog,0,Visitor,0
110035,2026-03-31,Referral,Customer Referral Program,5,Customer,1650
111761,2026-04-14,Direct,Direct/None,0,Visitor,0
106352,2026-02-03,Social Media,Instagram Ads,0,Visitor,0
106416,2026-03-21,Social Media,Facebook Ads,0,Visitor,0
106347,2026-03-22,Social Media,Facebook Ads,0,Visitor,0
108895,2026-05-19,Email,Newsletter,0,Visitor,0
105821,2026-03-31,Social Media,LinkedIn Ads,0,Visitor,0
100011,2026-01-31,Organic Search,SEO - Blog,0,Visitor,0
109554,2026-03-12,Referral,Customer Referral Program,0,Visitor,0
102098,2026-05-26,Organic Search,SEO - Product Pages,12,SQL,0
105075,2026-02-19,Paid Search,Google Ads - Generic,0,Visitor,0
100775,2026-05-12,Organic Search,SEO - Product Pages,12,Lead,0
109556,2026-03-17,Referral,Customer Referral Program,0,Visitor,0
100760,2026-04-11,Organic Search,SEO - Product Pages,0,Visitor,0
105033,2026-05-01,Paid Search,Google Ads - Brand,0,Visitor,0
106317,2026-03-13,Social Media,LinkedIn Ads,0,Visitor,0
106172,2026-02-23,Social Media,Unknown / Untagged,0,Visitor,0
110912,2026-03-17,Direct,Direct/None,0,Visitor,0
107089,2026-04-19,Social Media,Instagram Ads,0,Visitor,0
108683,2026-05-01,Email,Newsletter,0,Visitor,0
109282,2026-03-20,Referral,Partner Referral,0,Visitor,0
107424,2026-04-15,Social Media,LinkedIn Ads,0,Visitor,0
101480,2026-05-15,Organic Search,SEO - Product Pages,0,Visitor,0
107971,2026-03-22,Email,Product Drip Campaign,8,Lead,0
108141,2026-01-09,Email,Product Drip Campaign,0,Visitor,0
105395,2026-02-25,Social Media,Instagram Ads,0,Visitor,0
106840,2026-02-22,Social Media,LinkedIn Ads,0,Visitor,0
105663,2026-06-04,Social Media,Facebook Ads,0,Visitor,0
100072,2026-05-22,Organic Search,SEO - Product Pages,12,MQL,0
110526,2026-05-01,Direct,Direct/None,0,Visitor,0
106705,2026-04-21,Social Media,LinkedIn Ads,0,Visitor,0
106127,2026-05-24,Social Media,Facebook Ads,0,Visitor,0
111628,2026-03-31,Direct,Direct/None,0,Visitor,0
100825,2026-04-07,Organic Search,SEO - Product Pages,0,Visitor,0
108579,2026-02-23,Email,Product Drip Campaign,0,Visitor,0
105816,2026-02-18,Social Media,LinkedIn Ads,0,Visitor,0
100348,2026-04-03,Organic Search,SEO - Product Pages,0,Visitor,0
102808,2026-05-30,Organic Search,SEO - Blog,0,Visitor,0
106866,2026-01-23,Social Media,LinkedIn Ads,0,Visitor,0
110482,2026-03-30,Direct,Direct/None,0,Lead,0
108166,2026-05-30,Email,Product Drip Campaign,0,Visitor,0
100469,2026-04-27,Organic Search,SEO - Product Pages,0,Visitor,0
108224,2026-03-17,Email,Product Drip Campaign,8,MQL,0
104633,2026-03-25,Paid Search,Google Ads - Generic,0,Visitor,0
100342,2026-05-02,Organic Search,SEO - Product Pages,0,Visitor,0
111382,2026-05-10,Direct,Direct/None,0,Visitor,0
106092,2026-04-21,Social Media,LinkedIn Ads,0,Visitor,0
101620,2026-02-15,Organic Search,SEO - Blog,0,Visitor,0
105083,2026-03-21,Paid Search,Google Ads - Generic,0,Visitor,0
102491,2026-01-31,Organic Search,SEO - Product Pages,0,Visitor,0
110020,2026-05-18,Referral,Partner Referral,0,Visitor,0
102661,2026-02-14,Organic Search,SEO - Blog,12,Lead,0
111989,2026-04-16,Direct,Direct/None,0,Visitor,0
101928,2026-02-20,Organic Search,SEO - Product Pages,0,Visitor,0
108912,2026-05-17,Email,Newsletter,8,SQL,0
102834,2026-05-24,Organic Search,SEO - Product Pages,0,Visitor,0
105180,2026-02-05,Paid Search,Google Ads - Generic,0,Visitor,0
109573,2026-03-20,Referral,Customer Referral Program,0,Visitor,0
106862,2026-05-01,Social Media,Instagram Ads,0,Visitor,0
103181,2026-05-14,Paid Search,Google Ads - Brand,0,Visitor,0
110957,2026-06-02,Direct,Direct/None,0,Visitor,0
101654,2026-01-12,Organic Search,SEO - Product Pages,0,Visitor,0
108942,2026-01-30,Email,Newsletter,0,Visitor,0
100689,2026-03-04,Organic Search,SEO - Product Pages,0,Visitor,0
110603,2026-03-20,Direct,Direct/None,0,Visitor,0
102862,2026-01-19,Organic Search,SEO - Blog,0,Visitor,0
109873,2026-05-24,Referral,Partner Referral,0,Visitor,0
107851,2026-05-06,Social Media,LinkedIn Ads,0,Visitor,0
103097,2026-03-08,Paid Search,Google Ads - Generic,48,Lead,0
109274,2026-04-05,Referral,Partner Referral,5,MQL,0
111610,2026-03-10,Direct,Direct/None,0,Visitor,0
106879,2026-05-21,Social Media,LinkedIn Ads,0,Visitor,0
100383,2026-05-06,Organic Search,SEO - Blog,0,Visitor,0
108946,2026-03-15,Email,Product Drip Campaign,0,Visitor,0
111458,2026-03-21,Direct,Direct/None,0,Visitor,0
111932,2026-02-05,Direct,Direct/None,0,Visitor,0
101532,2026-06-16,Organic Search,SEO - Product Pages,0,Visitor,0
110027,2026-06-13,Referral,Customer Referral Program,0,Visitor,0
106818,2026-05-02,Social Media,Facebook Ads,0,Visitor,0
102348,2026-05-19,Organic Search,SEO - Blog,0,Visitor,0
109663,2026-05-08,Referral,Customer Referral Program,0,Visitor,0
101252,2026-04-05,Organic Search,SEO - Product Pages,0,Visitor,0
103671,2026-04-04,Paid Search,Google Ads - Generic,0,Visitor,0
108761,2026-03-01,Email,Product Drip Campaign,0,Visitor,0
107741,2026-05-01,Social Media,LinkedIn Ads,35,Lead,0
103454,2026-03-29,Paid Search,Google Ads - Brand,0,Visitor,0
111391,2026-03-16,Direct,Direct/None,0,MQL,0
108629,2026-03-17,Email,Product Drip Campaign,0,Visitor,0
109111,2026-03-28,Email,Product Drip Campaign,0,Visitor,0
100656,2026-06-12,Organic Search,SEO - Blog,0,Visitor,0
107458,2026-04-22,Social Media,Instagram Ads,0,Visitor,0
108747,2026-03-12,Email,Product Drip Campaign,0,Visitor,0
104877,2026-04-24,Paid Search,Google Ads - Generic,0,Visitor,0
109972,2026-05-09,Referral,Customer Referral Program,0,Visitor,0
106629,2026-04-05,Social Media,Facebook Ads,0,Visitor,0
104389,2026-04-26,Paid Search,Google Ads - Generic,0,Visitor,0
107595,2026-04-12,Social Media,LinkedIn Ads,35,Lead,0
108795,2026-03-14,Email,Product Drip Campaign,0,Visitor,0
108804,2026-03-02,Email,Newsletter,0,Visitor,0
102358,2026-03-30,Organic Search,SEO - Product Pages,12,MQL,0
104205,2026-05-20,Paid Search,Google Ads - Brand,0,Visitor,0
107336,2026-04-18,Social Media,LinkedIn Ads,0,Visitor,0
104327,2026-02-14,Paid Search,Google Ads - Brand,48,Lead,0
111142,2026-04-03,Direct,Direct/None,0,Visitor,0
103651,2026-05-08,Paid Search,Google Ads - Generic,0,Visitor,0
108344,2026-02-26,Email,Newsletter,8,Lead,0
107547,2026-05-04,Social Media,Facebook Ads,0,Visitor,0
105962,2026-02-12,Social Media,LinkedIn Ads,0,Visitor,0
102074,2026-03-14,Organic Search,SEO - Blog,0,Visitor,0
100783,2026-05-15,Organic Search,SEO - Blog,0,Visitor,0
104494,2026-04-01,Paid Search,Google Ads - Generic,0,Visitor,0
100167,2026-02-03,Organic Search,SEO - Product Pages,0,Visitor,0
107850,2026-06-07,Social Media,LinkedIn Ads,0,Visitor,0
107074,2026-05-04,Social Media,Instagram Ads,0,Visitor,0
110458,2026-03-27,Direct,Direct/None,0,Visitor,0
111055,2026-03-14,Direct,Direct/None,0,Visitor,0
106106,2026-03-28,Social Media,Facebook Ads,0,Visitor,0
105893,2026-04-22,Social Media,LinkedIn Ads,35,SQL,0
102490,2026-04-18,Organic Search,SEO - Product Pages,0,Visitor,0
105739,2026-04-03,Social Media,Instagram Ads,0,Visitor,0
100143,2026-03-23,Organic Search,SEO - Product Pages,0,Visitor,0
105337,2026-04-30,Social Media,Instagram Ads,35,Lead,0
111480,2026-05-01,Direct,Direct/None,0,Visitor,0
102500,2026-04-27,Organic Search,SEO - Product Pages,0,Visitor,0
111110,2026-04-21,Direct,Direct/None,0,Visitor,0
106558,2026-04-13,Social Media,LinkedIn Ads,0,Visitor,0
106320,2026-05-11,Social Media,LinkedIn Ads,0,Visitor,0
104334,2026-05-07,Paid Search,Google Ads - Generic,48,MQL,0
109182,2026-05-05,Referral,Customer Referral Program,0,Visitor,0
101759,2026-04-06,Organic Search,SEO - Product Pages,0,Visitor,0
109214,2026-03-18,Referral,Customer Referral Program,0,Visitor,0
110997,2026-03-28,Direct,Direct/None,0,Visitor,0
100867,2026-04-27,Organic Search,SEO - Blog,0,Visitor,0
111404,2026-04-08,Direct,Direct/None,0,MQL,0
105416,2026-02-24,Social Media,LinkedIn Ads,0,Visitor,0
104388,2026-04-25,Paid Search,Google Ads - Generic,0,Visitor,0
101698,2026-05-03,Organic Search,SEO - Blog,0,Visitor,0
104396,2026-01-31,Paid Search,Google Ads - Brand,0,Visitor,0
106314,2026-02-28,Social Media,Facebook Ads,0,Visitor,0
108520,2026-03-24,Email,Newsletter,0,Visitor,0
107763,2026-04-16,Social Media,Facebook Ads,0,Visitor,0
105679,2026-04-21,Social Media,Instagram Ads,0,Visitor,0
108996,2026-04-26,Email,Newsletter,8,Lead,0
103109,2026-03-02,Paid Search,Google Ads - Generic,48,Lead,0
105323,2026-04-25,Social Media,Instagram Ads,0,Visitor,0
110248,2026-05-03,Direct,Direct/None,0,Visitor,0
110018,2026-05-12,Referral,Partner Referral,0,Visitor,0
110275,2026-02-20,Direct,Direct/None,0,Visitor,0
106204,2026-04-18,Social Media,Instagram Ads,0,Visitor,0
108594,2026-05-25,Email,Product Drip Campaign,8,Lead,0
105984,2026-05-21,Social Media,LinkedIn Ads,0,Visitor,0
101347,2026-05-25,Organic Search,SEO - Blog,12,Lead,0
107553,2026-05-08,Social Media,Instagram Ads,0,Visitor,0
107709,2026-03-16,Social Media,Instagram Ads,0,Visitor,0
102392,2026-04-15,Organic Search,SEO - Product Pages,0,Visitor,0
101268,2026-03-31,Organic Search,SEO - Product Pages,0,Visitor,0
104902,2026-03-14,Paid Search,Google Ads - Generic,48,SQL,0
101444,2026-05-02,Organic Search,SEO - Blog,0,Visitor,0
108378,2026-04-12,Email,Newsletter,0,Visitor,0
109943,2026-03-26,Referral,Partner Referral,5,Customer,651
105848,2026-04-11,Social Media,Facebook Ads,0,Visitor,0
102086,2026-05-07,Organic Search,SEO - Product Pages,0,Visitor,0
110509,2026-04-30,Direct,Direct/None,0,Visitor,0
108289,2026-03-27,Email,Product Drip Campaign,8,Lead,0
102120,2026-05-24,Organic Search,SEO - Product Pages,0,Visitor,0
111062,2026-03-23,Direct,Direct/None,0,Visitor,0
107024,2026-04-16,Social Media,LinkedIn Ads,35,Lead,0
100002,2026-05-07,Organic Search,SEO - Blog,12,SQL,0
101753,2026-03-25,Organic Search,SEO - Blog,0,Visitor,0
108662,2026-05-22,Email,Product Drip Campaign,8,Lead,0
109072,2026-05-05,Email,Newsletter,0,Visitor,0
104673,2026-02-22,Paid Search,Google Ads - Generic,0,Visitor,0
103826,2026-03-10,Paid Search,Google Ads - Generic,0,Visitor,0
100261,2026-06-01,Organic Search,SEO - Product Pages,0,Visitor,0
104026,2026-04-03,Paid Search,Google Ads - Brand,0,Visitor,0
101224,2026-05-08,Organic Search,SEO - Blog,0,Visitor,0
101378,2026-03-01,Organic Search,SEO - Product Pages,0,Visitor,0
107307,2026-05-03,Social Media,Facebook Ads,0,Visitor,0
109414,2026-05-21,Referral,Customer Referral Program,0,Visitor,0
110518,2026-04-25,Direct,Direct/None,0,Visitor,0
100536,2026-05-29,Organic Search,Unknown / Untagged,0,Visitor,0
107992,2026-04-18,Email,Newsletter,0,Visitor,0
106519,2026-02-03,Social Media,Instagram Ads,0,Visitor,0
102213,2026-05-03,Organic Search,SEO - Blog,0,Visitor,0
106278,2026-03-01,Social Media,Instagram Ads,0,Visitor,0
107888,2026-03-11,Social Media,Instagram Ads,0,Visitor,0
110409,2026-03-03,Direct,Direct/None,0,Visitor,0
109136,2026-04-17,Referral,Customer Referral Program,0,Visitor,0
104503,2026-05-28,Paid Search,Google Ads - Generic,48,SQL,0
108434,2026-04-28,Email,Product Drip Campaign,8,MQL,0
101927,2026-04-28,Organic Search,SEO - Product Pages,12,Lead,0
102604,2026-03-29,Organic Search,SEO - Blog,12,MQL,0
100527,2026-06-03,Organic Search,SEO - Product Pages,12,MQL,0
107967,2026-05-17,Email,Product Drip Campaign,0,Visitor,0
101160,2026-04-13,Organic Search,SEO - Product Pages,12,MQL,0
110442,2026-03-23,Direct,Direct/None,0,Visitor,0
111996,2026-05-23,Direct,Direct/None,0,MQL,0
102961,2026-01-21,Paid Search,Google Ads - Generic,0,Visitor,0
102253,2026-04-23,Organic Search,SEO - Blog,0,Visitor,0
102089,2026-02-26,Organic Search,SEO - Product Pages,12,Customer,1968
106228,2026-04-20,Social Media,Instagram Ads,0,Visitor,0
104526,2026-05-07,Paid Search,Google Ads - Brand,0,Visitor,0
106163,2026-04-15,Social Media,Instagram Ads,0,Visitor,0
110728,2026-03-16,Direct,Direct/None,0,Visitor,0
111837,2026-02-12,Direct,Direct/None,0,Visitor,0
106904,2026-04-03,Social Media,Facebook Ads,0,Visitor,0
104350,2026-06-12,Paid Search,Google Ads - Brand,48,Lead,0
107318,2026-04-19,Social Media,Facebook Ads,0,Visitor,0
100321,2026-02-28,Organic Search,SEO - Blog,0,Visitor,0
106145,2026-04-23,Social Media,LinkedIn Ads,0,Visitor,0
110783,2026-03-28,Direct,Direct/None,0,Visitor,0
105043,2026-04-13,Paid Search,Google Ads - Brand,0,Visitor,0
101085,2026-04-02,Organic Search,SEO - Blog,0,Visitor,0
109784,2026-04-20,Referral,Customer Referral Program,5,MQL,0
107429,2026-04-10,Social Media,Instagram Ads,35,MQL,0
101192,2026-04-29,Organic Search,SEO - Product Pages,0,Visitor,0
103828,2026-06-04,Paid Search,Google Ads - Generic,0,Visitor,0
108813,2026-01-10,Email,Newsletter,8,MQL,0
104847,2026-03-25,Paid Search,Google Ads - Brand,0,Visitor,0
107090,2026-05-19,Social Media,LinkedIn Ads,0,Visitor,0
110240,2026-02-01,Direct,Direct/None,0,Visitor,0
102804,2026-03-10,Organic Search,SEO - Blog,12,Customer,645
101865,2026-05-14,Organic Search,SEO - Blog,0,Visitor,0
107161,2026-02-20,Social Media,Facebook Ads,35,MQL,0
106055,2026-05-24,Social Media,LinkedIn Ads,0,Visitor,0
108770,2026-04-29,Email,Product Drip Campaign,0,Visitor,0
111815,2026-02-27,Direct,Direct/None,0,Visitor,0
109588,2026-02-17,Referral,Customer Referral Program,5,MQL,0
109942,2026-03-10,Referral,Customer Referral Program,0,Visitor,0
106280,2026-05-11,Social Media,LinkedIn Ads,0,Visitor,0
101806,2026-03-14,Organic Search,SEO - Blog,0,Visitor,0
111230,2026-04-23,Direct,Direct/None,0,Visitor,0
104367,2026-05-09,Paid Search,Google Ads - Generic,0,Visitor,0
108363,2026-06-02,Email,Newsletter,0,Visitor,0
102042,2026-03-05,Organic Search,SEO - Blog,0,Visitor,0
104441,2026-06-18,Paid Search,Google Ads - Generic,0,Visitor,0
101234,2026-03-19,Organic Search,SEO - Blog,0,Visitor,0
105912,2026-02-27,Social Media,Instagram Ads,35,SQL,0
111041,2026-02-17,Direct,Direct/None,0,Visitor,0
105170,2026-01-30,Paid Search,Google Ads - Generic,48,Lead,0
107388,2026-02-21,Social Media,Instagram Ads,0,Visitor,0
110961,2026-03-01,Direct,Direct/None,0,Visitor,0
103820,2026-02-07,Paid Search,Google Ads - Generic,0,Visitor,0
110544,2026-04-04,Direct,Direct/None,0,Visitor,0
109468,2026-04-19,Referral,Customer Referral Program,5,SQL,0
110750,2026-05-25,Direct,Direct/None,0,Visitor,0
111753,2026-06-12,Direct,Direct/None,0,Lead,0
102950,2026-01-10,Paid Search,Google Ads - Generic,0,Visitor,0
108462,2026-04-02,Email,Product Drip Campaign,0,Visitor,0
101891,2026-04-01,Organic Search,Unknown / Untagged,0,Visitor,0
100678,2026-04-20,Organic Search,SEO - Product Pages,0,Visitor,0
103098,2026-04-07,Paid Search,Google Ads - Generic,48,MQL,0
109752,2026-04-08,Referral,Partner Referral,5,Lead,0
101297,2026-03-02,Organic Search,SEO - Product Pages,0,Visitor,0
107629,2026-04-27,Social Media,Facebook Ads,0,Visitor,0
104392,2026-05-23,Paid Search,Google Ads - Generic,0,Visitor,0
105167,2026-03-22,Paid Search,Google Ads - Generic,48,Customer,1065
104150,2026-03-19,Paid Search,Google Ads - Brand,0,Visitor,0
102240,2026-03-06,Organic Search,SEO - Product Pages,0,Visitor,0
103901,2026-03-21,Paid Search,Google Ads - Generic,0,Visitor,0
108009,2026-04-28,Email,Newsletter,0,Visitor,0
103343,2026-02-03,Paid Search,Google Ads - Brand,0,Visitor,0
106103,2026-02-17,Social Media,LinkedIn Ads,0,Visitor,0
108494,2026-03-18,Email,Newsletter,0,Visitor,0
100366,2026-01-30,Organic Search,SEO - Product Pages,0,Visitor,0
104199,2026-04-22,Paid Search,Google Ads - Brand,0,Visitor,0
106889,2026-05-24,Social Media,Instagram Ads,0,Visitor,0
111225,2026-05-12,Direct,Direct/None,0,Visitor,0
102796,2026-04-09,Organic Search,SEO - Blog,0,Visitor,0
106828,2026-02-25,Social Media,Facebook Ads,35,Lead,0
103695,2026-05-18,Paid Search,Google Ads - Generic,0,Visitor,0
109050,2026-04-23,Email,Newsletter,0,Visitor,0
104406,2026-05-08,Paid Search,Google Ads - Brand,0,Visitor,0
103006,2026-03-25,Paid Search,Google Ads - Brand,0,Visitor,0
110065,2026-01-24,Referral,Partner Referral,0,Visitor,0
110104,2026-01-11,Referral,Customer Referral Program,0,Visitor,0
103255,2026-02-10,Paid Search,Google Ads - Brand,0,Visitor,0
100545,2026-01-23,Organic Search,SEO - Product Pages,12,MQL,0
105448,2026-04-18,Social Media,Facebook Ads,0,Visitor,0
104486,2026-04-23,Paid Search,Google Ads - Brand,0,Visitor,0
104947,2026-04-12,Paid Search,Google Ads - Brand,0,Visitor,0
105957,2026-03-28,Social Media,Facebook Ads,0,Visitor,0
106261,2026-04-16,Social Media,Facebook Ads,0,Visitor,0
106359,2026-03-14,Social Media,Facebook Ads,0,Visitor,0
105142,2026-05-26,Paid Search,Google Ads - Brand,0,Visitor,0
101895,2026-05-18,Organic Search,SEO - Product Pages,0,Visitor,0
109377,2026-01-22,Referral,Customer Referral Program,0,Visitor,0
103005,2026-05-08,Paid Search,Google Ads - Brand,0,Visitor,0
101899,2026-06-02,Organic Search,SEO - Blog,12,Customer,666
100833,2026-05-20,Organic Search,SEO - Blog,0,Visitor,0
106324,2026-05-12,Social Media,Instagram Ads,0,Visitor,0
108883,2026-04-01,Email,Newsletter,0,Visitor,0
110966,2026-04-18,Direct,Direct/None,0,Lead,0
108127,2026-03-06,Email,Newsletter,0,Visitor,0
101513,2026-04-13,Organic Search,SEO - Product Pages,12,MQL,0
106363,2026-05-17,Social Media,LinkedIn Ads,0,Visitor,0
107771,2026-04-04,Social Media,Facebook Ads,0,Visitor,0
111982,2026-01-26,Direct,Direct/None,0,Visitor,0
111378,2026-01-27,Direct,Direct/None,0,Visitor,0
103883,2026-03-15,Paid Search,Google Ads - Generic,0,Visitor,0
101076,2026-03-20,Organic Search,SEO - Product Pages,0,Visitor,0
111923,2026-02-25,Direct,Direct/None,0,Visitor,0
102203,2026-03-18,Organic Search,SEO - Product Pages,0,Visitor,0
107998,2026-03-15,Email,Product Drip Campaign,0,Visitor,0
106454,2026-04-06,Social Media,LinkedIn Ads,0,Visitor,0
102112,2026-02-02,Organic Search,SEO - Product Pages,0,Visitor,0
107890,2026-03-26,Social Media,Instagram Ads,0,Visitor,0
107063,2026-03-14,Social Media,Instagram Ads,0,Visitor,0
102603,2026-03-13,Organic Search,SEO - Product Pages,0,Visitor,0
107379,2026-02-02,Social Media,Instagram Ads,0,Visitor,0
108945,2026-05-05,Email,Product Drip Campaign,0,Visitor,0
107212,2026-02-18,Social Media,Instagram Ads,0,Visitor,0
101362,2026-04-15,Organic Search,SEO - Product Pages,12,Lead,0
102010,2026-03-29,Organic Search,SEO - Blog,12,Lead,0
101836,2026-05-18,Organic Search,SEO - Blog,0,Visitor,0
108556,2026-02-19,Email,Product Drip Campaign,8,SQL,0
102765,2026-04-23,Organic Search,SEO - Product Pages,0,Visitor,0
109328,2026-03-15,Referral,Customer Referral Program,5,SQL,0
106916,2026-02-21,Social Media,Facebook Ads,0,Visitor,0
103808,2026-05-14,Paid Search,Google Ads - Generic,48,Lead,0
106524,2026-03-27,Social Media,LinkedIn Ads,0,Visitor,0
101680,2026-05-31,Organic Search,SEO - Blog,0,Visitor,0
103590,2026-04-21,Paid Search,Google Ads - Brand,0,Visitor,0
102357,2026-03-10,Organic Search,SEO - Product Pages,0,Visitor,0
108664,2026-04-11,Email,Product Drip Campaign,0,Visitor,0
106617,2026-05-14,Social Media,LinkedIn Ads,0,Visitor,0
111600,2026-05-04,Direct,Direct/None,0,Visitor,0
104811,2026-04-13,Paid Search,Google Ads - Generic,0,Visitor,0
110898,2026-02-06,Direct,Direct/None,0,Visitor,0
102069,2026-05-26,Organic Search,SEO - Product Pages,0,Visitor,0
104390,2026-03-27,Paid Search,Google Ads - Generic,48,Lead,0
100880,2026-04-10,Organic Search,SEO - Blog,0,Visitor,0
106910,2026-04-25,Social Media,Facebook Ads,0,Visitor,0
111485,2026-04-01,Direct,Direct/None,0,Visitor,0
104960,2026-04-27,Paid Search,Google Ads - Brand,48,Customer,1473
108951,2026-03-22,Email,Newsletter,0,Visitor,0
103122,2026-06-02,Paid Search,Google Ads - Generic,0,Visitor,0
107096,2026-03-03,Social Media,Facebook Ads,0,Visitor,0
104479,2026-05-27,Paid Search,Google Ads - Generic,0,Visitor,0
106742,2026-03-15,Social Media,Facebook Ads,0,Visitor,0
109893,2026-03-27,Referral,Partner Referral,0,Visitor,0
101021,2026-03-11,Organic Search,SEO - Product Pages,0,Visitor,0
101074,2026-03-08,Organic Search,SEO - Blog,0,Visitor,0
105850,2026-03-27,Social Media,LinkedIn Ads,35,Lead,0
100059,2026-02-11,Organic Search,SEO - Blog,12,MQL,0
109442,2026-04-08,Referral,Partner Referral,0,Visitor,0
108479,2026-05-04,Email,Newsletter,0,Visitor,0
105335,2026-03-31,Social Media,LinkedIn Ads,0,Visitor,0
106790,2026-05-15,Social Media,Facebook Ads,0,Visitor,0
107558,2026-04-09,Social Media,LinkedIn Ads,0,Visitor,0
101069,2026-03-09,Organic Search,SEO - Blog,0,Visitor,0
109670,2026-03-30,Referral,Partner Referral,0,Visitor,0
109706,2026-05-31,Referral,Partner Referral,0,Visitor,0
104452,2026-03-19,Paid Search,Google Ads - Brand,0,Visitor,0
103069,2026-03-14,Paid Search,Google Ads - Brand,0,Visitor,0
105165,2026-03-01,Paid Search,Google Ads - Generic,0,Visitor,0
106292,2026-04-13,Social Media,Instagram Ads,0,Visitor,0
110772,2026-04-14,Direct,Direct/None,0,Visitor,0
111495,2026-05-30,Direct,Direct/None,0,SQL,0
104613,2026-03-09,Paid Search,Google Ads - Brand,48,Lead,0
108485,2026-02-26,Email,Newsletter,0,Visitor,0
103290,2026-03-31,Paid Search,Google Ads - Brand,0,Visitor,0
101800,2026-05-17,Organic Search,SEO - Product Pages,0,Visitor,0
111269,2026-04-18,Direct,Unknown / Untagged,0,Visitor,0
107879,2026-03-08,Social Media,Instagram Ads,0,Visitor,0
102501,2026-04-24,Organic Search,SEO - Blog,12,MQL,0
107243,2026-04-01,Social Media,LinkedIn Ads,0,Visitor,0
100915,2026-06-03,Organic Search,SEO - Product Pages,12,MQL,0
108020,2026-05-06,Email,Product Drip Campaign,8,SQL,0
104289,2026-04-15,Paid Search,Google Ads - Brand,0,Visitor,0
103796,2026-04-17,Paid Search,Google Ads - Brand,0,Visitor,0
103722,2026-03-28,Paid Search,Google Ads - Brand,0,Visitor,0
109929,2026-05-07,Referral,Customer Referral Program,5,Customer,1583
107561,2026-01-30,Social Media,LinkedIn Ads,0,Visitor,0
106275,2026-06-07,Social Media,Instagram Ads,0,Visitor,0
106056,2026-04-15,Social Media,Facebook Ads,0,Visitor,0
109920,2026-04-20,Referral,Customer Referral Program,0,Visitor,0
105615,2026-03-26,Social Media,LinkedIn Ads,0,Visitor,0
109496,2026-03-21,Referral,Partner Referral,5,Lead,0
101174,2026-04-26,Organic Search,SEO - Product Pages,0,Visitor,0
109625,2026-05-30,Referral,Partner Referral,5,SQL,0
109292,2026-04-14,Referral,Partner Referral,5,MQL,0
108599,2026-03-29,Email,Product Drip Campaign,0,Visitor,0
111345,2026-06-17,Direct,Direct/None,0,Visitor,0
111855,2026-02-11,Direct,Direct/None,0,Visitor,0
101406,2026-04-09,Organic Search,SEO - Product Pages,0,Visitor,0
108243,2026-04-01,Email,Newsletter,0,Visitor,0
108362,2026-02-21,Email,Product Drip Campaign,0,Visitor,0
102814,2026-03-09,Organic Search,SEO - Blog,12,MQL,0
100310,2026-04-21,Organic Search,SEO - Blog,0,Visitor,0
105509,2026-04-29,Social Media,Facebook Ads,0,Visitor,0
104091,2026-02-14,Paid Search,Google Ads - Generic,0,Visitor,0
108968,2026-04-18,Email,Product Drip Campaign,8,MQL,0
105671,2026-04-10,Social Media,Facebook Ads,0,Visitor,0
100368,2026-03-19,Organic Search,SEO - Blog,0,Visitor,0
100571,2026-02-13,Organic Search,SEO - Product Pages,0,Visitor,0
107612,2026-03-09,Social Media,Instagram Ads,0,Visitor,0
111799,2026-03-01,Direct,Direct/None,0,Visitor,0
101542,2026-03-17,Organic Search,SEO - Product Pages,12,Lead,0
108367,2026-04-14,Email,Product Drip Campaign,0,Visitor,0
104645,2026-04-19,Paid Search,Google Ads - Brand,0,Visitor,0
105366,2026-04-03,Social Media,LinkedIn Ads,0,Visitor,0
106128,2026-02-05,Social Media,LinkedIn Ads,0,Visitor,0
105042,2026-06-14,Paid Search,Google Ads - Generic,0,Visitor,0
108147,2026-06-01,Email,Newsletter,8,MQL,0
111115,2026-05-07,Direct,Direct/None,0,Visitor,0
100073,2026-04-19,Organic Search,SEO - Blog,0,Visitor,0
104830,2026-03-18,Paid Search,Google Ads - Brand,0,Visitor,0
105091,2026-05-08,Paid Search,Google Ads - Generic,0,Visitor,0
104859,2026-02-27,Paid Search,Google Ads - Generic,0,Visitor,0
107864,2026-03-14,Social Media,Unknown / Untagged,0,Visitor,0
106234,2026-06-02,Social Media,Facebook Ads,0,Visitor,0
104270,2026-04-02,Paid Search,Google Ads - Generic,0,Visitor,0
106953,2026-03-08,Social Media,Instagram Ads,35,MQL,0
111469,2026-04-30,Direct,Direct/None,0,Visitor,0
103737,2026-04-05,Paid Search,Google Ads - Brand,48,Lead,0
110835,2026-03-27,Direct,Direct/None,0,MQL,0
106949,2026-06-10,Social Media,Instagram Ads,0,Visitor,0
107055,2026-04-20,Social Media,Facebook Ads,0,Visitor,0
107284,2026-04-12,Social Media,Facebook Ads,0,Visitor,0
107272,2026-03-08,Social Media,LinkedIn Ads,35,MQL,0
101781,2026-05-11,Organic Search,SEO - Blog,0,Visitor,0
106448,2026-02-28,Social Media,LinkedIn Ads,0,Visitor,0
101535,2026-06-02,Organic Search,SEO - Product Pages,12,Customer,1020
103106,2026-06-26,Paid Search,Google Ads - Brand,48,Lead,0
103766,2026-04-18,Paid Search,Google Ads - Generic,48,Lead,0
104961,2026-03-02,Paid Search,Google Ads - Generic,48,SQL,0
103331,2026-03-26,Paid Search,Google Ads - Generic,0,Visitor,0
109835,2026-03-08,Referral,Partner Referral,5,Lead,0
110393,2026-03-03,Direct,Direct/None,0,Visitor,0
107773,2026-04-14,Social Media,Instagram Ads,0,Visitor,0
104395,2026-02-16,Paid Search,Google Ads - Generic,0,Visitor,0
105996,2026-03-24,Social Media,Facebook Ads,0,Visitor,0
103963,2026-03-14,Paid Search,Google Ads - Generic,48,MQL,0
104257,2026-03-31,Paid Search,Google Ads - Brand,0,Visitor,0
101785,2026-05-16,Organic Search,SEO - Product Pages,0,Visitor,0
107206,2026-04-13,Social Media,LinkedIn Ads,0,Visitor,0
101030,2026-05-16,Organic Search,SEO - Blog,0,Visitor,0
108712,2026-02-11,Email,Product Drip Campaign,0,Visitor,0
107211,2026-04-06,Social Media,Instagram Ads,0,Visitor,0
105320,2026-03-11,Social Media,LinkedIn Ads,0,Visitor,0
101915,2026-03-12,Organic Search,SEO - Product Pages,12,Lead,0
100239,2026-03-26,Organic Search,SEO - Product Pages,0,Visitor,0
107556,2026-05-10,Social Media,LinkedIn Ads,0,Visitor,0
109802,2026-04-30,Referral,Partner Referral,5,Customer,1067
110775,2026-06-10,Direct,Direct/None,0,Visitor,0
100396,2026-01-27,Organic Search,SEO - Product Pages,0,Visitor,0
104191,2026-04-03,Paid Search,Google Ads - Brand,0,Visitor,0
105882,2026-02-24,Social Media,LinkedIn Ads,0,Visitor,0
101984,2026-04-03,Organic Search,SEO - Blog,0,Visitor,0
101937,2026-02-22,Organic Search,SEO - Blog,0,Visitor,0
103365,2026-05-04,Paid Search,Google Ads - Generic,0,Visitor,0
110917,2026-06-15,Direct,Direct/None,0,Visitor,0
102619,2026-05-14,Organic Search,SEO - Blog,0,Visitor,0
101034,2026-01-26,Organic Search,SEO - Product Pages,12,MQL,0
100605,2026-05-31,Organic Search,SEO - Product Pages,0,Visitor,0
110282,2026-05-09,Direct,Direct/None,0,Visitor,0
109624,2026-03-04,Referral,Customer Referral Program,0,Visitor,0
107335,2026-04-25,Social Media,LinkedIn Ads,35,Lead,0
104903,2026-03-12,Paid Search,Google Ads - Generic,48,MQL,0
104209,2026-05-20,Paid Search,Google Ads - Brand,48,Lead,0
101322,2026-03-06,Organic Search,SEO - Product Pages,12,Lead,0
106168,2026-02-17,Social Media,LinkedIn Ads,0,Visitor,0
102577,2026-03-31,Organic Search,SEO - Blog,0,Visitor,0
111203,2026-03-13,Direct,Direct/None,0,Visitor,0
106915,2026-03-24,Social Media,Instagram Ads,35,Lead,0
105274,2026-01-21,Paid Search,Google Ads - Brand,0,Visitor,0
106689,2026-05-21,Social Media,LinkedIn Ads,0,Visitor,0
110584,2026-05-14,Direct,Direct/None,0,Visitor,0
103755,2026-04-30,Paid Search,Google Ads - Generic,0,Visitor,0
105667,2026-04-16,Social Media,LinkedIn Ads,0,Visitor,0
111418,2026-06-20,Direct,Direct/None,0,Visitor,0
103381,2026-03-12,Paid Search,Google Ads - Brand,0,Visitor,0
104319,2026-05-08,Paid Search,Google Ads - Brand,0,Visitor,0
111122,2026-03-29,Direct,Direct/None,0,Visitor,0
110629,2026-05-07,Direct,Direct/None,0,Visitor,0
107091,2026-02-11,Social Media,Instagram Ads,0,Visitor,0
103933,2026-04-26,Paid Search,Google Ads - Brand,48,MQL,0
101743,2026-06-05,Organic Search,SEO - Product Pages,0,Visitor,0
111427,2026-03-25,Direct,Direct/None,0,Visitor,0
110464,2026-04-06,Direct,Direct/None,0,Visitor,0
107457,2026-03-22,Social Media,Instagram Ads,0,Visitor,0
110514,2026-03-04,Direct,Direct/None,0,Lead,0
111416,2026-04-07,Direct,Direct/None,0,MQL,0
102842,2026-04-23,Organic Search,SEO - Product Pages,0,Visitor,0
110689,2026-01-02,Direct,Direct/None,0,Visitor,0
104210,2026-06-23,Paid Search,Google Ads - Brand,48,MQL,0
110567,2026-03-18,Direct,Direct/None,0,Visitor,0
108220,2026-02-22,Email,Newsletter,0,Visitor,0
107276,2026-02-15,Social Media,LinkedIn Ads,0,Visitor,0
103569,2026-05-20,Paid Search,Google Ads - Generic,48,Lead,0
107897,2026-05-12,Social Media,Facebook Ads,0,Visitor,0
106493,2026-02-23,Social Media,Facebook Ads,0,Visitor,0
102177,2026-05-16,Organic Search,SEO - Blog,0,Visitor,0
104622,2026-04-07,Paid Search,Google Ads - Brand,0,Visitor,0
102522,2026-03-13,Organic Search,SEO - Product Pages,0,Visitor,0
109800,2026-02-20,Referral,Customer Referral Program,0,Visitor,0
111724,2026-04-17,Direct,Direct/None,0,Visitor,0
109416,2026-03-22,Referral,Partner Referral,0,Visitor,0
102445,2026-05-18,Organic Search,SEO - Blog,0,Visitor,0
107605,2026-03-03,Social Media,Instagram Ads,0,Visitor,0
103313,2026-05-11,Paid Search,Google Ads - Generic,0,Visitor,0
109709,2026-01-22,Referral,Partner Referral,5,Lead,0
105792,2026-03-03,Social Media,Instagram Ads,0,Visitor,0
107036,2026-03-20,Social Media,Facebook Ads,0,Visitor,0
109819,2026-04-08,Referral,Partner Referral,0,Visitor,0
109457,2026-02-20,Referral,Partner Referral,0,Visitor,0
101965,2026-03-14,Organic Search,SEO - Product Pages,0,Visitor,0
100878,2026-05-15,Organic Search,SEO - Blog,0,Visitor,0
111260,2026-05-12,Direct,Direct/None,0,Customer,888
111906,2026-04-02,Direct,Direct/None,0,Visitor,0
105736,2026-03-04,Social Media,LinkedIn Ads,0,Visitor,0
104110,2026-04-08,Paid Search,Google Ads - Brand,0,Visitor,0
100482,2026-01-21,Organic Search,SEO - Blog,0,Visitor,0
111443,2026-05-23,Direct,Direct/None,0,Visitor,0
108465,2026-03-12,Email,Product Drip Campaign,8,SQL,0
107314,2026-05-14,Social Media,LinkedIn Ads,0,Visitor,0
106521,2026-05-31,Social Media,Facebook Ads,0,Visitor,0
111591,2026-05-20,Direct,Direct/None,0,Visitor,0
106648,2026-04-17,Social Media,LinkedIn Ads,0,Visitor,0
102919,2026-02-05,Paid Search,Google Ads - Generic,0,Visitor,0
104042,2026-01-17,Paid Search,Google Ads - Generic,48,Lead,0
111817,2026-02-15,Direct,Direct/None,0,MQL,0
104996,2026-04-14,Paid Search,Google Ads - Brand,0,Visitor,0
109134,2026-06-02,Referral,Partner Referral,5,MQL,0
111679,2026-01-13,Direct,Direct/None,0,Visitor,0
111771,2026-04-25,Direct,Direct/None,0,Lead,0
108481,2026-02-21,Email,Newsletter,0,Visitor,0
107398,2026-03-17,Social Media,LinkedIn Ads,0,Visitor,0
110938,2026-04-12,Direct,Direct/None,0,Visitor,0
110952,2026-02-28,Direct,Direct/None,0,Visitor,0
101810,2026-03-19,Organic Search,SEO - Blog,0,Visitor,0
106318,2026-04-24,Social Media,LinkedIn Ads,0,Visitor,0
109358,2026-04-14,Referral,Customer Referral Program,5,Lead,0
100205,2026-03-06,Organic Search,SEO - Product Pages,0,Visitor,0
103510,2026-01-21,Paid Search,Google Ads - Generic,0,Visitor,0
101163,2026-04-19,Organic Search,Unknown / Untagged,0,Visitor,0
106775,2026-02-15,Social Media,Instagram Ads,0,Visitor,0
109793,2026-04-24,Referral,Partner Referral,0,Visitor,0
100087,2026-06-05,Organic Search,SEO - Blog,0,Visitor,0
105966,2026-04-03,Social Media,Instagram Ads,0,Visitor,0
110151,2026-04-09,Referral,Partner Referral,5,Lead,0
102208,2026-04-12,Organic Search,SEO - Product Pages,0,Visitor,0
103047,2026-04-27,Paid Search,Google Ads - Brand,48,Lead,0
107748,2026-03-29,Social Media,Instagram Ads,0,Visitor,0
104718,2026-05-13,Paid Search,Google Ads - Brand,48,SQL,0
105910,2026-05-23,Social Media,Instagram Ads,35,Lead,0
109971,2026-04-18,Referral,Partner Referral,5,MQL,0
110476,2026-04-10,Direct,Direct/None,0,Visitor,0
108557,2026-04-23,Email,Product Drip Campaign,0,Visitor,0
103981,2026-03-19,Paid Search,Google Ads - Brand,0,Visitor,0
110019,2026-04-16,Referral,Customer Referral Program,5,Lead,0
110842,2026-01-14,Direct,Direct/None,0,Visitor,0
109485,2026-04-10,Referral,Partner Referral,5,SQL,0
103976,2026-03-12,Paid Search,Google Ads - Generic,0,Visitor,0
107680,2026-05-27,Social Media,Instagram Ads,0,Visitor,0
108546,2026-04-15,Email,Product Drip Campaign,0,Visitor,0
110924,2026-06-17,Direct,Direct/None,0,Visitor,0
101000,2026-02-16,Organic Search,SEO - Product Pages,0,Visitor,0
103173,2026-03-24,Paid Search,Google Ads - Brand,0,Visitor,0
109229,2026-04-02,Referral,Partner Referral,0,Visitor,0
111084,2026-06-04,Direct,Direct/None,0,Visitor,0
105185,2026-05-07,Paid Search,Google Ads - Brand,0,Visitor,0
109529,2026-02-03,Referral,Customer Referral Program,5,MQL,0
100996,2026-04-15,Organic Search,SEO - Product Pages,0,Visitor,0
108413,2026-06-11,Email,Product Drip Campaign,8,Lead,0
102402,2026-03-18,Organic Search,SEO - Blog,0,Visitor,0
111608,2026-03-21,Direct,Direct/None,0,Visitor,0
110804,2026-05-25,Direct,Direct/None,0,Visitor,0
101045,2026-03-08,Organic Search,SEO - Blog,0,Visitor,0
103822,2026-02-05,Paid Search,Google Ads - Generic,0,Visitor,0
108442,2026-06-07,Email,Product Drip Campaign,0,Visitor,0
102008,2026-05-18,Organic Search,SEO - Product Pages,0,Visitor,0
105289,2026-03-21,Social Media,Facebook Ads,0,Visitor,0
110457,2026-05-14,Direct,Direct/None,0,SQL,0
104660,2026-05-01,Paid Search,Google Ads - Generic,0,Visitor,0
110507,2026-06-01,Direct,Direct/None,0,MQL,0
103467,2026-05-10,Paid Search,Google Ads - Brand,0,Visitor,0
107215,2026-04-06,Social Media,LinkedIn Ads,0,Visitor,0
110549,2026-04-09,Direct,Direct/None,0,Visitor,0
104482,2026-04-25,Paid Search,Google Ads - Brand,0,Visitor,0
107493,2026-05-27,Social Media,Instagram Ads,0,Visitor,0
110563,2026-01-12,Direct,Direct/None,0,Visitor,0
104619,2026-06-03,Paid Search,Google Ads - Brand,48,MQL,0
100592,2026-01-05,Organic Search,SEO - Product Pages,0,Visitor,0
110696,2026-03-23,Direct,Direct/None,0,Lead,0
102226,2026-01-05,Organic Search,SEO - Blog,0,Visitor,0
100519,2026-01-10,Organic Search,SEO - Product Pages,0,Visitor,0
107871,2026-02-02,Social Media,Facebook Ads,0,Visitor,0
105685,2026-06-18,Social Media,Unknown / Untagged,0,Visitor,0
104692,2026-05-05,Paid Search,Google Ads - Generic,0,Visitor,0
103105,2026-02-22,Paid Search,Google Ads - Generic,48,MQL,0
110943,2026-02-01,Direct,Direct/None,0,Customer,893
104063,2026-05-04,Paid Search,Google Ads - Generic,48,Lead,0
106604,2026-04-05,Social Media,Facebook Ads,0,Visitor,0
105983,2026-03-16,Social Media,Facebook Ads,0,Visitor,0
101651,2026-03-05,Organic Search,Unknown / Untagged,0,Visitor,0
106057,2026-03-09,Social Media,LinkedIn Ads,0,Visitor,0
111749,2026-03-22,Direct,Direct/None,0,SQL,0
109467,2026-06-24,Referral,Customer Referral Program,0,Visitor,0
101817,2026-04-21,Organic Search,SEO - Blog,0,Visitor,0
104852,2026-06-24,Paid Search,Google Ads - Brand,48,MQL,0
106899,2026-04-26,Social Media,LinkedIn Ads,0,Visitor,0
102635,2026-03-22,Organic Search,SEO - Blog,12,MQL,0
101328,2026-05-30,Organic Search,SEO - Product Pages,12,MQL,0
104736,2026-02-02,Paid Search,Google Ads - Brand,0,Visitor,0
101054,2026-04-07,Organic Search,SEO - Blog,0,Visitor,0
100044,2026-03-14,Organic Search,SEO - Blog,0,Visitor,0
100008,2026-03-30,Organic Search,SEO - Product Pages,0,Visitor,0
108673,2026-05-16,Email,Newsletter,0,Visitor,0
107907,2026-03-20,Social Media,Instagram Ads,0,Visitor,0
105591,2026-05-13,Social Media,Instagram Ads,0,Visitor,0
100472,2026-04-20,Organic Search,SEO - Blog,0,Visitor,0
102323,2026-02-07,Organic Search,SEO - Blog,0,Visitor,0
108092,2026-04-13,Email,Newsletter,0,Visitor,0
107644,2026-06-17,Social Media,Facebook Ads,0,Visitor,0
108847,2026-05-11,Email,Product Drip Campaign,0,Visitor,0
111532,2026-04-17,Direct,Direct/None,0,Visitor,0
104405,2026-05-06,Paid Search,Google Ads - Brand,0,Visitor,0
100465,2026-02-22,Organic Search,SEO - Product Pages,0,Visitor,0
104564,2026-04-20,Paid Search,Google Ads - Generic,48,Lead,0
101692,2026-04-06,Organic Search,SEO - Blog,0,Visitor,0
108890,2026-03-08,Email,Newsletter,0,Visitor,0
102231,2026-03-24,Organic Search,SEO - Blog,12,MQL,0
107580,2026-03-22,Social Media,LinkedIn Ads,0,Visitor,0
108258,2026-03-21,Email,Newsletter,0,Visitor,0
101349,2026-04-24,Organic Search,SEO - Product Pages,0,Visitor,0
102481,2026-05-27,Organic Search,SEO - Product Pages,12,Lead,0
105529,2026-03-05,Social Media,Instagram Ads,0,Visitor,0
102150,2026-04-09,Organic Search,SEO - Blog,12,Lead,0
102097,2026-03-31,Organic Search,SEO - Product Pages,0,Visitor,0
106189,2026-03-30,Social Media,Facebook Ads,0,Visitor,0
105092,2026-06-03,Paid Search,Google Ads - Brand,0,Visitor,0
106468,2026-03-08,Social Media,LinkedIn Ads,0,Visitor,0
110213,2026-01-31,Direct,Direct/None,0,Visitor,0
107234,2026-03-25,Social Media,Instagram Ads,0,Visitor,0
106206,2026-03-18,Social Media,LinkedIn Ads,0,Visitor,0
110300,2026-02-28,Direct,Direct/None,0,Visitor,0
104226,2026-03-25,Paid Search,Google Ads - Brand,0,Visitor,0
104137,2026-02-16,Paid Search,Google Ads - Generic,48,MQL,0
100850,2026-02-10,Organic Search,SEO - Blog,12,MQL,0
101822,2026-02-21,Organic Search,SEO - Product Pages,0,Visitor,0
100418,2026-02-15,Organic Search,SEO - Blog,0,Visitor,0
103719,2026-02-24,Paid Search,Google Ads - Brand,0,Visitor,0
110478,2026-04-12,Direct,Direct/None,0,Visitor,0
110618,2026-02-25,Direct,Direct/None,0,Visitor,0
104174,2026-02-17,Paid Search,Google Ads - Generic,0,Visitor,0
101923,2026-06-22,Organic Search,SEO - Blog,0,Visitor,0
111359,2026-02-16,Direct,Direct/None,0,Visitor,0
111661,2026-05-09,Direct,Direct/None,0,Visitor,0
105490,2026-04-15,Social Media,LinkedIn Ads,0,Visitor,0
103762,2026-05-19,Paid Search,Google Ads - Generic,48,Lead,0
109712,2026-04-08,Referral,Customer Referral Program,5,MQL,0
102103,2026-05-05,Organic Search,SEO - Product Pages,0,Visitor,0
110646,2026-05-27,Direct,Direct/None,0,Visitor,0
111678,2026-03-15,Direct,Direct/None,0,Visitor,0
104156,2026-01-21,Paid Search,Google Ads - Brand,0,Visitor,0
102233,2026-04-29,Organic Search,SEO - Product Pages,0,Visitor,0
111435,2026-04-05,Direct,Direct/None,0,Visitor,0
109674,2026-05-23,Referral,Partner Referral,5,SQL,0
108575,2026-05-07,Email,Newsletter,0,Visitor,0
111652,2026-03-13,Direct,Direct/None,0,Visitor,0
106302,2026-02-18,Social Media,LinkedIn Ads,0,Visitor,0
104932,2026-04-30,Paid Search,Google Ads - Brand,0,Visitor,0
100030,2026-04-25,Organic Search,SEO - Product Pages,0,Visitor,0
108514,2026-04-05,Email,Product Drip Campaign,0,Visitor,0
101824,2026-05-01,Organic Search,SEO - Product Pages,12,SQL,0
106921,2026-04-10,Social Media,Facebook Ads,0,Visitor,0
103698,2026-03-08,Paid Search,Google Ads - Generic,0,Visitor,0
110153,2026-02-23,Referral,Partner Referral,0,Visitor,0
103685,2026-06-05,Paid Search,Google Ads - Brand,0,Visitor,0
103345,2026-05-17,Paid Search,Google Ads - Generic,0,Visitor,0
105969,2026-04-11,Social Media,Instagram Ads,35,SQL,0
107994,2026-04-12,Email,Newsletter,0,Visitor,0
110473,2026-04-05,Direct,Direct/None,0,Visitor,0
108772,2026-04-19,Email,Newsletter,0,Visitor,0
109130,2026-04-27,Referral,Partner Referral,0,Visitor,0
110608,2026-05-27,Direct,Direct/None,0,Customer,1716
106512,2026-05-23,Social Media,Instagram Ads,0,Visitor,0
103281,2026-05-17,Paid Search,Google Ads - Generic,0,Visitor,0
106390,2026-03-30,Social Media,LinkedIn Ads,0,Visitor,0
102948,2026-02-27,Paid Search,Google Ads - Brand,0,Visitor,0
103168,2026-04-03,Paid Search,Google Ads - Generic,48,MQL,0
108290,2026-04-05,Email,Newsletter,0,Visitor,0
107005,2026-03-10,Social Media,Facebook Ads,0,Visitor,0
102413,2026-05-06,Organic Search,SEO - Blog,0,Visitor,0
106309,2026-05-03,Social Media,Facebook Ads,0,Visitor,0
102246,2026-01-27,Organic Search,SEO - Product Pages,0,Visitor,0
107585,2026-04-22,Social Media,Instagram Ads,0,Visitor,0
104607,2026-02-10,Paid Search,Google Ads - Generic,48,MQL,0
100448,2026-05-19,Organic Search,SEO - Product Pages,0,Visitor,0
105773,2026-03-02,Social Media,LinkedIn Ads,0,Visitor,0
105994,2026-03-12,Social Media,LinkedIn Ads,0,Visitor,0
106965,2026-05-28,Social Media,Instagram Ads,0,Visitor,0
100015,2026-04-03,Organic Search,SEO - Blog,0,Visitor,0
104394,2026-02-06,Paid Search,Google Ads - Generic,0,Visitor,0
110954,2026-01-28,Direct,Direct/None,0,Visitor,0
109408,2026-04-25,Referral,Customer Referral Program,0,Visitor,0
105664,2026-03-15,Social Media,Instagram Ads,0,Visitor,0
105505,2026-01-26,Social Media,Instagram Ads,35,MQL,0
103795,2026-05-15,Paid Search,Google Ads - Generic,48,Lead,0
106227,2026-04-17,Social Media,Instagram Ads,0,Visitor,0
108171,2026-05-01,Email,Product Drip Campaign,8,Lead,0
111575,2026-05-03,Direct,Direct/None,0,SQL,0
102343,2026-03-02,Organic Search,SEO - Blog,0,Visitor,0
100287,2026-06-03,Organic Search,SEO - Product Pages,0,Visitor,0
103844,2026-06-12,Paid Search,Google Ads - Generic,0,Visitor,0
104219,2026-03-23,Paid Search,Unknown / Untagged,0,Visitor,0
102313,2026-05-01,Organic Search,SEO - Blog,0,Visitor,0
108972,2026-03-30,Email,Product Drip Campaign,0,Visitor,0
105751,2026-03-14,Social Media,LinkedIn Ads,0,Visitor,0
107271,2026-03-23,Social Media,LinkedIn Ads,0,Visitor,0
111714,2026-05-09,Direct,Direct/None,0,Visitor,0
104020,2026-04-16,Paid Search,Google Ads - Brand,0,Visitor,0
102053,2026-05-24,Organic Search,SEO - Blog,0,Visitor,0
110321,2026-03-10,Direct,Direct/None,0,Visitor,0
106661,2026-04-17,Social Media,LinkedIn Ads,0,Visitor,0
105005,2026-02-05,Paid Search,Google Ads - Brand,48,SQL,0
104447,2026-03-07,Paid Search,Google Ads - Generic,0,Visitor,0
111411,2026-05-09,Direct,Direct/None,0,Visitor,0
100166,2026-03-12,Organic Search,SEO - Product Pages,0,Visitor,0
111251,2026-04-28,Direct,Direct/None,0,Visitor,0
108853,2026-06-10,Email,Product Drip Campaign,8,Lead,0
106392,2026-03-05,Social Media,Instagram Ads,0,Visitor,0
101340,2026-02-11,Organic Search,SEO - Product Pages,0,Visitor,0
107044,2026-01-31,Social Media,Facebook Ads,0,Visitor,0
101139,2026-02-03,Organic Search,SEO - Product Pages,12,SQL,0
106303,2026-05-14,Social Media,LinkedIn Ads,0,Visitor,0
107754,2026-03-28,Social Media,Facebook Ads,0,Visitor,0
110845,2026-05-17,Direct,Direct/None,0,Visitor,0
102189,2026-04-29,Organic Search,SEO - Blog,0,Visitor,0
103974,2026-05-03,Paid Search,Google Ads - Generic,0,Visitor,0
105229,2026-03-10,Paid Search,Google Ads - Generic,0,Visitor,0
100300,2026-05-29,Organic Search,SEO - Blog,0,Visitor,0
111873,2026-03-01,Direct,Direct/None,0,Lead,0
106542,2026-05-07,Social Media,LinkedIn Ads,0,Visitor,0
101616,2026-05-27,Organic Search,SEO - Product Pages,0,Visitor,0
105328,2026-03-14,Social Media,Instagram Ads,0,Visitor,0
110794,2026-02-21,Direct,Direct/None,0,Visitor,0
105660,2026-04-18,Social Media,LinkedIn Ads,0,Visitor,0
109326,2026-06-10,Referral,Partner Referral,0,Visitor,0
103082,2026-05-25,Paid Search,Google Ads - Generic,0,Visitor,0
103143,2026-03-19,Paid Search,Google Ads - Brand,0,Visitor,0
106067,2026-05-18,Social Media,Facebook Ads,0,Visitor,0
109241,2026-04-27,Referral,Customer Referral Program,0,Visitor,0
101428,2026-06-03,Organic Search,SEO - Blog,0,Visitor,0
105244,2026-04-13,Paid Search,Google Ads - Brand,0,Visitor,0
105625,2026-04-12,Social Media,Instagram Ads,0,Visitor,0
104149,2026-01-23,Paid Search,Google Ads - Generic,0,Visitor,0
100847,2026-05-27,Organic Search,SEO - Blog,12,MQL,0
108444,2026-04-21,Email,Newsletter,0,Visitor,0
103035,2026-04-24,Paid Search,Google Ads - Brand,0,Visitor,0
109220,2026-02-12,Referral,Customer Referral Program,0,Visitor,0
111465,2026-02-23,Direct,Direct/None,0,Visitor,0
108999,2026-04-12,Email,Product Drip Campaign,8,MQL,0
109745,2026-06-05,Referral,Customer Referral Program,5,Customer,912
100032,2026-06-10,Organic Search,SEO - Blog,0,Visitor,0
108908,2026-04-25,Email,Newsletter,8,Lead,0
100812,2026-04-08,Organic Search,SEO - Blog,12,Lead,0
110990,2026-04-11,Direct,Direct/None,0,Visitor,0
101485,2026-06-03,Organic Search,SEO - Blog,0,Visitor,0
103460,2026-01-21,Paid Search,Google Ads - Brand,0,Visitor,0
109237,2026-04-09,Referral,Partner Referral,0,Visitor,0
105856,2026-06-05,Social Media,Facebook Ads,0,Visitor,0
102145,2026-03-04,Organic Search,SEO - Product Pages,0,Visitor,0
111518,2026-03-31,Direct,Direct/None,0,Lead,0
106453,2026-04-15,Social Media,Facebook Ads,0,Visitor,0
103192,2026-05-15,Paid Search,Google Ads - Brand,0,Visitor,0
110889,2026-03-20,Direct,Direct/None,0,Visitor,0
108767,2026-04-09,Email,Product Drip Campaign,0,Visitor,0
107811,2026-03-22,Social Media,Facebook Ads,0,Visitor,0
100331,2026-04-03,Organic Search,SEO - Product Pages,0,Visitor,0
111707,2026-02-27,Direct,Direct/None,0,Lead,0
103511,2026-03-24,Paid Search,Google Ads - Generic,0,Visitor,0
111741,2026-03-03,Direct,Direct/None,0,Visitor,0
105612,2026-04-30,Social Media,Instagram Ads,0,Visitor,0
109054,2026-04-15,Email,Newsletter,0,Visitor,0
106875,2026-01-25,Social Media,Facebook Ads,35,Lead,0
101199,2026-05-04,Organic Search,SEO - Blog,0,Visitor,0
105208,2026-05-10,Paid Search,Google Ads - Brand,0,Visitor,0
104424,2026-03-29,Paid Search,Google Ads - Generic,48,SQL,0
103952,2026-03-25,Paid Search,Google Ads - Generic,0,Visitor,0
101089,2026-04-01,Organic Search,SEO - Product Pages,0,Visitor,0
110886,2026-02-17,Direct,Direct/None,0,Visitor,0
102516,2026-04-29,Organic Search,SEO - Blog,0,Visitor,0
108196,2026-02-02,Email,Newsletter,8,Lead,0
103725,2026-05-07,Paid Search,Google Ads - Generic,0,Visitor,0
104041,2026-06-03,Paid Search,Google Ads - Generic,0,Visitor,0
107924,2026-04-22,Email,Product Drip Campaign,0,Visitor,0
102460,2026-03-26,Organic Search,SEO - Product Pages,0,Visitor,0
100550,2026-03-27,Organic Search,SEO - Product Pages,0,Visitor,0
111156,2026-05-06,Direct,Direct/None,0,Visitor,0
105582,2026-02-01,Social Media,Facebook Ads,0,Visitor,0
102301,2026-06-02,Organic Search,SEO - Product Pages,0,Visitor,0
104361,2026-06-09,Paid Search,Google Ads - Generic,0,Visitor,0
103096,2026-03-31,Paid Search,Google Ads - Brand,48,Lead,0
109664,2026-03-01,Referral,Customer Referral Program,5,SQL,0
109427,2026-05-19,Referral,Partner Referral,5,Lead,0
109347,2026-02-05,Referral,Customer Referral Program,0,Visitor,0
109594,2026-05-14,Referral,Customer Referral Program,0,Visitor,0
110266,2026-05-06,Direct,Direct/None,0,Visitor,0
108093,2026-03-03,Email,Newsletter,0,Visitor,0
100919,2026-03-17,Organic Search,SEO - Product Pages,0,Visitor,0
105161,2026-04-24,Paid Search,Google Ads - Brand,0,Visitor,0
109816,2026-06-23,Referral,Customer Referral Program,0,Visitor,0
110756,2026-01-29,Direct,Direct/None,0,Visitor,0
102602,2026-03-21,Organic Search,SEO - Blog,0,Visitor,0
103634,2026-04-04,Paid Search,Google Ads - Generic,0,Visitor,0
110014,2026-05-21,Referral,Partner Referral,0,Visitor,0
108660,2026-05-21,Email,Newsletter,0,Visitor,0
105098,2026-03-02,Paid Search,Google Ads - Brand,0,Visitor,0
109685,2026-03-31,Referral,Partner Referral,0,Visitor,0
104631,2026-05-19,Paid Search,Google Ads - Brand,0,Visitor,0
111519,2026-05-25,Direct,Direct/None,0,Visitor,0
111872,2026-06-05,Direct,Direct/None,0,Visitor,0
104171,2026-01-27,Paid Search,Google Ads - Generic,48,MQL,0
101889,2026-02-10,Organic Search,SEO - Blog,0,Visitor,0
110714,2026-02-14,Direct,Direct/None,0,Visitor,0
105806,2026-05-23,Social Media,LinkedIn Ads,0,Visitor,0
104862,2026-02-07,Paid Search,Google Ads - Generic,0,Visitor,0
106121,2026-05-12,Social Media,LinkedIn Ads,0,Visitor,0
110513,2026-04-28,Direct,Direct/None,0,MQL,0
108214,2026-03-18,Email,Product Drip Campaign,0,Visitor,0
101205,2026-05-23,Organic Search,SEO - Blog,0,Visitor,0
106525,2026-05-07,Social Media,Facebook Ads,0,Visitor,0
102674,2026-04-19,Organic Search,SEO - Blog,0,Visitor,0
105626,2026-04-24,Social Media,Facebook Ads,0,Visitor,0
107358,2026-04-10,Social Media,Facebook Ads,0,Visitor,0
109507,2026-01-16,Referral,Partner Referral,0,Visitor,0
106632,2026-02-28,Social Media,LinkedIn Ads,0,Visitor,0
109240,2026-05-16,Referral,Customer Referral Program,5,MQL,0
103248,2026-05-14,Paid Search,Google Ads - Generic,0,Visitor,0
111597,2026-04-30,Direct,Direct/None,0,MQL,0
104391,2026-03-02,Paid Search,Google Ads - Brand,0,Visitor,0
106074,2026-02-10,Social Media,Facebook Ads,0,Visitor,0
110290,2026-05-13,Direct,Direct/None,0,Visitor,0
100811,2026-02-05,Organic Search,SEO - Product Pages,0,Visitor,0
106786,2026-04-21,Social Media,Facebook Ads,0,Visitor,0
101369,2026-06-10,Organic Search,SEO - Blog,0,Visitor,0
101521,2026-01-21,Organic Search,SEO - Product Pages,0,Visitor,0
111711,2026-05-23,Direct,Direct/None,0,Visitor,0
101206,2026-05-05,Organic Search,SEO - Product Pages,0,Visitor,0
107239,2026-05-15,Social Media,Instagram Ads,0,Visitor,0
102333,2026-03-31,Organic Search,SEO - Blog,0,Visitor,0
104035,2026-02-17,Paid Search,Google Ads - Generic,0,Visitor,0
103850,2026-04-08,Paid Search,Google Ads - Generic,0,Visitor,0
104227,2026-05-11,Paid Search,Google Ads - Generic,0,Visitor,0
109148,2026-04-17,Referral,Partner Referral,0,Visitor,0
100860,2026-04-23,Organic Search,SEO - Blog,0,Visitor,0
102034,2026-03-19,Organic Search,SEO - Blog,0,Visitor,0
101316,2026-05-05,Organic Search,SEO - Product Pages,0,Visitor,0
108499,2026-04-02,Email,Newsletter,0,Visitor,0
107123,2026-03-17,Social Media,Instagram Ads,0,Visitor,0
104720,2026-04-16,Paid Search,Google Ads - Brand,48,Lead,0
107639,2026-02-09,Social Media,LinkedIn Ads,0,Visitor,0
104785,2026-04-02,Paid Search,Google Ads - Brand,0,Visitor,0
100056,2026-02-09,Organic Search,SEO - Product Pages,0,Visitor,0
101367,2026-03-17,Organic Search,SEO - Blog,0,Visitor,0
107294,2026-04-24,Social Media,LinkedIn Ads,0,Visitor,0
103925,2026-03-06,Paid Search,Google Ads - Generic,48,Lead,0
107505,2026-03-29,Social Media,Facebook Ads,0,Visitor,0
102507,2026-04-06,Organic Search,SEO - Product Pages,0,Visitor,0
107200,2026-04-26,Social Media,Facebook Ads,0,Visitor,0
105876,2026-02-12,Social Media,Facebook Ads,0,Visitor,0
107459,2026-02-07,Social Media,Instagram Ads,0,Visitor,0
108655,2026-01-15,Email,Newsletter,0,Visitor,0
101574,2026-03-03,Organic Search,SEO - Blog,0,Visitor,0
104889,2026-03-30,Paid Search,Google Ads - Generic,0,Visitor,0
100309,2026-05-24,Organic Search,SEO - Product Pages,0,Visitor,0
106508,2026-04-13,Social Media,Instagram Ads,0,Visitor,0
100580,2026-03-13,Organic Search,SEO - Blog,0,Visitor,0
101706,2026-02-07,Organic Search,SEO - Blog,0,Visitor,0
107277,2026-04-02,Social Media,LinkedIn Ads,0,Visitor,0
106652,2026-05-01,Social Media,LinkedIn Ads,0,Visitor,0
105108,2026-02-18,Paid Search,Google Ads - Brand,0,Visitor,0
110531,2026-02-27,Direct,Direct/None,0,Visitor,0
102995,2026-05-08,Paid Search,Google Ads - Generic,0,Visitor,0
107179,2026-06-18,Social Media,Instagram Ads,0,Visitor,0
105131,2026-06-20,Paid Search,Google Ads - Generic,0,Visitor,0
105901,2026-02-24,Social Media,Facebook Ads,0,Visitor,0
110230,2026-04-05,Direct,Direct/None,0,Visitor,0
100697,2026-04-22,Organic Search,SEO - Product Pages,12,MQL,0
106478,2026-05-05,Social Media,Instagram Ads,0,Visitor,0
106956,2026-05-02,Social Media,LinkedIn Ads,0,Visitor,0
106333,2026-06-18,Social Media,Facebook Ads,0,Visitor,0
109145,2026-04-06,Referral,Customer Referral Program,5,MQL,0
109063,2026-03-28,Email,Product Drip Campaign,8,MQL,0
111699,2026-01-18,Direct,Direct/None,0,Visitor,0
111963,2026-03-03,Direct,Direct/None,0,Visitor,0
110318,2026-03-12,Direct,Direct/None,0,Visitor,0
109169,2026-02-16,Referral,Partner Referral,5,Customer,1350
107064,2026-03-14,Social Media,Facebook Ads,0,Visitor,0
105804,2026-02-28,Social Media,LinkedIn Ads,0,Visitor,0
100958,2026-02-01,Organic Search,SEO - Product Pages,0,Visitor,0
105915,2026-05-25,Social Media,Facebook Ads,0,Visitor,0
107007,2026-03-29,Social Media,Facebook Ads,0,Visitor,0
105270,2026-03-06,Paid Search,Google Ads - Generic,0,Visitor,0
109533,2026-05-25,Referral,Partner Referral,0,Visitor,0
106072,2026-01-11,Social Media,Facebook Ads,0,Visitor,0
110015,2026-05-16,Referral,Partner Referral,0,Visitor,0
110122,2026-03-10,Referral,Customer Referral Program,5,Customer,1922
100354,2026-02-24,Organic Search,SEO - Blog,0,Visitor,0
104828,2026-03-04,Paid Search,Google Ads - Brand,48,MQL,0
109638,2026-02-03,Referral,Partner Referral,5,MQL,0
104799,2026-03-12,Paid Search,Google Ads - Generic,48,Lead,0
111620,2026-03-05,Direct,Direct/None,0,Visitor,0
106759,2026-04-04,Social Media,LinkedIn Ads,0,Visitor,0
111740,2026-05-03,Direct,Direct/None,0,Visitor,0
110470,2026-03-11,Direct,Direct/None,0,Visitor,0
107282,2026-05-27,Social Media,Instagram Ads,0,Visitor,0
109578,2026-04-28,Referral,Customer Referral Program,5,MQL,0
103247,2026-05-04,Paid Search,Google Ads - Brand,48,Lead,0
100502,2026-03-30,Organic Search,SEO - Blog,0,Visitor,0
111271,2026-01-25,Direct,Direct/None,0,Visitor,0
109441,2026-04-27,Referral,Customer Referral Program,5,SQL,0
111688,2026-05-28,Direct,Direct/None,0,Visitor,0
101008,2026-03-29,Organic Search,SEO - Product Pages,0,Visitor,0
107153,2026-05-23,Social Media,Instagram Ads,35,SQL,0
102172,2026-05-17,Organic Search,SEO - Blog,0,Visitor,0
105384,2026-04-07,Social Media,Facebook Ads,0,Visitor,0
104465,2026-06-03,Paid Search,Google Ads - Generic,0,Visitor,0
111632,2026-03-06,Direct,Direct/None,0,Visitor,0
110307,2026-04-16,Direct,Direct/None,0,Visitor,0
101319,2026-02-01,Organic Search,SEO - Product Pages,0,Visitor,0
104590,2026-05-20,Paid Search,Google Ads - Brand,0,Visitor,0
104430,2026-01-18,Paid Search,Google Ads - Generic,0,Visitor,0
101476,2026-04-08,Organic Search,SEO - Product Pages,0,Visitor,0
108872,2026-04-21,Email,Newsletter,0,Visitor,0
106933,2026-04-25,Social Media,Facebook Ads,35,MQL,0
105318,2026-04-14,Social Media,Instagram Ads,0,Visitor,0
108039,2026-05-07,Email,Product Drip Campaign,0,Visitor,0
110741,2026-02-23,Direct,Direct/None,0,Visitor,0
108573,2026-03-09,Email,Newsletter,0,Visitor,0
110985,2026-02-26,Direct,Direct/None,0,Visitor,0
105832,2026-04-30,Social Media,Facebook Ads,0,Visitor,0
104164,2026-04-02,Paid Search,Google Ads - Brand,0,Visitor,0
110075,2026-05-12,Referral,Customer Referral Program,5,MQL,0
108670,2026-05-15,Email,Product Drip Campaign,0,Visitor,0
108096,2026-02-11,Email,Newsletter,0,Visitor,0
101614,2026-03-03,Organic Search,SEO - Product Pages,0,Visitor,0
105269,2026-04-26,Paid Search,Google Ads - Brand,0,Visitor,0
100426,2026-02-19,Organic Search,SEO - Blog,0,Visitor,0
107747,2026-04-20,Social Media,LinkedIn Ads,0,Visitor,0
110623,2026-05-06,Direct,Direct/None,0,Visitor,0
109526,2026-05-15,Referral,Customer Referral Program,5,Customer,1877
108392,2026-04-08,Email,Unknown / Untagged,0,Visitor,0
110331,2026-03-30,Direct,Direct/None,0,Visitor,0
110131,2026-04-26,Referral,Customer Referral Program,0,Visitor,0
100144,2026-03-10,Organic Search,SEO - Blog,0,Visitor,0
103821,2026-05-01,Paid Search,Google Ads - Brand,48,SQL,0
107725,2026-04-23,Social Media,Instagram Ads,0,Visitor,0
104346,2026-03-02,Paid Search,Google Ads - Generic,0,Visitor,0
108497,2026-04-19,Email,Newsletter,8,Lead,0
109647,2026-03-18,Referral,Partner Referral,0,Visitor,0
104789,2026-02-27,Paid Search,Google Ads - Brand,0,Visitor,0
107662,2026-04-19,Social Media,Instagram Ads,35,Lead,0
109104,2026-05-27,Email,Product Drip Campaign,0,Visitor,0
111966,2026-03-15,Direct,Direct/None,0,Visitor,0
104682,2026-03-29,Paid Search,Google Ads - Generic,0,Visitor,0
105370,2026-01-24,Social Media,LinkedIn Ads,0,Visitor,0
102310,2026-03-12,Organic Search,SEO - Blog,0,Visitor,0
102113,2026-06-22,Organic Search,SEO - Product Pages,0,Visitor,0
100835,2026-03-31,Organic Search,SEO - Product Pages,0,Visitor,0
100594,2026-02-18,Organic Search,SEO - Blog,12,Lead,0
107733,2026-05-06,Social Media,LinkedIn Ads,0,Visitor,0
109481,2026-01-17,Referral,Customer Referral Program,0,Visitor,0
109848,2026-02-04,Referral,Customer Referral Program,5,Lead,0
105009,2026-01-24,Paid Search,Google Ads - Brand,0,Visitor,0
102132,2026-06-22,Organic Search,SEO - Product Pages,0,Visitor,0
100766,2026-05-09,Organic Search,SEO - Product Pages,12,Lead,0
111147,2026-03-23,Direct,Direct/None,0,Visitor,0
100147,2026-03-20,Organic Search,SEO - Blog,12,MQL,0
100395,2026-03-08,Organic Search,SEO - Product Pages,0,Visitor,0
107702,2026-05-05,Social Media,Instagram Ads,0,Visitor,0
108601,2026-03-23,Email,Product Drip Campaign,8,Lead,0
103809,2026-04-03,Paid Search,Google Ads - Brand,0,Visitor,0
108238,2026-03-05,Email,Product Drip Campaign,8,Lead,0
107722,2026-04-12,Social Media,Instagram Ads,0,Visitor,0
103495,2026-04-20,Paid Search,Google Ads - Brand,0,Visitor,0
102185,2026-04-14,Organic Search,SEO - Product Pages,0,Visitor,0
103337,2026-05-11,Paid Search,Google Ads - Brand,0,Visitor,0
102160,2026-01-25,Organic Search,SEO - Product Pages,0,Visitor,0
106733,2026-02-21,Social Media,Facebook Ads,0,Visitor,0
110150,2026-05-13,Referral,Customer Referral Program,0,Visitor,0
107486,2026-04-25,Social Media,LinkedIn Ads,0,Visitor,0
105713,2026-05-19,Social Media,LinkedIn Ads,0,Visitor,0
103411,2026-03-02,Paid Search,Google Ads - Generic,0,Visitor,0
110860,2026-04-19,Direct,Direct/None,0,Lead,0
103498,2026-04-23,Paid Search,Google Ads - Generic,0,Visitor,0
102072,2026-06-05,Organic Search,SEO - Product Pages,0,Visitor,0
101368,2026-04-01,Organic Search,SEO - Product Pages,0,Visitor,0
102365,2026-03-31,Organic Search,SEO - Blog,0,Visitor,0
107710,2026-06-12,Social Media,Facebook Ads,0,Visitor,0
111919,2026-04-22,Direct,Direct/None,0,Visitor,0
109123,2026-05-01,Referral,Customer Referral Program,5,Lead,0
103513,2026-05-09,Paid Search,Google Ads - Generic,0,Visitor,0
106365,2026-05-15,Social Media,Instagram Ads,0,Visitor,0
103502,2026-05-31,Paid Search,Google Ads - Brand,0,Visitor,0
104575,2026-03-31,Paid Search,Google Ads - Generic,48,MQL,0
103142,2026-03-24,Paid Search,Google Ads - Generic,0,Visitor,0
106042,2026-03-02,Social Media,LinkedIn Ads,0,Visitor,0
101248,2026-05-03,Organic Search,SEO - Blog,0,Visitor,0
108799,2026-03-26,Email,Newsletter,0,Visitor,0
100075,2026-04-27,Organic Search,SEO - Product Pages,0,Visitor,0
105861,2026-03-26,Social Media,Facebook Ads,0,Visitor,0
109515,2026-02-02,Referral,Partner Referral,5,Lead,0
102397,2026-03-11,Organic Search,SEO - Product Pages,0,Visitor,0
108306,2026-03-27,Email,Product Drip Campaign,0,Visitor,0
100987,2026-05-28,Organic Search,SEO - Product Pages,0,Visitor,0
108348,2026-04-25,Email,Newsletter,0,Visitor,0
104844,2026-04-26,Paid Search,Google Ads - Generic,0,Visitor,0
105960,2026-04-14,Social Media,Instagram Ads,0,Visitor,0
108415,2026-02-28,Email,Product Drip Campaign,0,Visitor,0
105599,2026-03-09,Social Media,Facebook Ads,35,Lead,0
105762,2026-03-22,Social Media,LinkedIn Ads,0,Visitor,0
107700,2026-01-19,Social Media,LinkedIn Ads,35,Lead,0
110185,2026-03-28,Referral,Customer Referral Program,5,MQL,0
111164,2026-03-16,Direct,Direct/None,0,Lead,0
104132,2026-04-18,Paid Search,Google Ads - Brand,48,Lead,0
108835,2026-04-07,Email,Newsletter,0,Visitor,0
101762,2026-02-07,Organic Search,SEO - Product Pages,0,Visitor,0
104264,2026-01-30,Paid Search,Google Ads - Brand,0,Visitor,0
104213,2026-06-02,Paid Search,Google Ads - Brand,0,Visitor,0
104044,2026-02-06,Paid Search,Google Ads - Generic,0,Visitor,0
100531,2026-04-23,Organic Search,SEO - Product Pages,0,Visitor,0
111642,2026-04-14,Direct,Direct/None,0,Visitor,0
105125,2026-02-27,Paid Search,Google Ads - Generic,48,Lead,0
103955,2026-02-20,Paid Search,Google Ads - Brand,48,MQL,0
107815,2026-05-05,Social Media,LinkedIn Ads,0,Visitor,0
105064,2026-04-13,Paid Search,Google Ads - Brand,0,Visitor,0
109523,2026-01-29,Referral,Partner Referral,5,MQL,0
105721,2026-03-27,Social Media,Instagram Ads,0,Visitor,0
100224,2026-02-25,Organic Search,SEO - Product Pages,12,MQL,0
111851,2026-02-07,Direct,Direct/None,0,Visitor,0
107908,2026-04-26,Social Media,Instagram Ads,0,Visitor,0
111787,2026-05-01,Direct,Direct/None,0,MQL,0
101780,2026-04-14,Organic Search,SEO - Product Pages,0,Visitor,0
101026,2026-02-23,Organic Search,SEO - Product Pages,0,Visitor,0
106569,2026-05-25,Social Media,Facebook Ads,0,Visitor,0
103779,2026-03-31,Paid Search,Google Ads - Brand,0,Visitor,0
108274,2026-05-15,Email,Product Drip Campaign,0,Visitor,0
110582,2026-05-08,Direct,Direct/None,0,Visitor,0
110223,2026-02-28,Direct,Direct/None,0,Visitor,0
109985,2026-02-14,Referral,Customer Referral Program,0,Visitor,0
102717,2026-04-30,Organic Search,SEO - Product Pages,0,Visitor,0
106207,2026-02-11,Social Media,LinkedIn Ads,0,Visitor,0
110499,2026-05-14,Direct,Direct/None,0,Visitor,0
106994,2026-02-20,Social Media,Facebook Ads,0,Visitor,0
103483,2026-01-27,Paid Search,Google Ads - Brand,0,Visitor,0
104654,2026-03-12,Paid Search,Google Ads - Generic,48,MQL,0
103403,2026-03-29,Paid Search,Google Ads - Generic,0,Visitor,0
109887,2026-03-04,Referral,Partner Referral,0,Visitor,0
106254,2026-06-04,Social Media,Instagram Ads,0,Visitor,0
110149,2026-04-02,Referral,Partner Referral,0,Visitor,0
105726,2026-05-30,Social Media,Instagram Ads,35,MQL,0
106795,2026-03-27,Social Media,Instagram Ads,0,Visitor,0
103870,2026-01-30,Paid Search,Google Ads - Brand,0,Visitor,0
105742,2026-05-18,Social Media,LinkedIn Ads,0,Visitor,0
105801,2026-04-13,Social Media,LinkedIn Ads,35,Lead,0
101379,2026-05-13,Organic Search,SEO - Blog,0,Visitor,0
107399,2026-05-25,Social Media,Facebook Ads,0,Visitor,0
101552,2026-05-10,Organic Search,SEO - Blog,0,Visitor,0
103137,2026-02-19,Paid Search,Google Ads - Generic,0,Visitor,0
108504,2026-04-06,Email,Product Drip Campaign,8,SQL,0
101632,2026-05-01,Organic Search,SEO - Product Pages,0,Visitor,0
104261,2026-02-20,Paid Search,Google Ads - Generic,48,Lead,0
110260,2026-03-15,Direct,Direct/None,0,Visitor,0
109619,2026-04-03,Referral,Partner Referral,0,Visitor,0
110195,2026-04-12,Referral,Partner Referral,0,Visitor,0
104454,2026-04-06,Paid Search,Google Ads - Generic,48,Lead,0
106505,2026-04-14,Social Media,LinkedIn Ads,0,Visitor,0
103811,2026-04-29,Paid Search,Google Ads - Brand,0,Visitor,0
105467,2026-04-03,Social Media,Facebook Ads,0,Visitor,0
110774,2026-04-27,Direct,Direct/None,0,Visitor,0
105924,2026-03-20,Social Media,LinkedIn Ads,0,Visitor,0
100129,2026-04-16,Organic Search,SEO - Product Pages,0,Visitor,0
101010,2026-04-05,Organic Search,SEO - Blog,0,Visitor,0
110006,2026-04-14,Referral,Partner Referral,0,Visitor,0
101291,2026-05-05,Organic Search,SEO - Product Pages,0,Visitor,0
105343,2026-01-19,Social Media,Facebook Ads,0,Visitor,0
100202,2026-02-11,Organic Search,SEO - Blog,0,Visitor,0
103696,2026-06-09,Paid Search,Google Ads - Brand,0,Visitor,0
107441,2026-06-10,Social Media,LinkedIn Ads,0,Visitor,0
111935,2026-05-24,Direct,Direct/None,0,Visitor,0
105518,2026-06-01,Social Media,LinkedIn Ads,0,Visitor,0
105914,2026-05-03,Social Media,LinkedIn Ads,0,Visitor,0
100955,2026-03-06,Organic Search,SEO - Blog,0,Visitor,0
104021,2026-05-24,Paid Search,Google Ads - Brand,48,Lead,0
109022,2026-04-09,Email,Product Drip Campaign,0,Visitor,0
102362,2026-02-04,Organic Search,SEO - Blog,0,Visitor,0
108150,2026-03-03,Email,Product Drip Campaign,0,Visitor,0
104690,2026-02-10,Paid Search,Google Ads - Brand,48,MQL,0
109163,2026-03-17,Referral,Partner Referral,5,SQL,0
108395,2026-03-19,Email,Product Drip Campaign,0,Visitor,0
108022,2026-04-27,Email,Product Drip Campaign,0,Visitor,0
100983,2026-02-22,Organic Search,SEO - Product Pages,0,Visitor,0
103697,2026-05-25,Paid Search,Google Ads - Generic,0,Visitor,0
106143,2026-03-24,Social Media,LinkedIn Ads,0,Visitor,0
106077,2026-02-27,Social Media,LinkedIn Ads,0,Visitor,0
102381,2026-04-14,Organic Search,SEO - Blog,0,Visitor,0
102487,2026-02-20,Organic Search,SEO - Blog,0,Visitor,0
106471,2026-03-24,Social Media,Facebook Ads,0,Visitor,0
103207,2026-01-16,Paid Search,Google Ads - Brand,0,Visitor,0
105959,2026-04-17,Social Media,Facebook Ads,0,Visitor,0
103090,2026-06-13,Paid Search,Google Ads - Brand,0,Visitor,0
106167,2026-03-04,Social Media,Instagram Ads,0,Visitor,0
101188,2026-04-04,Organic Search,SEO - Blog,0,Visitor,0
106426,2026-02-25,Social Media,Instagram Ads,0,Visitor,0
106439,2026-02-02,Social Media,Instagram Ads,0,Visitor,0
104448,2026-01-23,Paid Search,Google Ads - Generic,0,Visitor,0
107500,2026-06-08,Social Media,Unknown / Untagged,0,Visitor,0
103920,2026-02-25,Paid Search,Google Ads - Generic,0,Visitor,0
101596,2026-05-02,Organic Search,SEO - Product Pages,0,Visitor,0
104093,2026-03-09,Paid Search,Google Ads - Generic,0,Visitor,0
108235,2026-06-09,Email,Newsletter,0,Visitor,0
106246,2026-05-07,Social Media,Facebook Ads,0,Visitor,0
103348,2026-03-02,Paid Search,Google Ads - Brand,0,Visitor,0
111531,2026-04-24,Direct,Direct/None,0,Visitor,0
105169,2026-04-01,Paid Search,Google Ads - Generic,0,Visitor,0
101274,2026-06-12,Organic Search,SEO - Product Pages,0,Visitor,0
110375,2026-02-27,Direct,Direct/None,0,MQL,0
100575,2026-02-21,Organic Search,SEO - Blog,0,Visitor,0
110113,2026-03-15,Referral,Partner Referral,0,Visitor,0
100145,2026-05-04,Organic Search,SEO - Blog,0,Visitor,0
109049,2026-05-27,Email,Product Drip Campaign,0,Visitor,0
106273,2026-04-16,Social Media,Instagram Ads,0,Visitor,0
108062,2026-06-09,Email,Newsletter,0,Visitor,0
106144,2026-04-17,Social Media,Facebook Ads,0,Visitor,0
110001,2026-02-15,Referral,Customer Referral Program,0,Visitor,0
102621,2026-04-12,Organic Search,SEO - Product Pages,0,Visitor,0
104915,2026-02-13,Paid Search,Google Ads - Brand,48,SQL,0
105995,2026-04-11,Social Media,LinkedIn Ads,0,Visitor,0
110039,2026-02-11,Referral,Partner Referral,0,Visitor,0
111683,2026-05-02,Direct,Direct/None,0,Visitor,0
104972,2026-04-13,Paid Search,Google Ads - Generic,0,Visitor,0
102771,2026-01-11,Organic Search,SEO - Product Pages,0,Visitor,0
104890,2026-03-05,Paid Search,Google Ads - Brand,0,Visitor,0
107323,2026-05-16,Social Media,Facebook Ads,0,Visitor,0
107506,2026-03-14,Social Media,Facebook Ads,0,Visitor,0
100989,2026-02-04,Organic Search,SEO - Blog,0,Visitor,0
111406,2026-03-19,Direct,Direct/None,0,Lead,0
109626,2026-02-08,Referral,Customer Referral Program,0,Visitor,0
104481,2026-03-05,Paid Search,Google Ads - Generic,0,Visitor,0
107978,2026-04-26,Email,Newsletter,0,Visitor,0
108904,2026-04-11,Email,Product Drip Campaign,0,Visitor,0
103851,2026-05-28,Paid Search,Google Ads - Brand,0,Visitor,0
106223,2026-04-06,Social Media,Instagram Ads,0,Visitor,0
106685,2026-05-24,Social Media,LinkedIn Ads,0,Visitor,0
103566,2026-04-06,Paid Search,Google Ads - Generic,0,Visitor,0
106504,2026-04-26,Social Media,Instagram Ads,0,Visitor,0
109211,2026-02-28,Referral,Partner Referral,5,Customer,1560
103888,2026-04-23,Paid Search,Google Ads - Brand,0,Visitor,0
103297,2026-05-26,Paid Search,Google Ads - Generic,0,Visitor,0
104404,2026-06-05,Paid Search,Google Ads - Brand,48,Lead,0
103462,2026-01-14,Paid Search,Google Ads - Generic,0,Visitor,0
104910,2026-03-07,Paid Search,Google Ads - Brand,48,Lead,0
104138,2026-04-10,Paid Search,Google Ads - Brand,0,Visitor,0
108698,2026-06-08,Email,Newsletter,0,Visitor,0
107957,2026-04-20,Email,Product Drip Campaign,0,Visitor,0
110597,2026-05-21,Direct,Direct/None,0,SQL,0
109874,2026-04-11,Referral,Partner Referral,0,Visitor,0
108029,2026-03-06,Email,Newsletter,0,Visitor,0
110162,2026-05-27,Referral,Customer Referral Program,0,Visitor,0
104795,2026-05-09,Paid Search,Google Ads - Generic,0,Visitor,0
100726,2026-02-25,Organic Search,SEO - Product Pages,12,MQL,0
106064,2026-01-19,Social Media,Instagram Ads,0,Visitor,0
102052,2026-04-05,Organic Search,SEO - Product Pages,0,Visitor,0
105784,2026-05-16,Social Media,Instagram Ads,0,Visitor,0
104312,2026-02-18,Paid Search,Google Ads - Generic,0,Visitor,0
102147,2026-02-01,Organic Search,SEO - Blog,0,Visitor,0
110515,2026-05-23,Direct,Direct/None,0,Visitor,0
102697,2026-04-15,Organic Search,SEO - Product Pages,0,Visitor,0
102483,2026-04-15,Organic Search,SEO - Product Pages,0,Visitor,0
101371,2026-04-05,Organic Search,SEO - Product Pages,0,Visitor,0
101567,2026-04-16,Organic Search,SEO - Blog,0,Visitor,0
107417,2026-05-22,Social Media,LinkedIn Ads,0,Visitor,0
101517,2026-04-17,Organic Search,SEO - Product Pages,0,Visitor,0
106845,2026-05-21,Social Media,LinkedIn Ads,0,Visitor,0
105863,2026-04-16,Social Media,LinkedIn Ads,0,Visitor,0
103628,2026-04-09,Paid Search,Google Ads - Generic,0,Visitor,0
110379,2026-05-03,Direct,Direct/None,0,Lead,0
103309,2026-03-11,Paid Search,Google Ads - Generic,48,Lead,0
103732,2026-03-23,Paid Search,Google Ads - Generic,0,Visitor,0
101038,2026-04-11,Organic Search,SEO - Blog,0,Visitor,0
102438,2026-03-13,Organic Search,SEO - Product Pages,0,Visitor,0
103000,2026-04-17,Paid Search,Google Ads - Brand,0,Visitor,0
101511,2026-02-15,Organic Search,SEO - Product Pages,0,Visitor,0
100412,2026-04-11,Organic Search,SEO - Blog,0,Visitor,0
110820,2026-04-13,Direct,Direct/None,0,Visitor,0
107775,2026-03-29,Social Media,Instagram Ads,0,Visitor,0
109494,2026-03-15,Referral,Partner Referral,5,SQL,0
103260,2026-05-10,Paid Search,Google Ads - Brand,0,Visitor,0
105393,2026-04-13,Social Media,LinkedIn Ads,0,Visitor,0
101318,2026-04-06,Organic Search,SEO - Product Pages,0,Visitor,0
107572,2026-03-02,Social Media,Instagram Ads,0,Visitor,0
108970,2026-03-28,Email,Product Drip Campaign,0,Visitor,0
103070,2026-03-14,Paid Search,Google Ads - Brand,48,SQL,0
106646,2026-03-22,Social Media,Instagram Ads,0,Visitor,0
104672,2026-02-10,Paid Search,Google Ads - Generic,48,SQL,0
107988,2026-03-25,Email,Product Drip Campaign,0,Visitor,0
104855,2026-06-02,Paid Search,Google Ads - Generic,48,Lead,0
110560,2026-05-27,Direct,Direct/None,0,Lead,0
104891,2026-01-17,Paid Search,Google Ads - Generic,0,Visitor,0
108218,2026-02-09,Email,Newsletter,0,Visitor,0
103393,2026-04-09,Paid Search,Google Ads - Generic,0,Visitor,0
109601,2026-04-30,Referral,Partner Referral,5,MQL,0
105223,2026-04-13,Paid Search,Google Ads - Generic,0,Visitor,0
107674,2026-05-14,Social Media,Instagram Ads,0,Visitor,0
109332,2026-03-14,Referral,Customer Referral Program,0,Visitor,0
100506,2026-03-22,Organic Search,SEO - Blog,0,Visitor,0
101561,2026-05-13,Organic Search,SEO - Product Pages,0,Visitor,0
107539,2026-03-08,Social Media,Instagram Ads,0,Visitor,0
106611,2026-04-08,Social Media,Facebook Ads,0,Visitor,0
107617,2026-05-03,Social Media,Facebook Ads,0,Visitor,0
106405,2026-04-16,Social Media,LinkedIn Ads,0,Visitor,0
111535,2026-02-08,Direct,Direct/None,0,Visitor,0
101121,2026-01-17,Organic Search,SEO - Blog,0,Visitor,0
111824,2026-03-29,Direct,Direct/None,0,Visitor,0
104683,2026-05-15,Paid Search,Google Ads - Brand,0,Visitor,0
108794,2026-04-11,Email,Product Drip Campaign,8,SQL,0
104708,2026-03-02,Paid Search,Google Ads - Generic,0,Visitor,0
107283,2026-04-20,Social Media,Facebook Ads,0,Visitor,0
106570,2026-04-02,Social Media,LinkedIn Ads,0,Visitor,0
103942,2026-04-12,Paid Search,Google Ads - Generic,0,Visitor,0
102738,2026-01-29,Organic Search,SEO - Product Pages,0,Visitor,0
105632,2026-05-20,Social Media,LinkedIn Ads,0,Visitor,0
108541,2026-04-19,Email,Product Drip Campaign,8,Lead,0
104982,2026-03-22,Paid Search,Google Ads - Brand,0,Visitor,0
111530,2026-01-12,Direct,Direct/None,0,MQL,0
104879,2026-05-01,Paid Search,Google Ads - Generic,0,Visitor,0
111680,2026-03-10,Direct,Direct/None,0,Visitor,0
110890,2026-04-19,Direct,Direct/None,0,Visitor,0
108822,2026-04-30,Email,Product Drip Campaign,0,Visitor,0
102518,2026-03-08,Organic Search,SEO - Product Pages,0,Visitor,0
107190,2026-04-19,Social Media,LinkedIn Ads,0,Visitor,0
102549,2026-02-06,Organic Search,SEO - Product Pages,0,Visitor,0
110690,2026-01-13,Direct,Direct/None,0,Visitor,0
106554,2026-05-25,Social Media,Facebook Ads,0,Visitor,0
100409,2026-05-01,Organic Search,SEO - Product Pages,0,Visitor,0
103392,2026-02-15,Paid Search,Google Ads - Brand,48,SQL,0
108357,2026-04-18,Email,Product Drip Campaign,0,Visitor,0
102292,2026-06-19,Organic Search,SEO - Blog,0,Visitor,0
102337,2026-05-27,Organic Search,SEO - Blog,0,Visitor,0
107823,2026-06-11,Social Media,Instagram Ads,0,Visitor,0
106069,2026-01-27,Social Media,Instagram Ads,35,MQL,0
110619,2026-05-03,Direct,Direct/None,0,Visitor,0
109280,2026-04-08,Referral,Partner Referral,0,Visitor,0
105819,2026-01-19,Social Media,Facebook Ads,0,Visitor,0
105282,2026-02-07,Social Media,Instagram Ads,0,Visitor,0
103771,2026-05-04,Paid Search,Google Ads - Generic,0,Visitor,0
107236,2026-05-28,Social Media,Instagram Ads,0,Visitor,0
105964,2026-04-17,Social Media,Instagram Ads,0,Visitor,0
105851,2026-04-17,Social Media,Facebook Ads,0,Visitor,0
107471,2026-05-05,Social Media,Instagram Ads,0,Visitor,0
105062,2026-06-04,Paid Search,Google Ads - Brand,0,Visitor,0
102861,2026-02-24,Organic Search,SEO - Blog,0,Visitor,0
102364,2026-05-27,Organic Search,SEO - Product Pages,12,Lead,0
104625,2026-06-14,Paid Search,Google Ads - Brand,0,Visitor,0
107322,2026-04-29,Social Media,Instagram Ads,0,Visitor,0
106065,2026-06-07,Social Media,Facebook Ads,0,Visitor,0
104124,2026-03-18,Paid Search,Google Ads - Brand,0,Visitor,0
109349,2026-06-19,Referral,Partner Referral,0,Visitor,0
100275,2026-04-20,Organic Search,SEO - Product Pages,0,Visitor,0
109265,2026-03-21,Referral,Partner Referral,0,Visitor,0
107999,2026-03-29,Email,Newsletter,0,Visitor,0
110380,2026-05-12,Direct,Direct/None,0,Visitor,0
106277,2026-06-09,Social Media,Facebook Ads,0,Visitor,0
107814,2026-04-11,Social Media,Facebook Ads,0,Visitor,0
108868,2026-05-13,Email,Product Drip Campaign,8,MQL,0
106399,2026-04-18,Social Media,LinkedIn Ads,0,Visitor,0
103383,2026-04-26,Paid Search,Google Ads - Brand,0,Visitor,0
106734,2026-03-28,Social Media,Facebook Ads,0,Visitor,0
111216,2026-02-20,Direct,Direct/None,0,Visitor,0
103705,2026-04-19,Paid Search,Google Ads - Generic,48,Lead,0
100586,2026-02-01,Organic Search,SEO - Product Pages,0,Visitor,0
100838,2026-04-30,Organic Search,SEO - Blog,0,Visitor,0
104807,2026-05-20,Paid Search,Google Ads - Generic,0,Visitor,0
104400,2026-03-24,Paid Search,Google Ads - Brand,0,Visitor,0
102616,2026-04-17,Organic Search,SEO - Blog,12,SQL,0
105347,2026-04-09,Social Media,Instagram Ads,0,Visitor,0
107244,2026-03-10,Social Media,LinkedIn Ads,0,Visitor,0
109630,2026-03-24,Referral,Partner Referral,0,Visitor,0
101554,2026-02-23,Organic Search,SEO - Product Pages,0,Visitor,0
100817,2026-04-03,Organic Search,SEO - Product Pages,0,Visitor,0
109436,2026-03-31,Referral,Partner Referral,5,MQL,0
100303,2026-04-01,Organic Search,SEO - Product Pages,0,Visitor,0
102620,2026-03-30,Organic Search,SEO - Blog,0,Visitor,0
111715,2026-03-25,Direct,Direct/None,0,MQL,0
108142,2026-03-15,Email,Newsletter,0,Visitor,0
102486,2026-04-24,Organic Search,SEO - Blog,0,Visitor,0
100567,2026-04-01,Organic Search,SEO - Product Pages,0,Visitor,0
101064,2026-04-02,Organic Search,SEO - Product Pages,0,Visitor,0
109065,2026-01-15,Email,Newsletter,8,Lead,0
102820,2026-03-31,Organic Search,SEO - Blog,0,Visitor,0
100953,2026-05-16,Organic Search,SEO - Product Pages,0,Visitor,0
100160,2026-03-09,Organic Search,SEO - Product Pages,0,Visitor,0
100924,2026-03-31,Organic Search,SEO - Blog,12,Lead,0
107019,2026-02-14,Social Media,Instagram Ads,35,Lead,0
111452,2026-05-27,Direct,Direct/None,0,Visitor,0
111962,2026-04-08,Direct,Direct/None,0,Visitor,0
107900,2026-03-28,Social Media,Instagram Ads,0,Visitor,0
110168,2026-01-13,Referral,Partner Referral,5,MQL,0
101840,2026-04-11,Organic Search,SEO - Blog,0,Visitor,0
110587,2026-05-12,Direct,Direct/None,0,Visitor,0
109290,2026-05-21,Referral,Customer Referral Program,0,Visitor,0
102057,2026-03-02,Organic Search,SEO - Product Pages,0,Visitor,0
108682,2026-04-06,Email,Unknown / Untagged,0,Visitor,0
103714,2026-05-11,Paid Search,Google Ads - Brand,0,Visitor,0
104926,2026-04-29,Paid Search,Google Ads - Generic,0,Visitor,0
100386,2026-05-17,Organic Search,SEO - Product Pages,0,Visitor,0
102284,2026-04-21,Organic Search,SEO - Product Pages,0,Visitor,0
101825,2026-01-16,Organic Search,SEO - Blog,0,Visitor,0
105485,2026-05-19,Social Media,Instagram Ads,0,Visitor,0
104420,2026-04-12,Paid Search,Google Ads - Brand,0,Visitor,0
101589,2026-03-29,Organic Search,SEO - Blog,0,Visitor,0
102872,2026-02-12,Organic Search,SEO - Blog,12,Lead,0
103349,2026-04-01,Paid Search,Google Ads - Generic,48,MQL,0
109763,2026-06-16,Referral,Partner Referral,5,Lead,0
109944,2026-06-15,Referral,Customer Referral Program,0,Visitor,0
105401,2026-06-10,Social Media,LinkedIn Ads,35,SQL,0
109424,2026-05-29,Referral,Customer Referral Program,0,Visitor,0
104090,2026-04-11,Paid Search,Google Ads - Generic,0,Visitor,0
105889,2026-02-13,Social Media,LinkedIn Ads,0,Visitor,0
111870,2026-05-02,Direct,Direct/None,0,Lead,0
103161,2026-04-30,Paid Search,Google Ads - Generic,0,Visitor,0
100964,2026-01-25,Organic Search,SEO - Blog,0,Visitor,0
100353,2026-02-01,Organic Search,SEO - Product Pages,0,Visitor,0
110031,2026-04-24,Referral,Partner Referral,0,Visitor,0
110850,2026-03-31,Direct,Unknown / Untagged,0,Visitor,0
106587,2026-04-26,Social Media,Instagram Ads,0,Visitor,0
108194,2026-03-23,Email,Newsletter,0,Visitor,0
108976,2026-03-19,Email,Product Drip Campaign,8,MQL,0
110894,2026-04-22,Direct,Direct/None,0,Visitor,0
110589,2026-03-20,Direct,Direct/None,0,MQL,0
110875,2026-03-05,Direct,Direct/None,0,Visitor,0
100069,2026-05-25,Organic Search,SEO - Blog,0,Visitor,0
108596,2026-01-23,Email,Newsletter,0,Visitor,0
108117,2026-06-12,Email,Product Drip Campaign,8,MQL,0
107195,2026-05-08,Social Media,Facebook Ads,0,Visitor,0
101162,2026-04-17,Organic Search,SEO - Product Pages,0,Visitor,0
100219,2026-02-28,Organic Search,SEO - Blog,0,Visitor,0
104274,2026-06-09,Paid Search,Google Ads - Brand,48,Lead,0
110332,2026-03-18,Direct,Direct/None,0,Visitor,0
101201,2026-04-20,Organic Search,SEO - Blog,0,Visitor,0
106073,2026-04-14,Social Media,Facebook Ads,0,Visitor,0
102916,2026-05-15,Paid Search,Google Ads - Generic,0,Visitor,0
110493,2026-06-19,Direct,Direct/None,0,Visitor,0
101757,2026-04-19,Organic Search,SEO - Blog,0,Visitor,0
103487,2026-03-03,Paid Search,Google Ads - Brand,0,Visitor,0
106703,2026-05-26,Social Media,Facebook Ads,0,Visitor,0
109770,2026-02-12,Referral,Customer Referral Program,5,MQL,0
102720,2026-04-08,Organic Search,SEO - Blog,0,Visitor,0
102242,2026-02-27,Organic Search,SEO - Blog,0,Visitor,0
106025,2026-05-10,Social Media,LinkedIn Ads,0,Visitor,0
109700,2026-04-20,Referral,Partner Referral,0,Visitor,0
105594,2026-01-18,Social Media,LinkedIn Ads,0,Visitor,0
103750,2026-04-19,Paid Search,Google Ads - Brand,0,Visitor,0
111126,2026-05-25,Direct,Direct/None,0,Visitor,0
110686,2026-03-15,Direct,Direct/None,0,Visitor,0
100539,2026-04-28,Organic Search,SEO - Product Pages,0,Visitor,0
101331,2026-04-25,Organic Search,SEO - Blog,0,Visitor,0
102304,2026-05-06,Organic Search,SEO - Blog,0,Visitor,0
110692,2026-03-05,Direct,Direct/None,0,Visitor,0
101613,2026-04-28,Organic Search,SEO - Blog,0,Visitor,0
101489,2026-03-23,Organic Search,SEO - Product Pages,0,Visitor,0
110211,2026-05-19,Direct,Direct/None,0,MQL,0
101745,2026-06-03,Organic Search,SEO - Blog,0,Visitor,0
111372,2026-03-16,Direct,Direct/None,0,Visitor,0
111751,2026-05-29,Direct,Direct/None,0,Visitor,0
111977,2026-04-21,Direct,Direct/None,0,Visitor,0
101394,2026-04-14,Organic Search,SEO - Product Pages,0,Visitor,0
109701,2026-05-03,Referral,Customer Referral Program,0,Visitor,0
109387,2026-05-31,Referral,Partner Referral,5,SQL,0
111252,2026-06-07,Direct,Direct/None,0,Visitor,0
105406,2026-01-19,Social Media,Instagram Ads,0,Visitor,0
103646,2026-04-18,Paid Search,Google Ads - Generic,0,Visitor,0
105963,2026-02-22,Social Media,Facebook Ads,35,MQL,0
103801,2026-04-07,Paid Search,Google Ads - Generic,0,Visitor,0
111167,2026-02-18,Direct,Direct/None,0,Visitor,0
110124,2026-04-06,Referral,Customer Referral Program,5,Customer,1719
102813,2026-03-28,Organic Search,SEO - Product Pages,0,Visitor,0
110732,2026-02-11,Direct,Unknown / Untagged,0,SQL,0
102670,2026-04-05,Organic Search,SEO - Product Pages,0,Visitor,0
111005,2026-04-05,Direct,Direct/None,0,Visitor,0
107845,2026-02-20,Social Media,Facebook Ads,0,Visitor,0
105214,2026-04-22,Paid Search,Google Ads - Brand,0,Visitor,0
103249,2026-05-05,Paid Search,Google Ads - Brand,0,Visitor,0
106864,2026-06-14,Social Media,LinkedIn Ads,0,Visitor,0
100574,2026-02-03,Organic Search,SEO - Blog,0,Visitor,0
107749,2026-03-03,Social Media,LinkedIn Ads,0,Visitor,0
108889,2026-03-28,Email,Product Drip Campaign,0,Visitor,0
105508,2026-05-08,Social Media,Instagram Ads,0,Visitor,0
101557,2026-02-20,Organic Search,SEO - Blog,0,Visitor,0
107266,2026-05-30,Social Media,LinkedIn Ads,0,Visitor,0
102599,2026-05-12,Organic Search,SEO - Product Pages,12,Lead,0
105168,2026-03-04,Paid Search,Google Ads - Generic,0,Visitor,0
104158,2026-02-18,Paid Search,Google Ads - Generic,0,Visitor,0
102188,2026-03-15,Organic Search,SEO - Blog,0,Visitor,0
104023,2026-05-01,Paid Search,Google Ads - Brand,48,MQL,0
108454,2026-01-28,Email,Product Drip Campaign,0,Visitor,0
110238,2026-03-07,Direct,Direct/None,0,Visitor,0
108475,2026-03-03,Email,Product Drip Campaign,0,Visitor,0
100259,2026-03-24,Organic Search,SEO - Blog,0,Visitor,0
102665,2026-03-08,Organic Search,SEO - Blog,12,Lead,0
111038,2026-02-18,Direct,Direct/None,0,Visitor,0
103234,2026-01-21,Paid Search,Google Ads - Generic,0,Visitor,0
108918,2026-05-30,Email,Newsletter,0,Visitor,0
109829,2026-03-31,Referral,Customer Referral Program,5,Lead,0
107015,2026-03-19,Social Media,LinkedIn Ads,0,Visitor,0
110921,2026-05-22,Direct,Direct/None,0,MQL,0
105249,2026-05-11,Paid Search,Google Ads - Brand,0,Visitor,0
105443,2026-03-29,Social Media,Facebook Ads,0,Visitor,0
108248,2026-04-16,Email,Product Drip Campaign,0,Visitor,0
103615,2026-04-08,Paid Search,Google Ads - Generic,0,Visitor,0
109604,2026-03-11,Referral,Customer Referral Program,5,Lead,0
111197,2026-05-07,Direct,Direct/None,0,Lead,0
102215,2026-03-30,Organic Search,SEO - Blog,0,Visitor,0
105458,2026-01-17,Social Media,Instagram Ads,0,Visitor,0
102936,2026-03-05,Paid Search,Google Ads - Brand,0,Visitor,0
100889,2026-05-19,Organic Search,SEO - Blog,0,Visitor,0
102955,2026-04-25,Paid Search,Google Ads - Brand,0,Visitor,0
101688,2026-04-17,Organic Search,SEO - Product Pages,12,MQL,0
101820,2026-03-12,Organic Search,SEO - Product Pages,12,MQL,0
103704,2026-04-04,Paid Search,Google Ads - Generic,0,Visitor,0
101973,2026-04-27,Organic Search,SEO - Blog,12,MQL,0
108114,2026-05-01,Email,Newsletter,0,Visitor,0
108188,2026-04-19,Email,Newsletter,0,Visitor,0
108907,2026-04-15,Email,Newsletter,8,Lead,0
105153,2026-03-10,Paid Search,Google Ads - Brand,0,Visitor,0
110479,2026-03-08,Direct,Direct/None,0,Visitor,0
111721,2026-03-28,Direct,Direct/None,0,Visitor,0
109649,2026-05-20,Referral,Partner Referral,0,Visitor,0
107872,2026-04-08,Social Media,Instagram Ads,0,Visitor,0
110946,2026-04-29,Direct,Direct/None,0,Visitor,0
104714,2026-03-27,Paid Search,Google Ads - Generic,0,Visitor,0
108316,2026-03-01,Email,Newsletter,0,Visitor,0
111172,2026-05-14,Direct,Direct/None,0,Visitor,0
111259,2026-05-05,Direct,Direct/None,0,Visitor,0
100981,2026-05-08,Organic Search,SEO - Product Pages,0,Visitor,0
107833,2026-03-18,Social Media,LinkedIn Ads,0,Visitor,0
105504,2026-05-07,Social Media,Instagram Ads,0,Visitor,0
107262,2026-04-11,Social Media,LinkedIn Ads,0,Visitor,0
107224,2026-04-05,Social Media,Facebook Ads,0,Visitor,0
108368,2026-04-02,Email,Product Drip Campaign,8,SQL,0
100582,2026-03-23,Organic Search,SEO - Blog,12,SQL,0
109809,2026-04-27,Referral,Partner Referral,0,Visitor,0
105291,2026-04-25,Social Media,LinkedIn Ads,0,Visitor,0
102877,2026-05-15,Organic Search,SEO - Product Pages,0,Visitor,0
107136,2026-04-22,Social Media,LinkedIn Ads,0,Visitor,0
111107,2026-03-18,Direct,Direct/None,0,Visitor,0
105976,2026-02-12,Social Media,Facebook Ads,35,Lead,0
101862,2026-01-14,Organic Search,SEO - Product Pages,0,Visitor,0
105447,2026-02-21,Social Media,LinkedIn Ads,0,Visitor,0
111783,2026-04-17,Direct,Direct/None,0,Visitor,0
104506,2026-03-30,Paid Search,Google Ads - Brand,0,Visitor,0
104772,2026-03-17,Paid Search,Google Ads - Generic,0,Visitor,0
100298,2026-05-03,Organic Search,SEO - Product Pages,0,Visitor,0
100926,2026-05-12,Organic Search,SEO - Product Pages,12,Lead,0
101591,2026-04-26,Organic Search,SEO - Blog,12,MQL,0
110308,2026-05-13,Direct,Direct/None,0,Visitor,0
107766,2026-06-04,Social Media,LinkedIn Ads,0,Visitor,0
107491,2026-04-05,Social Media,Facebook Ads,35,MQL,0
101308,2026-03-04,Organic Search,SEO - Product Pages,0,Visitor,0
104768,2026-02-22,Paid Search,Google Ads - Generic,0,Visitor,0
109392,2026-04-10,Referral,Partner Referral,5,Lead,0
102230,2026-05-23,Organic Search,SEO - Blog,0,Visitor,0
111461,2026-04-23,Direct,Direct/None,0,Visitor,0
100294,2026-05-26,Organic Search,SEO - Blog,12,Lead,0
106346,2026-04-24,Social Media,Facebook Ads,0,Visitor,0
104223,2026-05-07,Paid Search,Google Ads - Generic,0,Visitor,0
102580,2026-02-16,Organic Search,SEO - Product Pages,0,Visitor,0
107576,2026-03-21,Social Media,LinkedIn Ads,0,Visitor,0
106344,2026-01-21,Social Media,Facebook Ads,0,Visitor,0
108315,2026-04-02,Email,Newsletter,0,Visitor,0
100693,2026-04-18,Organic Search,SEO - Blog,0,Visitor,0
100687,2026-04-14,Organic Search,SEO - Product Pages,0,Visitor,0
100818,2026-04-04,Organic Search,SEO - Blog,0,Visitor,0
100217,2026-02-27,Organic Search,SEO - Product Pages,0,Visitor,0
107935,2026-05-02,Email,Product Drip Campaign,8,SQL,0
103890,2026-05-15,Paid Search,Google Ads - Generic,0,Visitor,0
100323,2026-05-01,Organic Search,SEO - Product Pages,0,Visitor,0
106105,2026-04-15,Social Media,LinkedIn Ads,0,Visitor,0
100479,2026-03-07,Organic Search,SEO - Blog,0,Visitor,0
105379,2026-04-19,Social Media,Instagram Ads,0,Visitor,0
105701,2026-03-25,Social Media,Instagram Ads,0,Visitor,0
101890,2026-04-02,Organic Search,SEO - Product Pages,0,Visitor,0
105763,2026-02-26,Social Media,LinkedIn Ads,0,Visitor,0
111408,2026-03-30,Direct,Direct/None,0,Lead,0
100813,2026-04-25,Organic Search,SEO - Blog,12,Lead,0
107434,2026-03-01,Social Media,Instagram Ads,0,Visitor,0
104347,2026-04-17,Paid Search,Google Ads - Generic,0,Visitor,0
109036,2026-05-18,Email,Product Drip Campaign,0,Visitor,0
106222,2026-05-08,Social Media,Instagram Ads,0,Visitor,0
103057,2026-04-26,Paid Search,Google Ads - Generic,0,Visitor,0
102376,2026-04-24,Organic Search,SEO - Blog,0,Visitor,0
104070,2026-06-10,Paid Search,Google Ads - Generic,0,Visitor,0
102033,2026-03-24,Organic Search,SEO - Blog,0,Visitor,0
100968,2026-04-05,Organic Search,SEO - Product Pages,0,Visitor,0
111334,2026-04-07,Direct,Direct/None,0,MQL,0
100973,2026-05-06,Organic Search,SEO - Product Pages,0,Visitor,0
110089,2026-03-22,Referral,Partner Referral,0,Visitor,0
106332,2026-04-16,Social Media,LinkedIn Ads,0,Visitor,0
102705,2026-03-12,Organic Search,SEO - Product Pages,0,Visitor,0
106300,2026-03-31,Social Media,Facebook Ads,0,Visitor,0
109348,2026-01-25,Referral,Customer Referral Program,5,Lead,0
109679,2026-01-28,Referral,Customer Referral Program,0,Visitor,0
107861,2026-03-17,Social Media,LinkedIn Ads,0,Visitor,0
103375,2026-02-27,Paid Search,Google Ads - Generic,0,Visitor,0
110970,2026-01-21,Direct,Direct/None,0,Lead,0
111019,2026-03-27,Direct,Direct/None,0,Visitor,0
111301,2026-04-07,Direct,Direct/None,0,Visitor,0
105602,2026-03-21,Social Media,Facebook Ads,0,Visitor,0
102952,2026-03-12,Paid Search,Google Ads - Generic,0,Visitor,0
109538,2026-05-06,Referral,Partner Referral,0,Visitor,0
109168,2026-05-31,Referral,Partner Referral,5,Lead,0
109452,2026-03-27,Referral,Partner Referral,5,Lead,0
108702,2026-03-18,Email,Newsletter,0,Visitor,0
100123,2026-04-02,Organic Search,SEO - Blog,12,Lead,0
107217,2026-04-15,Social Media,LinkedIn Ads,0,Visitor,0
111478,2026-02-23,Direct,Direct/None,0,Visitor,0
109903,2026-01-30,Referral,Partner Referral,0,Visitor,0
102101,2026-02-26,Organic Search,SEO - Blog,0,Visitor,0
100870,2026-03-31,Organic Search,SEO - Blog,12,Lead,0
111491,2026-05-04,Direct,Direct/None,0,Visitor,0
109223,2026-02-13,Referral,Customer Referral Program,5,Lead,0
106791,2026-05-13,Social Media,Instagram Ads,0,Visitor,0
101999,2026-06-24,Organic Search,SEO - Blog,0,Visitor,0
103591,2026-03-09,Paid Search,Google Ads - Brand,48,Lead,0
101157,2026-03-08,Organic Search,SEO - Blog,0,Visitor,0
103157,2026-02-19,Paid Search,Google Ads - Generic,0,Visitor,0
104429,2026-04-23,Paid Search,Google Ads - Generic,48,MQL,0
105689,2026-01-13,Social Media,Facebook Ads,0,Visitor,0
106481,2026-04-24,Social Media,LinkedIn Ads,35,Lead,0
101576,2026-04-11,Organic Search,SEO - Blog,0,Visitor,0
111701,2026-03-14,Direct,Direct/None,0,SQL,0
108254,2026-02-10,Email,Newsletter,0,Visitor,0
100473,2026-04-29,Organic Search,SEO - Product Pages,0,Visitor,0
104998,2026-04-28,Paid Search,Google Ads - Generic,0,Visitor,0
109058,2026-04-08,Email,Product Drip Campaign,0,Visitor,0
103584,2026-04-17,Paid Search,Google Ads - Brand,0,Visitor,0
102933,2026-03-09,Paid Search,Google Ads - Brand,48,MQL,0
105426,2026-04-28,Social Media,Facebook Ads,0,Visitor,0
108752,2026-05-19,Email,Product Drip Campaign,0,Visitor,0
103389,2026-05-21,Paid Search,Google Ads - Brand,0,Visitor,0
102181,2026-02-15,Organic Search,SEO - Product Pages,0,Visitor,0
104744,2026-03-30,Paid Search,Google Ads - Generic,0,Visitor,0
111389,2026-05-12,Direct,Direct/None,0,Visitor,0
107126,2026-05-09,Social Media,LinkedIn Ads,0,Visitor,0
110992,2026-06-20,Direct,Direct/None,0,Visitor,0
109821,2026-03-03,Referral,Partner Referral,0,Visitor,0
105489,2026-04-19,Social Media,Facebook Ads,0,Visitor,0
110631,2026-05-05,Direct,Direct/None,0,Visitor,0
101150,2026-03-27,Organic Search,SEO - Product Pages,0,Visitor,0
101161,2026-03-10,Organic Search,SEO - Product Pages,0,Visitor,0
108001,2026-05-11,Email,Product Drip Campaign,0,Visitor,0
100257,2026-03-21,Organic Search,SEO - Product Pages,12,Customer,1875
110791,2026-04-13,Direct,Direct/None,0,Visitor,0
100794,2026-03-27,Organic Search,SEO - Product Pages,0,Visitor,0
104874,2026-03-05,Paid Search,Google Ads - Generic,48,Lead,0
109298,2026-02-23,Referral,Partner Referral,0,Visitor,0
106198,2026-02-22,Social Media,Facebook Ads,0,Visitor,0
103856,2026-04-23,Paid Search,Google Ads - Brand,0,Visitor,0
100558,2026-03-01,Organic Search,SEO - Blog,12,Lead,0
110043,2026-02-20,Referral,Customer Referral Program,0,Visitor,0
110281,2026-06-16,Direct,Direct/None,0,SQL,0
102900,2026-05-16,Paid Search,Google Ads - Generic,0,Visitor,0
103221,2026-05-27,Paid Search,Google Ads - Brand,0,Visitor,0
100262,2026-05-30,Organic Search,SEO - Product Pages,0,Visitor,0
103741,2026-03-25,Paid Search,Google Ads - Brand,48,Lead,0
106763,2026-04-10,Social Media,Facebook Ads,0,Visitor,0
108820,2026-03-10,Email,Newsletter,0,Visitor,0
107228,2026-03-15,Social Media,LinkedIn Ads,35,Lead,0
110082,2026-05-01,Referral,Partner Referral,0,Visitor,0
104306,2026-03-24,Paid Search,Google Ads - Generic,48,MQL,0
110271,2026-04-29,Direct,Direct/None,0,Visitor,0
104305,2026-04-17,Paid Search,Google Ads - Brand,0,Visitor,0
105245,2026-03-26,Paid Search,Google Ads - Brand,0,Visitor,0
109799,2026-03-24,Referral,Partner Referral,5,Lead,0
109213,2026-04-13,Referral,Partner Referral,0,Visitor,0
108801,2026-06-07,Email,Product Drip Campaign,0,Visitor,0
109596,2026-05-25,Referral,Customer Referral Program,0,Visitor,0
106823,2026-05-05,Social Media,Instagram Ads,0,Visitor,0
110289,2026-05-07,Direct,Direct/None,0,Visitor,0
100210,2026-04-28,Organic Search,SEO - Blog,12,Lead,0
103799,2026-05-04,Paid Search,Google Ads - Brand,0,Visitor,0
103540,2026-03-31,Paid Search,Google Ads - Generic,48,Lead,0
100154,2026-06-11,Organic Search,SEO - Product Pages,0,Visitor,0
109783,2026-04-17,Referral,Partner Referral,5,MQL,0
110635,2026-02-12,Direct,Direct/None,0,Lead,0
101148,2026-05-13,Organic Search,SEO - Product Pages,0,Visitor,0
101968,2026-03-09,Organic Search,SEO - Blog,0,Visitor,0
108154,2026-03-23,Email,Product Drip Campaign,0,Visitor,0
102434,2026-03-30,Organic Search,SEO - Blog,0,Visitor,0
109826,2026-05-09,Referral,Customer Referral Program,5,MQL,0
100598,2026-04-19,Organic Search,SEO - Product Pages,0,Visitor,0
103138,2026-05-26,Paid Search,Google Ads - Brand,0,Visitor,0
106028,2026-05-08,Social Media,LinkedIn Ads,0,Visitor,0
109849,2026-03-03,Referral,Customer Referral Program,0,Visitor,0
104777,2026-02-27,Paid Search,Google Ads - Brand,48,Lead,0
111200,2026-03-31,Direct,Direct/None,0,Visitor,0
101566,2026-03-31,Organic Search,SEO - Blog,0,Visitor,0
106247,2026-04-29,Social Media,Instagram Ads,0,Visitor,0
107404,2026-05-30,Social Media,LinkedIn Ads,0,Visitor,0
106449,2026-05-27,Social Media,Instagram Ads,0,Visitor,0
109711,2026-04-07,Referral,Partner Referral,0,Visitor,0
111091,2026-04-26,Direct,Direct/None,0,MQL,0
107305,2026-04-04,Social Media,Facebook Ads,0,Visitor,0
108418,2026-04-28,Email,Product Drip Campaign,0,Visitor,0
111403,2026-03-15,Direct,Direct/None,0,Lead,0
110710,2026-05-14,Direct,Direct/None,0,Visitor,0
102244,2026-05-23,Organic Search,SEO - Blog,0,Visitor,0
110586,2026-03-15,Direct,Direct/None,0,Visitor,0
109953,2026-04-22,Referral,Customer Referral Program,0,Visitor,0
101361,2026-04-24,Organic Search,SEO - Blog,0,Visitor,0
103305,2026-04-27,Paid Search,Google Ads - Generic,48,Lead,0
102325,2026-04-23,Organic Search,SEO - Blog,0,Visitor,0
108041,2026-03-25,Email,Newsletter,0,Visitor,0
101481,2026-05-28,Organic Search,SEO - Product Pages,12,Lead,0
101834,2026-06-03,Organic Search,SEO - Product Pages,0,Visitor,0
103662,2026-05-01,Paid Search,Google Ads - Brand,0,Visitor,0
107695,2026-05-12,Social Media,LinkedIn Ads,35,MQL,0
110202,2026-05-15,Direct,Direct/None,0,Visitor,0
105124,2026-02-27,Paid Search,Google Ads - Brand,0,Visitor,0
104188,2026-05-25,Paid Search,Google Ads - Brand,0,Visitor,0
107472,2026-05-20,Social Media,Instagram Ads,35,Lead,0
107655,2026-04-07,Social Media,Facebook Ads,0,Visitor,0
108886,2026-04-25,Email,Newsletter,0,Visitor,0
105242,2026-02-20,Paid Search,Google Ads - Generic,0,Visitor,0
111974,2026-04-23,Direct,Direct/None,0,Visitor,0
105835,2026-04-30,Social Media,Instagram Ads,0,Visitor,0
110805,2026-05-30,Direct,Direct/None,0,Visitor,0
101187,2026-02-05,Organic Search,SEO - Blog,0,Visitor,0
109562,2026-02-26,Referral,Customer Referral Program,0,Visitor,0
101908,2026-05-26,Organic Search,SEO - Blog,0,Visitor,0
104089,2026-02-28,Paid Search,Google Ads - Generic,0,Visitor,0
102478,2026-05-25,Organic Search,SEO - Product Pages,0,Visitor,0
108209,2026-04-22,Email,Newsletter,0,Visitor,0
110707,2026-03-31,Direct,Direct/None,0,Visitor,0
111618,2026-03-04,Direct,Direct/None,0,Lead,0
110398,2026-06-07,Direct,Direct/None,0,Visitor,0
106848,2026-04-04,Social Media,Instagram Ads,0,Visitor,0
101487,2026-04-24,Organic Search,SEO - Product Pages,12,SQL,0
101677,2026-03-02,Organic Search,SEO - Product Pages,0,Visitor,0
102354,2026-03-20,Organic Search,SEO - Blog,0,Visitor,0
108849,2026-05-06,Email,Product Drip Campaign,0,Visitor,0
101572,2026-03-10,Organic Search,SEO - Blog,12,MQL,0
109930,2026-02-09,Referral,Partner Referral,5,MQL,0
105516,2026-04-29,Social Media,Facebook Ads,35,Lead,0
104496,2026-02-09,Paid Search,Google Ads - Brand,0,Visitor,0
100619,2026-04-20,Organic Search,SEO - Product Pages,0,Visitor,0
106224,2026-03-30,Social Media,Facebook Ads,0,Visitor,0
106881,2026-05-11,Social Media,Facebook Ads,35,Lead,0
102848,2026-05-23,Organic Search,SEO - Product Pages,0,Visitor,0
111718,2026-05-01,Direct,Direct/None,0,Visitor,0
100868,2026-03-08,Organic Search,SEO - Product Pages,0,Visitor,0
102508,2026-05-17,Organic Search,SEO - Blog,0,Visitor,0
104983,2026-03-07,Paid Search,Google Ads - Brand,0,Visitor,0
110303,2026-06-04,Direct,Direct/None,0,Visitor,0
104696,2026-03-19,Paid Search,Google Ads - Generic,48,Lead,0
108040,2026-01-30,Email,Product Drip Campaign,0,Visitor,0
104419,2026-04-19,Paid Search,Google Ads - Brand,48,MQL,0
107004,2026-04-28,Social Media,Instagram Ads,0,Visitor,0
108650,2026-05-17,Email,Product Drip Campaign,0,Visitor,0
110326,2026-05-07,Direct,Direct/None,0,SQL,0
107707,2026-04-13,Social Media,Instagram Ads,0,Visitor,0
100791,2026-05-05,Organic Search,SEO - Blog,12,Lead,0
107786,2026-03-26,Social Media,Instagram Ads,0,Visitor,0
107451,2026-04-11,Social Media,Instagram Ads,0,Visitor,0
110453,2026-02-27,Direct,Direct/None,0,Visitor,0
107516,2026-04-29,Social Media,LinkedIn Ads,35,MQL,0
107830,2026-02-19,Social Media,Instagram Ads,0,Visitor,0
102809,2026-04-15,Organic Search,SEO - Blog,0,Visitor,0
105051,2026-04-01,Paid Search,Google Ads - Brand,0,Visitor,0
103519,2026-04-29,Paid Search,Google Ads - Generic,0,Visitor,0
108926,2026-04-16,Email,Product Drip Campaign,8,SQL,0
111927,2026-04-09,Direct,Direct/None,0,Visitor,0
103959,2026-06-05,Paid Search,Google Ads - Brand,0,Visitor,0
107345,2026-05-28,Social Media,Instagram Ads,0,Visitor,0
102134,2026-03-26,Organic Search,SEO - Blog,0,Visitor,0
105053,2026-05-13,Paid Search,Google Ads - Brand,0,Visitor,0
110137,2026-05-16,Referral,Customer Referral Program,5,Customer,1382
102280,2026-06-05,Organic Search,SEO - Product Pages,0,Visitor,0
100660,2026-02-19,Organic Search,SEO - Blog,0,Visitor,0
102431,2026-03-16,Organic Search,SEO - Product Pages,12,MQL,0
103752,2026-04-05,Paid Search,Google Ads - Brand,48,SQL,0
110721,2026-05-06,Direct,Direct/None,0,Visitor,0
111508,2026-05-27,Direct,Direct/None,0,Visitor,0
102592,2026-06-11,Organic Search,Unknown / Untagged,12,MQL,0
106316,2026-04-14,Social Media,Facebook Ads,0,Visitor,0
100643,2026-05-15,Organic Search,SEO - Product Pages,0,Visitor,0
100169,2026-04-17,Organic Search,SEO - Product Pages,0,Visitor,0
109710,2026-04-12,Referral,Customer Referral Program,5,Customer,990
101801,2026-03-23,Organic Search,SEO - Blog,0,Visitor,0
103395,2026-04-06,Paid Search,Google Ads - Brand,48,MQL,0
101918,2026-05-09,Organic Search,SEO - Blog,0,Visitor,0
100273,2026-02-17,Organic Search,SEO - Product Pages,0,Visitor,0
110661,2026-03-17,Direct,Direct/None,0,Visitor,0
111875,2026-01-25,Direct,Direct/None,0,Visitor,0
111769,2026-03-30,Direct,Direct/None,0,Visitor,0
109259,2026-05-19,Referral,Partner Referral,0,Visitor,0
100495,2026-04-21,Organic Search,SEO - Blog,0,Visitor,0
106789,2026-05-03,Social Media,Instagram Ads,0,Visitor,0
101913,2026-03-30,Organic Search,SEO - Blog,0,Visitor,0
103647,2026-03-21,Paid Search,Google Ads - Brand,0,Visitor,0
108231,2026-05-18,Email,Newsletter,0,Visitor,0
100307,2026-04-09,Organic Search,SEO - Blog,0,Visitor,0
104103,2026-03-30,Paid Search,Google Ads - Brand,0,Visitor,0
111022,2026-04-06,Direct,Direct/None,0,Visitor,0
100782,2026-04-03,Organic Search,SEO - Product Pages,0,Visitor,0
105287,2026-01-26,Social Media,LinkedIn Ads,0,Visitor,0
100535,2026-05-21,Organic Search,SEO - Blog,0,Visitor,0
100584,2026-04-18,Organic Search,SEO - Blog,0,Visitor,0
101301,2026-03-26,Organic Search,SEO - Blog,0,Visitor,0
107061,2026-05-25,Social Media,Facebook Ads,0,Visitor,0
107496,2026-03-31,Social Media,Facebook Ads,0,Visitor,0
108242,2026-05-13,Email,Newsletter,0,Visitor,0
111054,2026-03-03,Direct,Direct/None,0,Visitor,0
100317,2026-03-31,Organic Search,SEO - Blog,0,Visitor,0
110390,2026-02-07,Direct,Direct/None,0,Visitor,0
106511,2026-04-25,Social Media,Instagram Ads,0,Visitor,0
102565,2026-04-20,Organic Search,SEO - Product Pages,0,Visitor,0
111847,2026-03-16,Direct,Direct/None,0,Visitor,0
101795,2026-04-04,Organic Search,SEO - Product Pages,0,Visitor,0
106678,2026-05-20,Social Media,Facebook Ads,0,Visitor,0
111677,2026-05-20,Direct,Direct/None,0,Visitor,0
111605,2026-04-17,Direct,Direct/None,0,Visitor,0
108464,2026-03-20,Email,Product Drip Campaign,8,Lead,0
100549,2026-05-24,Organic Search,SEO - Blog,0,Visitor,0
101693,2026-04-18,Organic Search,SEO - Blog,0,Visitor,0
103526,2026-04-15,Paid Search,Google Ads - Generic,0,Visitor,0
103013,2026-02-20,Paid Search,Google Ads - Generic,0,Visitor,0
101631,2026-04-20,Organic Search,SEO - Product Pages,0,Visitor,0
102391,2026-04-01,Organic Search,SEO - Product Pages,12,MQL,0
104695,2026-03-31,Paid Search,Google Ads - Brand,0,Visitor,0
109087,2026-02-05,Email,Product Drip Campaign,8,MQL,0
110192,2026-04-14,Referral,Customer Referral Program,5,Lead,0
110315,2026-04-21,Direct,Direct/None,0,MQL,0
109440,2026-05-13,Referral,Customer Referral Program,5,MQL,0
107705,2026-06-11,Social Media,Facebook Ads,0,Visitor,0
104488,2026-04-18,Paid Search,Google Ads - Generic,0,Visitor,0
101260,2026-03-27,Organic Search,SEO - Blog,0,Visitor,0
108023,2026-03-10,Email,Product Drip Campaign,0,Visitor,0
100810,2026-05-08,Organic Search,SEO - Blog,0,Visitor,0
106389,2026-03-23,Social Media,LinkedIn Ads,0,Visitor,0
101050,2026-03-30,Organic Search,SEO - Product Pages,0,Visitor,0
110071,2026-01-15,Referral,Partner Referral,0,Visitor,0
111072,2026-06-04,Direct,Direct/None,0,Visitor,0
107391,2026-03-11,Social Media,Instagram Ads,0,Visitor,0
100108,2026-03-03,Organic Search,SEO - Product Pages,0,Visitor,0
106250,2026-03-26,Social Media,Facebook Ads,0,Visitor,0
108866,2026-04-11,Email,Product Drip Campaign,0,Visitor,0
106787,2026-03-31,Social Media,Facebook Ads,0,Visitor,0
111439,2026-05-05,Direct,Direct/None,0,Visitor,0
104606,2026-04-28,Paid Search,Google Ads - Brand,0,Visitor,0
111214,2026-04-25,Direct,Direct/None,0,MQL,0
105456,2026-04-30,Social Media,Facebook Ads,0,Visitor,0
101533,2026-04-24,Organic Search,SEO - Product Pages,0,Visitor,0
104963,2026-02-07,Paid Search,Google Ads - Brand,0,Visitor,0
110048,2026-05-31,Referral,Customer Referral Program,0,Visitor,0
100212,2026-03-24,Organic Search,SEO - Product Pages,0,Visitor,0
103148,2026-04-07,Paid Search,Google Ads - Generic,0,Visitor,0
105157,2026-04-18,Paid Search,Unknown / Untagged,48,Lead,0
110449,2026-05-12,Direct,Direct/None,0,Visitor,0
110298,2026-03-21,Direct,Direct/None,0,Visitor,0
102151,2026-05-31,Organic Search,SEO - Blog,0,Visitor,0
106996,2026-04-02,Social Media,LinkedIn Ads,0,Visitor,0
101974,2026-04-12,Organic Search,SEO - Product Pages,12,Lead,0
104686,2026-02-24,Paid Search,Google Ads - Brand,48,MQL,0
108183,2026-03-12,Email,Product Drip Campaign,0,Visitor,0
107608,2026-03-21,Social Media,Facebook Ads,0,Visitor,0
109694,2026-05-18,Referral,Partner Referral,0,Visitor,0
108839,2026-01-22,Email,Product Drip Campaign,8,MQL,0
100772,2026-02-12,Organic Search,SEO - Product Pages,0,Visitor,0
107503,2026-02-09,Social Media,Facebook Ads,0,Visitor,0
108896,2026-04-28,Email,Product Drip Campaign,0,Visitor,0
101250,2026-04-04,Organic Search,SEO - Product Pages,0,Visitor,0
107891,2026-04-10,Social Media,Facebook Ads,35,Lead,0
107254,2026-02-02,Social Media,Instagram Ads,0,Visitor,0
110665,2026-04-04,Direct,Direct/None,0,Visitor,0
111433,2026-06-10,Direct,Direct/None,0,Customer,1582
106574,2026-05-25,Social Media,Facebook Ads,0,Visitor,0
110053,2026-06-06,Referral,Customer Referral Program,5,MQL,0
106820,2026-02-21,Social Media,Instagram Ads,0,Visitor,0
100710,2026-06-04,Organic Search,SEO - Blog,0,Visitor,0
102673,2026-03-12,Organic Search,SEO - Blog,0,Visitor,0
104515,2026-03-05,Paid Search,Google Ads - Brand,0,Visitor,0
101462,2026-05-07,Organic Search,SEO - Blog,0,Visitor,0
109677,2026-03-12,Referral,Customer Referral Program,0,Visitor,0
102546,2026-03-20,Organic Search,SEO - Blog,12,MQL,0
107742,2026-03-24,Social Media,LinkedIn Ads,0,Visitor,0
107218,2026-03-16,Social Media,LinkedIn Ads,0,Visitor,0
108423,2026-03-27,Email,Product Drip Campaign,0,Visitor,0
101357,2026-04-02,Organic Search,SEO - Blog,0,Visitor,0
103012,2026-06-23,Paid Search,Google Ads - Brand,0,Visitor,0
101005,2026-03-02,Organic Search,SEO - Blog,0,Visitor,0
110189,2026-05-12,Referral,Customer Referral Program,0,Visitor,0
101835,2026-04-01,Organic Search,SEO - Product Pages,0,Visitor,0
107904,2026-05-21,Social Media,Facebook Ads,0,Visitor,0
111835,2026-04-28,Direct,Direct/None,0,Visitor,0
107743,2026-04-06,Social Media,Facebook Ads,0,Visitor,0
101317,2026-04-10,Organic Search,SEO - Product Pages,0,Visitor,0
103328,2026-02-05,Paid Search,Google Ads - Generic,48,MQL,0
101624,2026-04-09,Organic Search,SEO - Product Pages,0,Visitor,0
109673,2026-03-06,Referral,Partner Referral,0,Visitor,0
103834,2026-05-17,Paid Search,Google Ads - Brand,0,Visitor,0
105745,2026-04-27,Social Media,Instagram Ads,0,Visitor,0
101279,2026-04-10,Organic Search,SEO - Product Pages,0,Visitor,0
110016,2026-03-20,Referral,Customer Referral Program,5,MQL,0
109246,2026-03-30,Referral,Partner Referral,5,Lead,0
104146,2026-05-23,Paid Search,Google Ads - Brand,0,Visitor,0
108668,2026-04-15,Email,Product Drip Campaign,0,Visitor,0
110475,2026-04-15,Direct,Direct/None,0,Visitor,0
103147,2026-04-03,Paid Search,Google Ads - Generic,48,Lead,0
105643,2026-05-23,Social Media,Instagram Ads,0,Visitor,0
108528,2026-02-06,Email,Product Drip Campaign,8,Lead,0
107140,2026-04-09,Social Media,LinkedIn Ads,0,Visitor,0
102618,2026-03-27,Organic Search,SEO - Blog,12,Lead,0
103663,2026-02-25,Paid Search,Google Ads - Brand,48,Lead,0
100089,2026-04-02,Organic Search,SEO - Blog,0,Visitor,0
100875,2026-06-07,Organic Search,SEO - Product Pages,12,Lead,0
108736,2026-02-01,Email,Product Drip Campaign,0,Visitor,0
103001,2026-03-12,Paid Search,Google Ads - Generic,0,Visitor,0
102761,2026-03-12,Organic Search,SEO - Product Pages,0,Visitor,0
101881,2026-03-31,Organic Search,SEO - Blog,0,Visitor,0
100107,2026-04-21,Organic Search,SEO - Product Pages,0,Visitor,0
100927,2026-03-10,Organic Search,SEO - Product Pages,0,Visitor,0
106366,2026-05-06,Social Media,LinkedIn Ads,0,Visitor,0
100320,2026-03-03,Organic Search,SEO - Blog,12,MQL,0
100879,2026-03-13,Organic Search,SEO - Blog,0,Visitor,0
106774,2026-04-08,Social Media,Facebook Ads,0,Visitor,0
103995,2026-02-24,Paid Search,Google Ads - Generic,48,Lead,0
104922,2026-04-12,Paid Search,Google Ads - Brand,48,Lead,0
105387,2026-05-06,Social Media,LinkedIn Ads,35,Lead,0
103079,2026-03-31,Paid Search,Google Ads - Brand,48,Lead,0
104731,2026-06-07,Paid Search,Google Ads - Brand,0,Visitor,0
111621,2026-03-19,Direct,Direct/None,0,Visitor,0
104235,2026-04-21,Paid Search,Google Ads - Generic,0,Visitor,0
104260,2026-02-21,Paid Search,Google Ads - Generic,0,Visitor,0
109811,2026-03-26,Referral,Partner Referral,5,Lead,0
103727,2026-02-24,Paid Search,Google Ads - Brand,0,Visitor,0
111931,2026-04-16,Direct,Direct/None,0,Visitor,0
109238,2026-02-27,Referral,Customer Referral Program,5,Customer,1459
101751,2026-05-11,Organic Search,SEO - Blog,0,Visitor,0
107692,2026-04-29,Social Media,Instagram Ads,0,Visitor,0
105152,2026-05-06,Paid Search,Google Ads - Brand,48,Lead,0
103879,2026-02-15,Paid Search,Google Ads - Brand,0,Visitor,0
105865,2026-04-07,Social Media,LinkedIn Ads,0,Visitor,0
105601,2026-03-29,Social Media,Facebook Ads,0,Visitor,0
101044,2026-02-01,Organic Search,SEO - Product Pages,0,Visitor,0
103011,2026-03-27,Paid Search,Google Ads - Brand,0,Visitor,0
105156,2026-03-22,Paid Search,Google Ads - Brand,0,Visitor,0
106778,2026-04-12,Social Media,LinkedIn Ads,0,Visitor,0
107787,2026-04-14,Social Media,LinkedIn Ads,0,Visitor,0
104591,2026-01-15,Paid Search,Google Ads - Brand,48,Lead,0
110257,2026-03-10,Direct,Direct/None,0,Visitor,0
102965,2026-04-11,Paid Search,Google Ads - Generic,48,SQL,0
108834,2026-03-02,Email,Product Drip Campaign,0,Visitor,0
100138,2026-03-24,Organic Search,SEO - Blog,0,Visitor,0
109073,2026-04-01,Email,Newsletter,0,Visitor,0
110169,2026-02-23,Referral,Customer Referral Program,5,MQL,0
109774,2026-04-08,Referral,Partner Referral,5,Lead,0
101098,2026-02-27,Organic Search,SEO - Blog,0,Visitor,0
111282,2026-01-17,Direct,Direct/None,0,Visitor,0
111702,2026-04-17,Direct,Direct/None,0,Visitor,0
106550,2026-03-27,Social Media,Facebook Ads,0,Visitor,0
109585,2026-05-15,Referral,Partner Referral,0,Visitor,0
110276,2026-04-21,Direct,Direct/None,0,Visitor,0
109459,2026-04-09,Referral,Partner Referral,5,MQL,0
106472,2026-03-25,Social Media,Facebook Ads,0,Visitor,0
106462,2026-04-25,Social Media,LinkedIn Ads,0,Visitor,0
105266,2026-02-06,Paid Search,Google Ads - Brand,0,Visitor,0
110767,2026-02-04,Direct,Direct/None,0,Visitor,0
102136,2026-06-24,Organic Search,SEO - Blog,0,Visitor,0
109696,2026-05-16,Referral,Customer Referral Program,5,MQL,0
105459,2026-04-24,Social Media,Facebook Ads,0,Visitor,0
105079,2026-03-17,Paid Search,Google Ads - Brand,0,Visitor,0
103368,2026-01-13,Paid Search,Google Ads - Generic,0,Visitor,0
103730,2026-04-02,Paid Search,Google Ads - Generic,0,Visitor,0
100149,2026-06-04,Organic Search,SEO - Product Pages,0,Visitor,0
100304,2026-05-07,Organic Search,SEO - Blog,0,Visitor,0
105114,2026-04-22,Paid Search,Google Ads - Brand,0,Visitor,0
110117,2026-05-26,Referral,Partner Referral,0,Visitor,0
105149,2026-03-30,Paid Search,Google Ads - Brand,0,Visitor,0
101271,2026-05-05,Organic Search,SEO - Product Pages,12,Customer,834
110830,2026-04-23,Direct,Direct/None,0,Visitor,0
101905,2026-01-15,Organic Search,SEO - Product Pages,0,Visitor,0
102211,2026-04-21,Organic Search,SEO - Blog,0,Visitor,0
104295,2026-05-11,Paid Search,Google Ads - Brand,48,Lead,0
103843,2026-03-23,Paid Search,Google Ads - Brand,48,Lead,0
103575,2026-03-22,Paid Search,Google Ads - Brand,0,Visitor,0
109961,2026-04-14,Referral,Partner Referral,0,Visitor,0
102876,2026-05-01,Organic Search,SEO - Product Pages,0,Visitor,0
110433,2026-05-21,Direct,Direct/None,0,Visitor,0
105041,2026-04-28,Paid Search,Google Ads - Generic,0,Visitor,0
102299,2026-02-04,Organic Search,SEO - Blog,0,Visitor,0
108676,2026-04-25,Email,Newsletter,0,Visitor,0
105279,2026-04-06,Paid Search,Google Ads - Generic,0,Visitor,0
105436,2026-03-26,Social Media,Facebook Ads,0,Visitor,0
109473,2026-02-21,Referral,Customer Referral Program,0,Visitor,0
105128,2026-02-04,Paid Search,Google Ads - Generic,48,Lead,0
108984,2026-04-07,Email,Newsletter,0,Visitor,0
106529,2026-03-27,Social Media,Facebook Ads,0,Visitor,0
106895,2026-02-23,Social Media,Facebook Ads,0,Visitor,0
101202,2026-04-24,Organic Search,SEO - Blog,0,Visitor,0
110555,2026-04-04,Direct,Direct/None,0,Visitor,0
100974,2026-04-22,Organic Search,SEO - Product Pages,12,MQL,0
111262,2026-03-17,Direct,Direct/None,0,Visitor,0
103430,2026-05-01,Paid Search,Google Ads - Generic,0,Visitor,0
101866,2026-03-02,Organic Search,SEO - Blog,0,Visitor,0
111911,2026-01-23,Direct,Direct/None,0,Lead,0
105576,2026-04-05,Social Media,Instagram Ads,0,Visitor,0
110784,2026-04-02,Direct,Direct/None,0,Visitor,0
107058,2026-05-05,Social Media,LinkedIn Ads,0,Visitor,0
110903,2026-04-06,Direct,Direct/None,0,Visitor,0
105717,2026-01-19,Social Media,Instagram Ads,0,Visitor,0
109722,2026-02-21,Referral,Customer Referral Program,5,MQL,0
104999,2026-05-24,Paid Search,Google Ads - Generic,0,Visitor,0
102810,2026-02-19,Organic Search,SEO - Blog,0,Visitor,0
108878,2026-01-25,Email,Product Drip Campaign,0,Visitor,0
109744,2026-02-28,Referral,Partner Referral,0,Visitor,0
104256,2026-05-12,Paid Search,Google Ads - Generic,48,SQL,0
107529,2026-05-20,Social Media,LinkedIn Ads,0,Visitor,0
108753,2026-03-19,Email,Newsletter,0,Visitor,0
110443,2026-04-10,Direct,Direct/None,0,Visitor,0
102891,2026-03-12,Paid Search,Google Ads - Generic,0,Visitor,0
103501,2026-04-10,Paid Search,Google Ads - Generic,0,Visitor,0
110882,2026-05-16,Direct,Direct/None,0,Visitor,0
111957,2026-06-14,Direct,Direct/None,0,MQL,0
103380,2026-04-03,Paid Search,Google Ads - Generic,0,Visitor,0
103194,2026-05-16,Paid Search,Google Ads - Generic,0,Visitor,0
101447,2026-04-28,Organic Search,SEO - Blog,0,Visitor,0
101953,2026-02-05,Organic Search,SEO - Product Pages,0,Visitor,0
107125,2026-05-21,Social Media,LinkedIn Ads,0,Visitor,0
109115,2026-03-24,Email,Newsletter,8,MQL,0
101625,2026-05-23,Organic Search,SEO - Product Pages,0,Visitor,0
108503,2026-04-20,Email,Newsletter,0,Visitor,0
106950,2026-06-13,Social Media,Instagram Ads,0,Visitor,0
101320,2026-05-17,Organic Search,SEO - Blog,0,Visitor,0
103532,2026-05-07,Paid Search,Google Ads - Generic,0,Visitor,0
101664,2026-02-13,Organic Search,SEO - Product Pages,0,Visitor,0
100816,2026-02-21,Organic Search,SEO - Blog,0,Visitor,0
111538,2026-02-05,Direct,Direct/None,0,Visitor,0
110459,2026-06-26,Direct,Direct/None,0,Visitor,0
109666,2026-03-28,Referral,Partner Referral,5,MQL,0
109966,2026-04-10,Referral,Customer Referral Program,0,Visitor,0
104776,2026-01-09,Paid Search,Google Ads - Generic,0,Visitor,0
111727,2026-04-02,Direct,Direct/None,0,Visitor,0
101094,2026-04-11,Organic Search,SEO - Blog,0,Visitor,0
104177,2026-05-30,Paid Search,Google Ads - Brand,48,Customer,1423
101951,2026-04-26,Organic Search,SEO - Blog,0,Visitor,0
103885,2026-02-14,Paid Search,Google Ads - Generic,48,Lead,0
111515,2026-04-21,Direct,Direct/None,0,Visitor,0
111708,2026-06-05,Direct,Direct/None,0,Visitor,0
102801,2026-01-28,Organic Search,SEO - Product Pages,0,Visitor,0
101240,2026-05-19,Organic Search,SEO - Blog,0,Visitor,0
100330,2026-03-23,Organic Search,SEO - Product Pages,0,Visitor,0
103103,2026-02-21,Paid Search,Google Ads - Generic,0,Visitor,0
108435,2026-02-11,Email,Newsletter,0,Visitor,0
102543,2026-04-20,Organic Search,SEO - Blog,12,Lead,0
104738,2026-03-17,Paid Search,Google Ads - Brand,0,Visitor,0
104793,2026-04-24,Paid Search,Google Ads - Generic,48,Lead,0
110450,2026-03-19,Direct,Direct/None,0,Visitor,0
106647,2026-05-09,Social Media,Facebook Ads,0,Visitor,0
102819,2026-03-09,Organic Search,SEO - Blog,0,Visitor,0
100754,2026-03-27,Organic Search,SEO - Blog,0,Visitor,0
104532,2026-04-27,Paid Search,Google Ads - Brand,0,Visitor,0
101564,2026-04-04,Organic Search,SEO - Blog,0,Visitor,0
101935,2026-04-10,Organic Search,SEO - Product Pages,0,Visitor,0
107208,2026-01-09,Social Media,LinkedIn Ads,0,Visitor,0
111864,2026-04-17,Direct,Direct/None,0,Visitor,0
103494,2026-03-12,Paid Search,Google Ads - Generic,0,Visitor,0
111215,2026-05-12,Direct,Direct/None,0,MQL,0
107713,2026-02-15,Social Media,LinkedIn Ads,0,Visitor,0
110841,2026-02-23,Direct,Direct/None,0,Visitor,0
101857,2026-01-29,Organic Search,SEO - Blog,0,Visitor,0
104698,2026-04-23,Paid Search,Google Ads - Brand,0,Visitor,0
103564,2026-04-16,Paid Search,Google Ads - Brand,0,Visitor,0
110157,2026-02-14,Referral,Partner Referral,5,SQL,0
101014,2026-02-28,Organic Search,SEO - Blog,0,Visitor,0
109620,2026-05-05,Referral,Partner Referral,0,Visitor,0
106109,2026-03-27,Social Media,Instagram Ads,0,Visitor,0
105483,2026-06-21,Social Media,Instagram Ads,0,Visitor,0
109488,2026-02-05,Referral,Customer Referral Program,0,Visitor,0
100467,2026-01-14,Organic Search,SEO - Product Pages,12,MQL,0
104029,2026-03-04,Paid Search,Google Ads - Brand,0,Visitor,0
104881,2026-03-09,Paid Search,Google Ads - Generic,48,Lead,0
100278,2026-04-08,Organic Search,SEO - Product Pages,0,Visitor,0
101070,2026-04-29,Organic Search,SEO - Blog,0,Visitor,0
109741,2026-02-20,Referral,Customer Referral Program,0,Visitor,0
109217,2026-01-26,Referral,Customer Referral Program,0,Visitor,0
105562,2026-04-23,Social Media,Instagram Ads,0,Visitor,0
106867,2026-03-16,Social Media,Instagram Ads,0,Visitor,0
105037,2026-05-30,Paid Search,Google Ads - Brand,48,Lead,0
106804,2026-03-01,Social Media,Facebook Ads,0,Visitor,0
109659,2026-02-15,Referral,Partner Referral,5,Lead,0
111542,2026-04-25,Direct,Direct/None,0,MQL,0
105546,2026-05-20,Social Media,LinkedIn Ads,0,Visitor,0
105003,2026-04-19,Paid Search,Google Ads - Generic,48,Lead,0
101714,2026-03-20,Organic Search,SEO - Blog,0,Visitor,0
107641,2026-03-29,Social Media,LinkedIn Ads,0,Visitor,0
102612,2026-04-12,Organic Search,SEO - Blog,0,Visitor,0
107394,2026-01-27,Social Media,Facebook Ads,0,Visitor,0
100389,2026-04-26,Organic Search,SEO - Product Pages,0,Visitor,0
110263,2026-03-29,Direct,Direct/None,0,Visitor,0
108021,2026-02-24,Email,Newsletter,0,Visitor,0
103496,2026-01-29,Paid Search,Google Ads - Generic,0,Visitor,0
111014,2026-05-12,Direct,Direct/None,0,MQL,0
104977,2026-04-11,Paid Search,Google Ads - Brand,0,Visitor,0
109617,2026-03-14,Referral,Partner Referral,5,MQL,0
103543,2026-05-26,Paid Search,Google Ads - Generic,0,Visitor,0
107289,2026-02-07,Social Media,LinkedIn Ads,0,Visitor,0
107311,2026-05-19,Social Media,Instagram Ads,0,Visitor,0
100051,2026-03-11,Organic Search,SEO - Product Pages,0,Visitor,0
110080,2026-03-06,Referral,Partner Referral,0,Visitor,0
106588,2026-05-03,Social Media,Instagram Ads,0,Visitor,0
104230,2026-05-08,Paid Search,Google Ads - Generic,0,Visitor,0
100483,2026-06-23,Organic Search,SEO - Blog,0,Visitor,0
102252,2026-04-04,Organic Search,SEO - Product Pages,0,Visitor,0
104163,2026-02-07,Paid Search,Google Ads - Generic,0,Visitor,0
111884,2026-04-07,Direct,Direct/None,0,Visitor,0
110506,2026-03-05,Direct,Direct/None,0,Visitor,0
111042,2026-02-28,Direct,Direct/None,0,Visitor,0
105093,2026-06-18,Paid Search,Google Ads - Brand,0,Visitor,0
103104,2026-01-26,Paid Search,Google Ads - Brand,0,Visitor,0
110658,2026-03-01,Direct,Direct/None,0,Visitor,0
102930,2026-02-15,Paid Search,Google Ads - Brand,48,Lead,0
106777,2026-05-13,Social Media,LinkedIn Ads,0,Visitor,0
104970,2026-06-05,Paid Search,Google Ads - Generic,48,Lead,0
100065,2026-02-16,Organic Search,SEO - Blog,0,Visitor,0
111797,2026-06-20,Direct,Direct/None,0,Visitor,0
107574,2026-04-27,Social Media,LinkedIn Ads,0,Visitor,0
108969,2026-05-14,Email,Product Drip Campaign,8,MQL,0
104588,2026-03-31,Paid Search,Google Ads - Generic,0,Visitor,0
110927,2026-06-07,Direct,Direct/None,0,Visitor,0
106403,2026-04-25,Social Media,LinkedIn Ads,0,Visitor,0
110773,2026-05-09,Direct,Direct/None,0,Visitor,0
106210,2026-04-07,Social Media,LinkedIn Ads,0,Visitor,0
104617,2026-03-01,Paid Search,Google Ads - Generic,48,Lead,0
103333,2026-04-23,Paid Search,Google Ads - Brand,0,Visitor,0
110537,2026-05-06,Direct,Direct/None,0,Visitor,0
107588,2026-04-17,Social Media,Facebook Ads,0,Visitor,0
102816,2026-01-26,Organic Search,SEO - Blog,12,MQL,0
103965,2026-04-12,Paid Search,Google Ads - Generic,0,Visitor,0
107607,2026-05-16,Social Media,LinkedIn Ads,0,Visitor,0
105382,2026-04-07,Social Media,Facebook Ads,35,MQL,0
105940,2026-04-05,Social Media,Instagram Ads,0,Visitor,0
108917,2026-03-30,Email,Newsletter,8,SQL,0
103242,2026-04-29,Paid Search,Google Ads - Generic,48,Lead,0
110532,2026-05-04,Direct,Direct/None,0,Lead,0
102794,2026-04-22,Organic Search,SEO - Blog,0,Visitor,0
105734,2026-04-17,Social Media,Facebook Ads,0,Visitor,0
102525,2026-04-24,Organic Search,SEO - Product Pages,0,Visitor,0
101736,2026-06-14,Organic Search,SEO - Blog,0,Visitor,0
107961,2026-06-22,Email,Product Drip Campaign,0,Visitor,0
103125,2026-03-12,Paid Search,Google Ads - Generic,0,Visitor,0
104941,2026-03-25,Paid Search,Google Ads - Generic,48,Lead,0
107976,2026-05-11,Email,Newsletter,8,Lead,0
100274,2026-05-01,Organic Search,Unknown / Untagged,12,Lead,0
111137,2026-02-13,Direct,Direct/None,0,Visitor,0
111840,2026-03-07,Direct,Direct/None,0,Visitor,0
107022,2026-04-18,Social Media,Facebook Ads,0,Visitor,0
111574,2026-03-20,Direct,Direct/None,0,Visitor,0
106556,2026-04-16,Social Media,Facebook Ads,0,Visitor,0
105579,2026-02-27,Social Media,LinkedIn Ads,0,Visitor,0
105497,2026-04-29,Social Media,Facebook Ads,0,Visitor,0
101453,2026-03-14,Organic Search,SEO - Product Pages,12,MQL,0
110908,2026-03-15,Direct,Direct/None,0,Visitor,0
102693,2026-05-15,Organic Search,SEO - Blog,0,Visitor,0
102768,2026-03-15,Organic Search,SEO - Product Pages,12,Lead,0
108411,2026-03-22,Email,Product Drip Campaign,8,Customer,1326
100240,2026-03-10,Organic Search,SEO - Blog,0,Visitor,0
101132,2026-05-19,Organic Search,SEO - Blog,0,Visitor,0
111803,2026-05-03,Direct,Direct/None,0,Lead,0
107894,2026-03-14,Social Media,Instagram Ads,0,Visitor,0
103265,2026-03-29,Paid Search,Google Ads - Brand,0,Visitor,0
110432,2026-06-07,Direct,Direct/None,0,Visitor,0
105350,2026-02-08,Social Media,Instagram Ads,0,Visitor,0
105765,2026-05-17,Social Media,Instagram Ads,0,Visitor,0
101384,2026-03-22,Organic Search,SEO - Blog,0,Visitor,0
103075,2026-05-26,Paid Search,Google Ads - Brand,48,Lead,0
104861,2026-03-08,Paid Search,Google Ads - Brand,0,Visitor,0
101358,2026-03-29,Organic Search,SEO - Product Pages,0,Visitor,0
104872,2026-04-21,Paid Search,Google Ads - Brand,0,Visitor,0
102631,2026-04-24,Organic Search,SEO - Blog,12,MQL,0
111025,2026-04-14,Direct,Direct/None,0,Visitor,0
100625,2026-02-14,Organic Search,SEO - Product Pages,0,Visitor,0
100840,2026-01-29,Organic Search,SEO - Product Pages,0,Visitor,0
104724,2026-05-03,Paid Search,Google Ads - Brand,0,Visitor,0
107664,2026-05-20,Social Media,Instagram Ads,0,Visitor,0
100324,2026-06-07,Organic Search,SEO - Product Pages,0,Visitor,0
101868,2026-03-06,Organic Search,SEO - Blog,0,Visitor,0
105257,2026-03-15,Paid Search,Google Ads - Generic,48,Lead,0
102827,2026-04-23,Organic Search,SEO - Product Pages,0,Visitor,0
105173,2026-04-08,Paid Search,Google Ads - Generic,48,MQL,0
107084,2026-05-21,Social Media,Facebook Ads,0,Visitor,0
103928,2026-05-14,Paid Search,Google Ads - Generic,0,Visitor,0
108630,2026-06-16,Email,Newsletter,0,Visitor,0
100120,2026-02-12,Organic Search,SEO - Blog,12,Lead,0
111732,2026-04-29,Direct,Direct/None,0,Visitor,0
111533,2026-05-09,Direct,Direct/None,0,MQL,0
102378,2026-04-11,Organic Search,SEO - Product Pages,0,Visitor,0
105911,2026-06-02,Social Media,LinkedIn Ads,0,Visitor,0
107510,2026-02-21,Social Media,Facebook Ads,0,Visitor,0
110032,2026-03-04,Referral,Customer Referral Program,0,Visitor,0
109219,2026-04-01,Referral,Partner Referral,5,Customer,2232
103302,2026-02-18,Paid Search,Google Ads - Brand,48,Lead,0
107525,2026-05-05,Social Media,Facebook Ads,35,Lead,0
104173,2026-03-14,Paid Search,Google Ads - Brand,0,Visitor,0
111294,2026-01-25,Direct,Direct/None,0,Visitor,0
109093,2026-02-05,Email,Product Drip Campaign,0,Visitor,0
107880,2026-03-28,Social Media,Instagram Ads,0,Visitor,0
109397,2026-03-12,Referral,Customer Referral Program,0,Visitor,0
111623,2026-06-07,Direct,Direct/None,0,Visitor,0
105038,2026-01-30,Paid Search,Google Ads - Brand,0,Visitor,0
106722,2026-04-18,Social Media,Instagram Ads,0,Visitor,0
104051,2026-06-03,Paid Search,Google Ads - Generic,0,Visitor,0
106964,2026-05-03,Social Media,Instagram Ads,0,Visitor,0
100553,2026-03-19,Organic Search,SEO - Blog,0,Visitor,0
100407,2026-04-14,Organic Search,SEO - Blog,0,Visitor,0
106214,2026-02-27,Social Media,Instagram Ads,0,Visitor,0
103135,2026-04-11,Paid Search,Google Ads - Brand,0,Visitor,0
109806,2026-05-30,Referral,Partner Referral,5,Lead,0
111127,2026-03-06,Direct,Direct/None,0,Visitor,0
103299,2026-04-12,Paid Search,Google Ads - Generic,0,Visitor,0
111026,2026-05-28,Direct,Direct/None,0,Visitor,0
107480,2026-03-12,Social Media,Instagram Ads,35,SQL,0
102350,2026-06-10,Organic Search,SEO - Blog,0,Visitor,0
105843,2026-04-09,Social Media,Instagram Ads,35,Lead,0
111302,2026-04-19,Direct,Direct/None,0,Visitor,0
107666,2026-05-01,Social Media,Instagram Ads,0,Visitor,0
109931,2026-05-15,Referral,Partner Referral,0,Visitor,0
100237,2026-04-17,Organic Search,SEO - Product Pages,0,Visitor,0
105782,2026-01-27,Social Media,Instagram Ads,0,Visitor,0
106083,2026-04-30,Social Media,Facebook Ads,0,Visitor,0
106080,2026-02-04,Social Media,Facebook Ads,0,Visitor,0
107898,2026-03-25,Social Media,Instagram Ads,35,Lead,0
103164,2026-03-24,Paid Search,Google Ads - Brand,0,Visitor,0
100500,2026-04-17,Organic Search,SEO - Product Pages,0,Visitor,0
104919,2026-05-09,Paid Search,Google Ads - Generic,0,Visitor,0
103626,2026-05-22,Paid Search,Google Ads - Generic,0,Visitor,0
103128,2026-03-16,Paid Search,Google Ads - Brand,0,Visitor,0
108987,2026-01-25,Email,Product Drip Campaign,0,Visitor,0
103359,2026-06-04,Paid Search,Google Ads - Brand,0,Visitor,0
111484,2026-03-30,Direct,Direct/None,0,Visitor,0
109183,2026-03-22,Referral,Partner Referral,0,Visitor,0
107079,2026-04-03,Social Media,Instagram Ads,0,Visitor,0
110628,2026-03-05,Direct,Direct/None,0,Visitor,0
108583,2026-03-11,Email,Product Drip Campaign,0,Visitor,0
104840,2026-03-07,Paid Search,Google Ads - Brand,0,Visitor,0
110593,2026-03-21,Direct,Direct/None,0,Visitor,0
101218,2026-05-12,Organic Search,SEO - Product Pages,0,Visitor,0
100236,2026-04-07,Organic Search,SEO - Product Pages,0,Visitor,0
100332,2026-06-11,Organic Search,SEO - Product Pages,12,Lead,0
104577,2026-04-06,Paid Search,Google Ads - Brand,0,Visitor,0
103189,2026-03-06,Paid Search,Google Ads - Generic,0,Visitor,0
107777,2026-04-14,Social Media,LinkedIn Ads,0,Visitor,0
100045,2026-05-12,Organic Search,SEO - Blog,0,Visitor,0
107926,2026-05-14,Email,Product Drip Campaign,0,Visitor,0
111743,2026-05-21,Direct,Direct/None,0,Lead,0
104217,2026-04-24,Paid Search,Google Ads - Generic,0,Visitor,0
103073,2026-04-10,Paid Search,Google Ads - Brand,0,Visitor,0
111327,2026-05-19,Direct,Direct/None,0,Visitor,0
107912,2026-05-19,Social Media,LinkedIn Ads,0,Visitor,0
105023,2026-02-27,Paid Search,Google Ads - Brand,48,Lead,0
106660,2026-04-11,Social Media,Facebook Ads,0,Visitor,0
101595,2026-03-08,Organic Search,SEO - Blog,0,Visitor,0
108416,2026-02-04,Email,Product Drip Campaign,0,Visitor,0
104710,2026-06-10,Paid Search,Google Ads - Brand,0,Visitor,0
102892,2026-06-01,Paid Search,Google Ads - Generic,48,Lead,0
101246,2026-04-21,Organic Search,SEO - Blog,0,Visitor,0
101541,2026-04-16,Organic Search,SEO - Blog,0,Visitor,0
104626,2026-06-21,Paid Search,Google Ads - Brand,0,Visitor,0
110726,2026-01-26,Direct,Direct/None,0,Visitor,0
100819,2026-03-09,Organic Search,SEO - Blog,12,MQL,0
100156,2026-04-29,Organic Search,SEO - Blog,12,Lead,0
107511,2026-02-22,Social Media,LinkedIn Ads,0,Visitor,0
106745,2026-02-22,Social Media,Instagram Ads,0,Visitor,0
108636,2026-03-31,Email,Product Drip Campaign,8,Customer,2328
100249,2026-04-15,Organic Search,SEO - Product Pages,0,Visitor,0
104015,2026-02-27,Paid Search,Unknown / Untagged,0,Visitor,0
107610,2026-05-13,Social Media,Facebook Ads,35,Lead,0
110829,2026-04-15,Direct,Direct/None,0,Visitor,0
105227,2026-02-16,Paid Search,Google Ads - Generic,0,Visitor,0
108175,2026-05-13,Email,Newsletter,8,MQL,0
108986,2026-04-06,Email,Product Drip Campaign,0,Visitor,0
108120,2026-03-02,Email,Product Drip Campaign,0,Visitor,0
109918,2026-02-05,Referral,Partner Referral,5,SQL,0
103190,2026-02-22,Paid Search,Google Ads - Brand,0,Visitor,0
102650,2026-04-15,Organic Search,SEO - Blog,12,MQL,0
100629,2026-04-02,Organic Search,SEO - Blog,0,Visitor,0
101231,2026-03-10,Organic Search,SEO - Blog,0,Visitor,0
102340,2026-04-21,Organic Search,SEO - Blog,0,Visitor,0
107708,2026-05-06,Social Media,Facebook Ads,0,Visitor,0
110036,2026-03-25,Referral,Customer Referral Program,5,MQL,0
106831,2026-06-05,Social Media,Facebook Ads,0,Visitor,0
107369,2026-05-19,Social Media,LinkedIn Ads,0,Visitor,0
109813,2026-02-26,Referral,Partner Referral,0,Visitor,0
101452,2026-04-12,Organic Search,SEO - Product Pages,0,Visitor,0
111095,2026-06-06,Direct,Direct/None,0,Visitor,0
101829,2026-02-08,Organic Search,SEO - Blog,0,Visitor,0
109019,2026-03-28,Email,Product Drip Campaign,8,MQL,0
101640,2026-02-20,Organic Search,SEO - Blog,12,MQL,0
103865,2026-02-19,Paid Search,Google Ads - Generic,0,Visitor,0
107938,2026-02-08,Email,Newsletter,8,Lead,0
111106,2026-03-20,Direct,Direct/None,0,Visitor,0
111132,2026-04-07,Direct,Direct/None,0,Visitor,0
103421,2026-03-23,Paid Search,Google Ads - Brand,0,Visitor,0
103768,2026-03-20,Paid Search,Google Ads - Brand,0,Visitor,0
108728,2026-03-14,Email,Product Drip Campaign,0,Visitor,0
105907,2026-04-23,Social Media,Facebook Ads,0,Visitor,0
110856,2026-03-08,Direct,Direct/None,0,Visitor,0
108347,2026-03-09,Email,Newsletter,0,Visitor,0
111434,2026-03-27,Direct,Direct/None,0,SQL,0
105597,2026-02-10,Social Media,LinkedIn Ads,35,MQL,0
103150,2026-02-23,Paid Search,Google Ads - Generic,0,Visitor,0
111145,2026-04-28,Direct,Direct/None,0,Visitor,0
109504,2026-06-01,Referral,Customer Referral Program,5,SQL,0
108515,2026-04-22,Email,Newsletter,0,Visitor,0
105807,2026-02-03,Social Media,Facebook Ads,0,Visitor,0
104111,2026-01-29,Paid Search,Google Ads - Generic,0,Visitor,0
111523,2026-05-30,Direct,Direct/None,0,Visitor,0
101799,2026-04-19,Organic Search,SEO - Product Pages,0,Visitor,0
108275,2026-02-15,Email,Newsletter,0,Visitor,0
110753,2026-05-04,Direct,Direct/None,0,Visitor,0
110136,2026-03-11,Referral,Customer Referral Program,0,Visitor,0
101989,2026-05-09,Organic Search,SEO - Blog,12,Lead,0
101575,2026-02-04,Organic Search,SEO - Blog,0,Visitor,0
111170,2026-05-18,Direct,Direct/None,0,Visitor,0
102724,2026-05-22,Organic Search,SEO - Product Pages,0,Visitor,0
111598,2026-05-31,Direct,Direct/None,0,Visitor,0
102059,2026-02-22,Organic Search,SEO - Product Pages,0,Visitor,0
109955,2026-01-08,Referral,Partner Referral,0,Visitor,0
109687,2026-05-04,Referral,Partner Referral,0,Visitor,0
110273,2026-05-14,Direct,Direct/None,0,Lead,0
109367,2026-03-24,Referral,Partner Referral,0,Visitor,0
104510,2026-03-07,Paid Search,Google Ads - Generic,48,Lead,0
110821,2026-02-12,Direct,Direct/None,0,Visitor,0
104262,2026-05-16,Paid Search,Google Ads - Generic,0,Visitor,0
109593,2026-03-27,Referral,Partner Referral,5,Customer,813
106252,2026-05-14,Social Media,LinkedIn Ads,0,Visitor,0
100615,2026-02-21,Organic Search,SEO - Product Pages,12,Lead,0
103094,2026-04-14,Paid Search,Google Ads - Brand,0,Visitor,0
103451,2026-05-12,Paid Search,Google Ads - Brand,0,Visitor,0
101015,2026-02-13,Organic Search,SEO - Blog,0,Visitor,0
111250,2026-05-07,Direct,Direct/None,0,Visitor,0
101717,2026-03-23,Organic Search,SEO - Blog,0,Visitor,0
103906,2026-06-10,Paid Search,Google Ads - Generic,0,Visitor,0
107501,2026-04-23,Social Media,Facebook Ads,0,Visitor,0
110374,2026-03-09,Direct,Direct/None,0,MQL,0
103419,2026-05-14,Paid Search,Google Ads - Generic,0,Visitor,0
104652,2026-03-17,Paid Search,Google Ads - Brand,48,MQL,0
103101,2026-04-29,Paid Search,Google Ads - Brand,0,Visitor,0
106465,2026-05-14,Social Media,Instagram Ads,0,Visitor,0
111925,2026-05-20,Direct,Direct/None,0,Visitor,0
101212,2026-06-06,Organic Search,SEO - Blog,0,Visitor,0
111900,2026-04-27,Direct,Direct/None,0,Visitor,0
108827,2026-06-04,Email,Product Drip Campaign,0,Visitor,0
109248,2026-03-21,Referral,Partner Referral,0,Visitor,0
110533,2026-05-13,Direct,Direct/None,0,Visitor,0
108989,2026-03-08,Email,Newsletter,0,Visitor,0
107087,2026-03-14,Social Media,Instagram Ads,0,Visitor,0
105188,2026-01-19,Paid Search,Google Ads - Brand,0,Visitor,0
104271,2026-05-28,Paid Search,Google Ads - Brand,0,Visitor,0
102815,2026-04-20,Organic Search,SEO - Blog,0,Visitor,0
101081,2026-03-16,Organic Search,SEO - Blog,0,Visitor,0
109847,2026-04-15,Referral,Partner Referral,0,Visitor,0
101608,2026-03-24,Organic Search,SEO - Blog,0,Visitor,0
108337,2026-03-26,Email,Newsletter,0,Visitor,0
104242,2026-04-03,Paid Search,Google Ads - Brand,0,Visitor,0
100091,2026-03-28,Organic Search,SEO - Blog,0,Visitor,0
107847,2026-04-23,Social Media,Instagram Ads,0,Visitor,0
107931,2026-03-29,Email,Product Drip Campaign,0,Visitor,0
100683,2026-02-13,Organic Search,SEO - Product Pages,0,Visitor,0
108042,2026-03-24,Email,Product Drip Campaign,0,Visitor,0
111624,2026-04-23,Direct,Direct/None,0,Visitor,0
108286,2026-05-23,Email,Product Drip Campaign,8,Lead,0
109027,2026-04-09,Email,Newsletter,0,Visitor,0
106053,2026-04-08,Social Media,Instagram Ads,35,Lead,0
111856,2026-05-02,Direct,Direct/None,0,Visitor,0
106006,2026-04-06,Social Media,Instagram Ads,0,Visitor,0
105132,2026-04-11,Paid Search,Google Ads - Brand,0,Visitor,0
101401,2026-03-30,Organic Search,SEO - Product Pages,0,Visitor,0
110484,2026-02-28,Direct,Unknown / Untagged,0,MQL,0
109693,2026-05-11,Referral,Partner Referral,0,Visitor,0
107256,2026-03-07,Social Media,Instagram Ads,0,Visitor,0
102263,2026-05-11,Organic Search,SEO - Blog,0,Visitor,0
109661,2026-06-28,Referral,Partner Referral,0,Visitor,0
103246,2026-03-26,Paid Search,Google Ads - Brand,0,Visitor,0
109191,2026-04-17,Referral,Partner Referral,0,Visitor,0
100854,2026-04-18,Organic Search,SEO - Product Pages,0,Visitor,0
109335,2026-02-25,Referral,Partner Referral,0,Visitor,0
107844,2026-03-09,Social Media,LinkedIn Ads,0,Visitor,0
102275,2026-04-23,Organic Search,SEO - Blog,0,Visitor,0
107041,2026-03-02,Social Media,Instagram Ads,0,Visitor,0
107563,2026-04-29,Social Media,LinkedIn Ads,0,Visitor,0
104498,2026-02-13,Paid Search,Unknown / Untagged,48,Lead,0
107573,2026-03-23,Social Media,Instagram Ads,0,Visitor,0
101104,2026-04-12,Organic Search,SEO - Blog,0,Visitor,0
100085,2026-03-15,Organic Search,SEO - Blog,0,Visitor,0
110403,2026-03-22,Direct,Direct/None,0,Visitor,0
105953,2026-04-16,Social Media,Facebook Ads,0,Visitor,0
104211,2026-06-20,Paid Search,Google Ads - Generic,0,Visitor,0
106815,2026-05-28,Social Media,LinkedIn Ads,0,Visitor,0
105682,2026-04-12,Social Media,Facebook Ads,0,Visitor,0
103441,2026-01-31,Paid Search,Google Ads - Brand,0,Visitor,0
101568,2026-05-13,Organic Search,SEO - Blog,0,Visitor,0
107034,2026-04-08,Social Media,Instagram Ads,35,Lead,0
105598,2026-06-13,Social Media,Instagram Ads,0,Visitor,0
101661,2026-05-11,Organic Search,SEO - Product Pages,0,Visitor,0
109749,2026-04-18,Referral,Customer Referral Program,5,Lead,0
103765,2026-04-02,Paid Search,Google Ads - Brand,48,Lead,0
103585,2026-01-11,Paid Search,Google Ads - Brand,0,Visitor,0
110078,2026-01-27,Referral,Partner Referral,0,Visitor,0
111337,2026-02-26,Direct,Direct/None,0,Lead,0
110059,2026-02-25,Referral,Customer Referral Program,5,Customer,1001
106952,2026-03-09,Social Media,LinkedIn Ads,0,Visitor,0
102875,2026-04-06,Organic Search,SEO - Blog,0,Visitor,0
111460,2026-04-11,Direct,Direct/None,0,Visitor,0
102885,2026-04-04,Paid Search,Google Ads - Generic,0,Visitor,0
111083,2026-05-20,Direct,Direct/None,0,Visitor,0
103008,2026-05-16,Paid Search,Google Ads - Brand,0,Visitor,0
101827,2026-04-11,Organic Search,SEO - Blog,0,Visitor,0
105930,2026-06-11,Social Media,LinkedIn Ads,0,Visitor,0
102641,2026-04-17,Organic Search,SEO - Blog,12,Lead,0
109718,2026-05-18,Referral,Partner Referral,5,Lead,0
109755,2026-04-10,Referral,Customer Referral Program,5,MQL,0
105702,2026-05-15,Social Media,LinkedIn Ads,0,Visitor,0
108536,2026-03-31,Email,Product Drip Campaign,0,Visitor,0
110735,2026-03-22,Direct,Direct/None,0,Visitor,0
111578,2026-04-07,Direct,Direct/None,0,Visitor,0
106438,2026-03-19,Social Media,Instagram Ads,0,Visitor,0
110605,2026-04-28,Direct,Direct/None,0,Lead,0
106323,2026-04-21,Social Media,Instagram Ads,0,Visitor,0
102708,2026-03-12,Organic Search,SEO - Blog,0,Visitor,0
106159,2026-04-08,Social Media,LinkedIn Ads,0,Visitor,0
107855,2026-02-11,Social Media,Instagram Ads,0,Visitor,0
109303,2026-02-01,Referral,Customer Referral Program,0,Visitor,0
111635,2026-05-26,Direct,Unknown / Untagged,0,Lead,0
102214,2026-04-25,Organic Search,SEO - Blog,12,Customer,1365
101360,2026-02-15,Organic Search,SEO - Blog,0,Visitor,0
102108,2026-06-14,Organic Search,SEO - Blog,0,Visitor,0
104806,2026-03-13,Paid Search,Google Ads - Generic,0,Visitor,0
105975,2026-05-01,Social Media,Instagram Ads,0,Visitor,0
106821,2026-02-27,Social Media,Facebook Ads,0,Visitor,0
109571,2026-05-21,Referral,Partner Referral,5,SQL,0
102829,2026-05-22,Organic Search,SEO - Blog,0,Visitor,0
100425,2026-06-14,Organic Search,SEO - Blog,12,SQL,0
100293,2026-04-01,Organic Search,SEO - Blog,12,Lead,0
101066,2026-03-28,Organic Search,SEO - Product Pages,0,Visitor,0
107018,2026-03-21,Social Media,Facebook Ads,0,Visitor,0
110570,2026-04-30,Direct,Direct/None,0,Visitor,0
105735,2026-02-03,Social Media,Instagram Ads,0,Visitor,0
105109,2026-04-03,Paid Search,Google Ads - Generic,0,Visitor,0
110320,2026-02-18,Direct,Direct/None,0,Visitor,0
109910,2026-04-13,Referral,Customer Referral Program,0,Visitor,0
107197,2026-04-22,Social Media,Facebook Ads,0,Visitor,0
100938,2026-05-13,Organic Search,SEO - Blog,0,Visitor,0
103780,2026-01-14,Paid Search,Google Ads - Generic,0,Visitor,0
106894,2026-04-05,Social Media,Facebook Ads,0,Visitor,0
108447,2026-04-08,Email,Newsletter,0,Visitor,0
111897,2026-04-28,Direct,Direct/None,0,Visitor,0
109675,2026-05-18,Referral,Customer Referral Program,0,Visitor,0
109137,2026-05-09,Referral,Customer Referral Program,5,Customer,1593
106281,2026-02-19,Social Media,Facebook Ads,0,Visitor,0
111376,2026-06-11,Direct,Direct/None,0,Visitor,0
103267,2026-06-04,Paid Search,Google Ads - Brand,0,Visitor,0
107347,2026-02-10,Social Media,LinkedIn Ads,0,Visitor,0
107724,2026-05-06,Social Media,Facebook Ads,0,Visitor,0
104820,2026-04-18,Paid Search,Google Ads - Generic,0,Visitor,0
111100,2026-05-20,Direct,Direct/None,0,Visitor,0
100970,2026-04-16,Organic Search,SEO - Product Pages,0,Visitor,0
100497,2026-03-01,Organic Search,SEO - Product Pages,0,Visitor,0
110022,2026-02-28,Referral,Partner Referral,5,SQL,0
110370,2026-05-28,Direct,Direct/None,0,Visitor,0
105836,2026-04-18,Social Media,Instagram Ads,0,Visitor,0
108530,2026-03-19,Email,Newsletter,0,Visitor,0
104705,2026-03-06,Paid Search,Google Ads - Generic,0,Visitor,0
101149,2026-06-05,Organic Search,SEO - Product Pages,0,Visitor,0
110436,2026-04-15,Direct,Direct/None,0,Visitor,0
105810,2026-01-19,Social Media,LinkedIn Ads,0,Visitor,0
105006,2026-04-11,Paid Search,Google Ads - Generic,0,Visitor,0
103969,2026-04-03,Paid Search,Google Ads - Generic,0,Visitor,0
102152,2026-03-23,Organic Search,SEO - Product Pages,0,Visitor,0
110203,2026-05-24,Direct,Direct/None,0,Visitor,0
107762,2026-06-07,Social Media,Instagram Ads,0,Visitor,0
102492,2026-05-21,Organic Search,SEO - Product Pages,0,Visitor,0
110003,2026-01-28,Referral,Partner Referral,5,Lead,0
110187,2026-05-04,Referral,Customer Referral Program,5,Lead,0
104816,2026-06-05,Paid Search,Google Ads - Brand,0,Visitor,0
111125,2026-04-27,Direct,Direct/None,0,Lead,0
102825,2026-05-23,Organic Search,SEO - Product Pages,0,Visitor,0
105666,2026-05-28,Social Media,Instagram Ads,0,Visitor,0
111090,2026-02-28,Direct,Direct/None,0,Visitor,0
107039,2026-05-23,Social Media,Instagram Ads,0,Visitor,0
102276,2026-05-10,Organic Search,SEO - Product Pages,12,MQL,0
108627,2026-02-27,Email,Product Drip Campaign,0,Visitor,0
108168,2026-04-04,Email,Product Drip Campaign,0,Visitor,0
105396,2026-05-05,Social Media,Facebook Ads,0,Visitor,0
106271,2026-04-11,Social Media,Instagram Ads,0,Visitor,0
111016,2026-02-12,Direct,Direct/None,0,Visitor,0
103756,2026-05-11,Paid Search,Google Ads - Brand,0,Visitor,0
107918,2026-03-10,Social Media,Facebook Ads,35,Lead,0
110697,2026-03-23,Direct,Direct/None,0,Visitor,0
107205,2026-04-07,Social Media,Facebook Ads,0,Visitor,0
103212,2026-04-23,Paid Search,Google Ads - Brand,0,Visitor,0
104309,2026-02-21,Paid Search,Google Ads - Brand,0,Visitor,0
104993,2026-06-11,Paid Search,Google Ads - Generic,0,Visitor,0
103541,2026-05-28,Paid Search,Google Ads - Generic,0,Visitor,0
111463,2026-04-26,Direct,Direct/None,0,Visitor,0
101942,2026-04-27,Organic Search,SEO - Blog,0,Visitor,0
110084,2026-04-24,Referral,Customer Referral Program,5,MQL,0
103600,2026-06-18,Paid Search,Google Ads - Generic,0,Visitor,0
105386,2026-04-15,Social Media,Instagram Ads,0,Visitor,0
109458,2026-03-04,Referral,Customer Referral Program,5,Lead,0
104439,2026-04-06,Paid Search,Google Ads - Generic,0,Visitor,0
102598,2026-02-26,Organic Search,SEO - Blog,0,Visitor,0
101411,2026-03-29,Organic Search,SEO - Blog,0,Visitor,0
101215,2026-03-14,Organic Search,SEO - Product Pages,0,Visitor,0
109159,2026-04-04,Referral,Customer Referral Program,5,SQL,0
109423,2026-04-18,Referral,Partner Referral,5,SQL,0
106440,2026-04-29,Social Media,LinkedIn Ads,0,Visitor,0
104792,2026-05-30,Paid Search,Google Ads - Brand,0,Visitor,0
107597,2026-06-07,Social Media,Facebook Ads,0,Visitor,0
106218,2026-04-07,Social Media,LinkedIn Ads,0,Visitor,0
100606,2026-04-21,Organic Search,SEO - Product Pages,0,Visitor,0
108297,2026-04-02,Email,Product Drip Campaign,0,Visitor,0
100646,2026-03-08,Organic Search,SEO - Blog,12,SQL,0
105501,2026-05-22,Social Media,Instagram Ads,0,Visitor,0
103089,2026-03-07,Paid Search,Google Ads - Brand,0,Visitor,0
109212,2026-03-21,Referral,Customer Referral Program,5,MQL,0
108284,2026-03-13,Email,Newsletter,0,Visitor,0
105209,2026-02-20,Paid Search,Google Ads - Brand,48,Lead,0
102871,2026-04-16,Organic Search,SEO - Product Pages,12,Lead,0
109101,2026-02-23,Email,Product Drip Campaign,0,Visitor,0
105571,2026-04-19,Social Media,LinkedIn Ads,0,Visitor,0
105838,2026-03-07,Social Media,Instagram Ads,0,Visitor,0
110343,2026-04-21,Direct,Direct/None,0,Visitor,0
108431,2026-03-08,Email,Newsletter,0,Visitor,0
103141,2026-03-08,Paid Search,Google Ads - Generic,0,Visitor,0
109135,2026-03-25,Referral,Customer Referral Program,5,SQL,0
109463,2026-04-24,Referral,Partner Referral,0,Visitor,0
100939,2026-05-15,Organic Search,SEO - Product Pages,0,Visitor,0
105521,2026-04-12,Social Media,LinkedIn Ads,0,Visitor,0
103230,2026-02-14,Paid Search,Google Ads - Brand,0,Visitor,0
111744,2026-04-28,Direct,Direct/None,0,SQL,0
101863,2026-05-22,Organic Search,SEO - Product Pages,0,Visitor,0
101670,2026-03-17,Organic Search,SEO - Product Pages,0,Visitor,0
108198,2026-04-24,Email,Product Drip Campaign,0,Visitor,0
104344,2026-05-29,Paid Search,Google Ads - Brand,0,Visitor,0
103944,2026-02-18,Paid Search,Google Ads - Brand,0,Visitor,0
103014,2026-03-20,Paid Search,Google Ads - Brand,0,Visitor,0
100019,2026-03-01,Organic Search,SEO - Blog,0,Visitor,0
107575,2026-05-15,Social Media,Facebook Ads,0,Visitor,0
110163,2026-02-05,Referral,Customer Referral Program,5,MQL,0
110902,2026-03-19,Direct,Direct/None,0,Visitor,0
110425,2026-04-29,Direct,Direct/None,0,Visitor,0
106578,2026-04-10,Social Media,Facebook Ads,0,Visitor,0
109004,2026-05-08,Email,Product Drip Campaign,0,Visitor,0
109493,2026-05-24,Referral,Partner Referral,5,Lead,0
105432,2026-02-06,Social Media,Instagram Ads,0,Visitor,0
108453,2026-04-24,Email,Product Drip Campaign,0,Visitor,0
109997,2026-04-13,Referral,Customer Referral Program,0,Visitor,0
101571,2026-02-26,Organic Search,Unknown / Untagged,0,Visitor,0
110647,2026-06-15,Direct,Direct/None,0,Visitor,0
101744,2026-04-28,Organic Search,Unknown / Untagged,0,Visitor,0
107010,2026-02-09,Social Media,Instagram Ads,0,Visitor,0
109823,2026-01-09,Referral,Partner Referral,0,Visitor,0
109909,2026-03-17,Referral,Partner Referral,5,SQL,0
100521,2026-04-11,Organic Search,SEO - Product Pages,0,Visitor,0
103938,2026-01-26,Paid Search,Google Ads - Generic,48,Lead,0
111675,2026-02-13,Direct,Direct/None,0,Visitor,0
101659,2026-02-04,Organic Search,SEO - Blog,0,Visitor,0
103473,2026-05-06,Paid Search,Google Ads - Brand,0,Visitor,0
102476,2026-05-05,Organic Search,SEO - Product Pages,0,Visitor,0
103949,2026-02-26,Paid Search,Google Ads - Generic,48,SQL,0
103935,2026-05-29,Paid Search,Google Ads - Generic,48,Lead,0
111838,2026-04-19,Direct,Direct/None,0,Lead,0
107154,2026-03-13,Social Media,Facebook Ads,0,Visitor,0
100764,2026-01-26,Organic Search,SEO - Product Pages,0,Visitor,0
104704,2026-06-19,Paid Search,Google Ads - Brand,0,Visitor,0
107237,2026-05-01,Social Media,LinkedIn Ads,0,Visitor,0
108028,2026-01-18,Email,Product Drip Campaign,8,MQL,0
104428,2026-04-15,Paid Search,Google Ads - Brand,0,Visitor,0
107659,2026-04-16,Social Media,Instagram Ads,35,Lead,0
107730,2026-05-01,Social Media,Instagram Ads,0,Visitor,0
101092,2026-02-14,Organic Search,SEO - Product Pages,12,MQL,0
103609,2026-03-10,Paid Search,Google Ads - Brand,0,Visitor,0
101102,2026-03-27,Organic Search,SEO - Blog,0,Visitor,0
107380,2026-03-20,Social Media,Instagram Ads,0,Visitor,0
100959,2026-03-04,Organic Search,SEO - Product Pages,12,MQL,0
100560,2026-02-11,Organic Search,SEO - Product Pages,0,Visitor,0
106991,2026-02-27,Social Media,Instagram Ads,0,Visitor,0
106835,2026-05-30,Social Media,Facebook Ads,0,Visitor,0
101520,2026-03-22,Organic Search,SEO - Blog,0,Visitor,0
108840,2026-05-04,Email,Product Drip Campaign,0,Visitor,0
106129,2026-04-01,Social Media,Facebook Ads,0,Visitor,0
102485,2026-04-28,Organic Search,SEO - Product Pages,0,Visitor,0
106635,2026-05-03,Social Media,Facebook Ads,0,Visitor,0
100367,2026-03-01,Organic Search,SEO - Blog,0,Visitor,0
107532,2026-02-26,Social Media,Instagram Ads,0,Visitor,0
109765,2026-04-04,Referral,Partner Referral,0,Visitor,0
100809,2026-01-26,Organic Search,SEO - Blog,0,Visitor,0
111425,2026-04-13,Direct,Direct/None,0,Lead,0
108204,2026-03-07,Email,Newsletter,8,MQL,0
110218,2026-04-23,Direct,Direct/None,0,MQL,0
105014,2026-04-18,Paid Search,Google Ads - Brand,0,Visitor,0
107686,2026-01-14,Social Media,Instagram Ads,0,Visitor,0
106784,2026-04-18,Social Media,Facebook Ads,0,Visitor,0
108369,2026-03-01,Email,Newsletter,0,Visitor,0
110681,2026-03-22,Direct,Direct/None,0,Visitor,0
102570,2026-04-09,Organic Search,SEO - Blog,0,Visitor,0
103521,2026-04-18,Paid Search,Google Ads - Generic,48,Lead,0
103283,2026-04-15,Paid Search,Google Ads - Generic,48,Customer,1519
101665,2026-03-22,Organic Search,SEO - Blog,0,Visitor,0
110384,2026-03-14,Direct,Direct/None,0,Visitor,0
103371,2026-05-16,Paid Search,Google Ads - Generic,48,MQL,0
106967,2026-03-16,Social Media,Facebook Ads,0,Visitor,0
108116,2026-05-27,Email,Product Drip Campaign,0,Visitor,0
106573,2026-04-18,Social Media,Instagram Ads,0,Visitor,0
110853,2026-02-17,Direct,Direct/None,0,MQL,0
107928,2026-04-09,Email,Newsletter,0,Visitor,0
104253,2026-03-09,Paid Search,Google Ads - Brand,48,MQL,0
106684,2026-06-05,Social Media,Instagram Ads,0,Visitor,0
103579,2026-05-01,Paid Search,Google Ads - Generic,0,Visitor,0
110239,2026-06-09,Direct,Direct/None,0,Lead,0
105947,2026-04-06,Social Media,Facebook Ads,0,Visitor,0
106606,2026-03-05,Social Media,Facebook Ads,0,Visitor,0
102625,2026-04-28,Organic Search,SEO - Product Pages,0,Visitor,0
111603,2026-05-05,Direct,Direct/None,0,Visitor,0
106400,2026-05-18,Social Media,Instagram Ads,0,Visitor,0
106102,2026-03-24,Social Media,Facebook Ads,0,Visitor,0
109378,2026-03-22,Referral,Customer Referral Program,0,Visitor,0
101007,2026-04-11,Organic Search,SEO - Product Pages,0,Visitor,0
111762,2026-04-27,Direct,Direct/None,0,Visitor,0
111930,2026-02-25,Direct,Direct/None,0,Visitor,0
102050,2026-02-26,Organic Search,SEO - Blog,0,Visitor,0
104012,2026-01-25,Paid Search,Google Ads - Brand,0,Visitor,0
100270,2026-04-03,Organic Search,SEO - Blog,0,Visitor,0
101994,2026-04-20,Organic Search,SEO - Product Pages,0,Visitor,0
100266,2026-04-22,Organic Search,SEO - Product Pages,0,Visitor,0
109107,2026-04-20,Email,Product Drip Campaign,8,Lead,0
110471,2026-04-22,Direct,Direct/None,0,Visitor,0
110424,2026-03-21,Direct,Direct/None,0,Visitor,0
108049,2026-05-29,Email,Product Drip Campaign,0,Visitor,0
100291,2026-05-29,Organic Search,SEO - Product Pages,0,Visitor,0
102913,2026-03-17,Paid Search,Google Ads - Brand,0,Visitor,0
110286,2026-03-10,Direct,Direct/None,0,Visitor,0
106543,2026-03-01,Social Media,LinkedIn Ads,0,Visitor,0
109845,2026-03-20,Referral,Partner Referral,5,Customer,1444
104142,2026-05-05,Paid Search,Google Ads - Brand,0,Visitor,0
104258,2026-05-27,Paid Search,Google Ads - Generic,48,MQL,0
111232,2026-03-23,Direct,Direct/None,0,Visitor,0
106872,2026-01-12,Social Media,LinkedIn Ads,0,Visitor,0
110870,2026-04-27,Direct,Direct/None,0,Visitor,0
100289,2026-01-19,Organic Search,SEO - Product Pages,0,Visitor,0
107758,2026-03-26,Social Media,Instagram Ads,0,Visitor,0
103108,2026-04-23,Paid Search,Google Ads - Brand,0,Visitor,0
108070,2026-03-20,Email,Newsletter,0,Visitor,0
106045,2026-04-11,Social Media,Unknown / Untagged,0,Visitor,0
100576,2026-04-03,Organic Search,SEO - Blog,0,Visitor,0
100851,2026-03-23,Organic Search,SEO - Blog,0,Visitor,0
107484,2026-05-14,Social Media,Instagram Ads,0,Visitor,0
105351,2026-04-16,Social Media,LinkedIn Ads,0,Visitor,0
109915,2026-03-30,Referral,Customer Referral Program,5,Customer,1435
106230,2026-04-26,Social Media,Facebook Ads,0,Visitor,0
103950,2026-01-31,Paid Search,Google Ads - Brand,48,MQL,0
109293,2026-04-01,Referral,Customer Referral Program,0,Visitor,0
107802,2026-03-29,Social Media,Facebook Ads,0,Visitor,0
109400,2026-02-05,Referral,Partner Referral,0,Visitor,0
101844,2026-02-05,Organic Search,SEO - Blog,0,Visitor,0
101849,2026-04-16,Organic Search,SEO - Product Pages,12,Lead,0
110717,2026-04-14,Direct,Direct/None,0,Lead,0
103948,2026-04-04,Paid Search,Google Ads - Brand,0,Visitor,0
101695,2026-05-12,Organic Search,SEO - Product Pages,0,Visitor,0
104182,2026-02-21,Paid Search,Google Ads - Brand,0,Visitor,0
106370,2026-04-02,Social Media,LinkedIn Ads,0,Visitor,0
100234,2026-03-09,Organic Search,SEO - Blog,0,Visitor,0
111525,2026-04-05,Direct,Direct/None,0,Visitor,0
102648,2026-05-24,Organic Search,SEO - Blog,0,Visitor,0
101712,2026-05-12,Organic Search,SEO - Blog,0,Visitor,0
108375,2026-05-09,Email,Product Drip Campaign,0,Visitor,0
105097,2026-04-25,Paid Search,Google Ads - Generic,0,Visitor,0
105738,2026-04-22,Social Media,Instagram Ads,0,Visitor,0
105453,2026-02-23,Social Media,Facebook Ads,0,Visitor,0
101463,2026-05-19,Organic Search,SEO - Product Pages,12,SQL,0
100050,2026-02-05,Organic Search,SEO - Product Pages,0,Visitor,0
106674,2026-02-11,Social Media,LinkedIn Ads,0,Visitor,0
105355,2026-04-08,Social Media,Facebook Ads,0,Visitor,0
106005,2026-04-24,Social Media,LinkedIn Ads,0,Visitor,0
107791,2026-02-27,Social Media,Instagram Ads,0,Visitor,0
108299,2026-05-12,Email,Product Drip Campaign,8,MQL,0
100444,2026-05-26,Organic Search,SEO - Blog,0,Visitor,0
110147,2026-04-14,Referral,Customer Referral Program,0,Visitor,0
107657,2026-02-02,Social Media,Facebook Ads,0,Visitor,0
104743,2026-03-18,Paid Search,Google Ads - Brand,0,Visitor,0
107181,2026-03-19,Social Media,Facebook Ads,0,Visitor,0
100727,2026-02-22,Organic Search,SEO - Product Pages,0,Visitor,0
102239,2026-05-19,Organic Search,SEO - Blog,0,Visitor,0
107933,2026-05-05,Email,Product Drip Campaign,0,Visitor,0
102331,2026-03-28,Organic Search,Unknown / Untagged,0,Visitor,0
104126,2026-04-15,Paid Search,Google Ads - Brand,0,Visitor,0
100170,2026-04-07,Organic Search,SEO - Blog,0,Visitor,0
101002,2026-04-11,Organic Search,SEO - Product Pages,0,Visitor,0
103253,2026-06-13,Paid Search,Google Ads - Generic,48,Customer,1838
102149,2026-01-19,Organic Search,SEO - Product Pages,0,Visitor,0
100198,2026-03-15,Organic Search,SEO - Product Pages,0,Visitor,0
106123,2026-03-22,Social Media,LinkedIn Ads,0,Visitor,0
103794,2026-01-22,Paid Search,Google Ads - Brand,0,Visitor,0
100648,2026-04-24,Organic Search,SEO - Blog,12,MQL,0
111228,2026-04-22,Direct,Direct/None,0,Visitor,0
104141,2026-03-22,Paid Search,Google Ads - Brand,0,Visitor,0
111926,2026-03-01,Direct,Direct/None,0,Visitor,0
102759,2026-05-03,Organic Search,SEO - Blog,0,Visitor,0
108566,2026-05-09,Email,Newsletter,0,Visitor,0
108759,2026-06-10,Email,Product Drip Campaign,0,Visitor,0
111913,2026-05-04,Direct,Direct/None,0,Visitor,0
111088,2026-05-02,Direct,Direct/None,0,Visitor,0
103486,2026-03-11,Paid Search,Google Ads - Generic,0,Visitor,0
101156,2026-03-31,Organic Search,SEO - Product Pages,0,Visitor,0
104136,2026-04-16,Paid Search,Google Ads - Generic,0,Visitor,0
103288,2026-04-07,Paid Search,Google Ads - Generic,48,Lead,0
107152,2026-05-29,Social Media,Facebook Ads,0,Visitor,0
111820,2026-04-18,Direct,Direct/None,0,Visitor,0
103639,2026-03-28,Paid Search,Google Ads - Brand,0,Visitor,0
105883,2026-04-19,Social Media,Facebook Ads,0,Visitor,0
105595,2026-05-22,Social Media,Instagram Ads,35,SQL,0
106601,2026-05-07,Social Media,Instagram Ads,0,Visitor,0
110028,2026-02-18,Referral,Partner Referral,0,Visitor,0
102309,2026-04-18,Organic Search,SEO - Product Pages,0,Visitor,0
110033,2026-02-24,Referral,Partner Referral,0,Visitor,0
106032,2026-04-23,Social Media,LinkedIn Ads,0,Visitor,0
102045,2026-02-22,Organic Search,SEO - Blog,0,Visitor,0
104373,2026-02-08,Paid Search,Google Ads - Brand,0,Visitor,0
104733,2026-04-01,Paid Search,Google Ads - Generic,0,Visitor,0
104719,2026-05-01,Paid Search,Google Ads - Generic,0,Visitor,0
105956,2026-05-26,Social Media,LinkedIn Ads,0,Visitor,0
100845,2026-04-26,Organic Search,SEO - Product Pages,0,Visitor,0
104490,2026-04-29,Paid Search,Google Ads - Brand,0,Visitor,0
107914,2026-04-27,Social Media,Facebook Ads,0,Visitor,0
110348,2026-04-22,Direct,Direct/None,0,Lead,0
100350,2026-03-29,Organic Search,SEO - Product Pages,0,Visitor,0
106669,2026-05-12,Social Media,Facebook Ads,0,Visitor,0
100785,2026-03-21,Organic Search,SEO - Product Pages,12,Lead,0
108240,2026-04-08,Email,Product Drip Campaign,8,Lead,0
111844,2026-03-20,Direct,Direct/None,0,Visitor,0
105752,2026-02-28,Social Media,Instagram Ads,0,Visitor,0
104019,2026-05-24,Paid Search,Google Ads - Generic,48,Lead,0
101440,2026-05-05,Organic Search,SEO - Blog,0,Visitor,0
106098,2026-05-14,Social Media,LinkedIn Ads,0,Visitor,0
105086,2026-04-01,Paid Search,Google Ads - Brand,0,Visitor,0
110058,2026-04-05,Referral,Partner Referral,0,Visitor,0
106886,2026-01-10,Social Media,LinkedIn Ads,0,Visitor,0
107866,2026-04-21,Social Media,Instagram Ads,0,Visitor,0
105407,2026-05-08,Social Media,Instagram Ads,0,Visitor,0
111388,2026-01-30,Direct,Direct/None,0,MQL,0
108226,2026-03-11,Email,Product Drip Campaign,8,SQL,0
100788,2026-03-06,Organic Search,SEO - Blog,0,Visitor,0
107685,2026-05-22,Social Media,LinkedIn Ads,0,Visitor,0
105140,2026-05-04,Paid Search,Google Ads - Generic,0,Visitor,0
104578,2026-05-31,Paid Search,Google Ads - Brand,0,Visitor,0
105340,2026-02-01,Social Media,Facebook Ads,0,Visitor,0
108060,2026-04-01,Email,Product Drip Campaign,0,Visitor,0
102628,2026-04-14,Organic Search,SEO - Blog,0,Visitor,0
100932,2026-04-30,Organic Search,SEO - Blog,0,Visitor,0
102405,2026-04-15,Organic Search,SEO - Product Pages,0,Visitor,0
109878,2026-04-24,Referral,Partner Referral,0,Visitor,0
101249,2026-03-01,Organic Search,SEO - Product Pages,12,Lead,0
104856,2026-03-18,Paid Search,Unknown / Untagged,48,Lead,0
100093,2026-06-01,Organic Search,SEO - Product Pages,0,Visitor,0
105512,2026-03-05,Social Media,Instagram Ads,0,Visitor,0
105438,2026-03-23,Social Media,LinkedIn Ads,0,Visitor,0
110986,2026-04-13,Direct,Direct/None,0,Visitor,0
106424,2026-01-29,Social Media,LinkedIn Ads,0,Visitor,0
100765,2026-04-24,Organic Search,SEO - Blog,0,Visitor,0
106749,2026-04-14,Social Media,LinkedIn Ads,35,MQL,0
111181,2026-04-24,Direct,Direct/None,0,Visitor,0
105470,2026-03-19,Social Media,Facebook Ads,0,Visitor,0
106048,2026-04-10,Social Media,Facebook Ads,0,Visitor,0
110641,2026-05-12,Direct,Direct/None,0,Visitor,0
109921,2026-04-20,Referral,Customer Referral Program,0,Visitor,0
100258,2026-04-06,Organic Search,SEO - Product Pages,0,Visitor,0
107241,2026-04-29,Social Media,LinkedIn Ads,0,Visitor,0
109412,2026-04-25,Referral,Partner Referral,0,Visitor,0
107652,2026-03-18,Social Media,Instagram Ads,0,Visitor,0
109354,2026-05-22,Referral,Partner Referral,0,Visitor,0
108965,2026-05-06,Email,Newsletter,8,SQL,0
105583,2026-04-16,Social Media,LinkedIn Ads,0,Visitor,0
108505,2026-01-29,Email,Product Drip Campaign,0,Visitor,0
104860,2026-04-09,Paid Search,Google Ads - Generic,0,Visitor,0
101177,2026-04-15,Organic Search,SEO - Blog,0,Visitor,0
103897,2026-01-11,Paid Search,Google Ads - Generic,0,Visitor,0
109542,2026-04-25,Referral,Partner Referral,5,Lead,0
111968,2026-04-25,Direct,Direct/None,0,Visitor,0
111309,2026-04-06,Direct,Direct/None,0,Visitor,0
103517,2026-03-11,Paid Search,Google Ads - Generic,48,Lead,0
107956,2026-06-19,Email,Product Drip Campaign,8,MQL,0
110491,2026-05-08,Direct,Direct/None,0,Visitor,0
111064,2026-03-12,Direct,Direct/None,0,Visitor,0
107681,2026-03-07,Social Media,LinkedIn Ads,0,Visitor,0
107085,2026-04-11,Social Media,LinkedIn Ads,35,MQL,0
108584,2026-04-30,Email,Newsletter,0,Visitor,0
106016,2026-02-09,Social Media,Instagram Ads,0,Visitor,0
101457,2026-04-20,Organic Search,SEO - Product Pages,0,Visitor,0
101093,2026-04-29,Organic Search,SEO - Blog,0,Visitor,0
106119,2026-03-19,Social Media,LinkedIn Ads,0,Visitor,0
103240,2026-03-19,Paid Search,Google Ads - Brand,48,MQL,0
110971,2026-04-07,Direct,Direct/None,0,Customer,1344
104442,2026-04-02,Paid Search,Google Ads - Generic,48,MQL,0
111849,2026-04-07,Direct,Direct/None,0,Visitor,0
102584,2026-04-22,Organic Search,SEO - Blog,0,Visitor,0
107567,2026-04-24,Social Media,Facebook Ads,0,Visitor,0
111450,2026-05-16,Direct,Direct/None,0,Visitor,0
101373,2026-03-25,Organic Search,SEO - Blog,0,Visitor,0
100920,2026-03-30,Organic Search,SEO - Blog,0,Visitor,0
104308,2026-05-03,Paid Search,Google Ads - Generic,0,Visitor,0
105700,2026-01-22,Social Media,Instagram Ads,0,Visitor,0
110743,2026-04-04,Direct,Direct/None,0,Lead,0
100538,2026-05-19,Organic Search,SEO - Blog,12,Customer,824
109413,2026-05-04,Referral,Customer Referral Program,5,Customer,1251
